time_sec,motor_spread,max_pwm,roll_error,label
315.474256,157,1257,2.13,0
315.574668,160,1260,2.12,0
315.674661,159,1259,2.11,0
315.775167,158,1258,2.1,0
315.875243,159,1259,2.12,0
315.975283,298,1398,2.12,0
316.075321,161,1261,2.07,0
316.175783,308,1408,2.09,0
316.27612,398,1498,2.05,0
316.376221,183,1372,2.03,0
316.47623,505,1605,2.15,0
316.576576,11,1374,2.13,0
316.676744,542,1642,2.03,0
316.776756,172,1530,1.85,0
316.876809,303,1617,1.83,0
316.977151,222,1628,1.98,0
317.07715,112,1619,1.57,0
317.17727,153,1704,0.77,0
317.277093,249,1742,1.1,0
317.377122,191,1733,1.82,0
317.477099,122,1731,1.97,0
317.577066,84,1692,0.8700000000000001,0
317.677123,167,1740,0.78,0
317.777599,68,1674,1.26,0
317.877566,48,1661,1.0899999999999999,0
317.978084,55,1662,0.96,0
318.07801,66,1683,0.85,0
318.178012,100,1672,0.77,0
318.278104,118,1684,0.62,0
318.378251,41,1643,0.76,0
318.478021,54,1646,0.53,0
318.578194,113,1677,0.23,0
318.67811,63,1648,0.32,0
318.778536,125,1680,0.04,0
318.878362,124,1689,0.18,0
318.978365,92,1661,0.010000000000000009,0
319.078667,89,1650,0.29000000000000004,0
319.178577,83,1657,0.27,0
319.278752,33,1629,0.15000000000000002,0
319.378339,24,1622,0.13,0
319.478311,68,1637,0.57,0
319.578257,36,1610,0.26,0
319.678396,45,1613,0.8,0
319.778361,43,1609,0.32,0
319.878549,29,1603,0.5900000000000001,0
319.979229,58,1620,0.12,0
320.079245,44,1614,0.43,0
320.179217,64,1637,0.02,0
320.279403,30,1613,0.21,0
320.379427,64,1641,0.27,0
320.47926,55,1632,0.07,0
320.579227,38,1635,0.1,0
320.679188,51,1632,0.06,0
320.779269,70,1658,0.35,0
320.879271,51,1641,0.01,0
320.979232,86,1651,0.27,0
321.079225,85,1658,0.32,0
321.179683,72,1654,0.19,0
321.279555,172,1695,0.22999999999999998,0
321.379793,55,1642,0.3200000000000003,0
321.479607,44,1645,0.2699999999999996,0
321.579754,44,1647,0.20999999999999996,0
321.679857,36,1643,0.02999999999999936,0
321.779811,67,1651,0.07000000000000028,0
321.880096,82,1663,0.28999999999999915,0
321.980328,17,1638,0.07000000000000028,0
322.080404,55,1655,0.1999999999999993,0
322.180355,56,1648,0.009999999999999787,0
322.2803,100,1664,0.20999999999999908,0
322.379908,145,1675,0.5999999999999996,0
322.479985,69,1661,0.3099999999999996,0
322.579724,74,1668,0.3999999999999999,0
322.679736,91,1680,0.77,0
322.7797,161,1701,0.21999999999999997,0
322.879848,40,1639,0.5100000000000002,0
322.980181,153,1704,0.4899999999999993,0
323.079719,125,1690,1.3399999999999999,0
323.179716,33,1635,0.010000000000000231,0
323.279744,108,1670,0.52,0
323.381053,64,1646,0.48,0
323.481253,27,1635,0.31999999999999995,0
323.580928,104,1674,0.43,0
323.681038,80,1654,0.5,0
323.780883,228,1727,0.04999999999999993,0
323.881386,149,1672,0.26,0
323.981374,42,1637,0.35,0
324.081147,60,1644,0.42,0
324.181248,40,1647,0.04,0
324.281257,91,1678,0.3,0
324.38131,43,1643,0.21000000000000008,0
324.481319,96,1669,0.4600000000000001,0
324.581406,34,1639,0.34999999999999987,0
324.681315,117,1676,0.2799999999999998,0
324.78127,126,1678,0.040000000000000036,0
324.881297,60,1650,0.08000000000000007,0
324.981547,158,1699,0.26,0
325.081304,55,1650,0.20999999999999996,0
325.181247,133,1695,0.51,0
325.2813,58,1660,0.5800000000000001,0
325.3813,70,1659,0.1800000000000006,0
325.48128,37,1634,0.11000000000000032,0
325.581766,113,1686,0.40000000000000036,0
325.681405,83,1669,0.02999999999999936,0
325.781527,180,1705,0.1299999999999999,0
325.881676,114,1664,0.3700000000000001,0
325.981582,71,1650,0.15000000000000002,0
326.081666,45,1642,0.050000000000000044,0
326.181715,144,1691,0.16999999999999993,0
326.281587,32,1628,0.15000000000000036,0
326.381619,175,1694,0.0,0
326.481631,97,1649,0.08999999999999986,0
326.582118,95,1674,0.5999999999999996,0
326.682191,104,1678,0.16999999999999993,0
326.782223,22,1630,0.379999999999999,0
326.882138,54,1649,0.11000000000000121,0
326.982375,78,1660,0.33999999999999986,0
327.082439,52,1643,0.09999999999999964,0
327.182671,21,1634,0.7699999999999998,0
327.282506,85,1660,0.62,0
327.382704,35,1641,0.22,0
327.482738,67,1651,0.37,0
327.582701,66,1660,0.19999999999999996,0
327.682983,96,1679,0.010000000000000231,0
327.782635,102,1668,0.16000000000000014,0
327.88269,173,1688,0.22999999999999954,0
327.982718,216,1702,0.4099999999999997,0
328.08263,85,1662,0.0,0
328.182658,44,1631,0.05999999999999994,0
328.282696,61,1650,0.18,0
328.382644,81,1655,0.28,0
328.482667,34,1635,0.049999999999999996,0
328.582953,62,1666,0.21000000000000002,0
328.682692,95,1677,0.30000000000000004,0
328.782849,104,1682,0.36,0
328.882738,106,1690,0.41,0
328.983215,72,1673,0.31,0
329.083184,22,1647,0.09,0
329.184003,39,1655,0.02,0
329.284137,58,1655,0.13,0
329.383571,84,1668,0.26,0
329.483694,83,1673,0.29,0
329.583536,59,1664,0.05,0
329.683603,81,1673,0.15,0
329.783616,56,1650,0.06,0
329.88348,28,1635,0.15,0
329.983546,55,1660,0.15,0
330.083393,88,1665,0.18,0
330.183374,53,1638,0.02,0
330.283534,42,1630,0.39,0
330.38468,74,1650,0.030000000000000002,0
330.485786,27,1622,0.06,0
330.586799,25,1628,0.17,0
330.687752,75,1664,0.06999999999999999,0
330.789548,88,1656,0.37,0
330.890421,60,1645,0.39,0
330.991807,87,1672,0.07000000000000003,0
331.092785,109,1690,0.14,0
331.194208,76,1651,0.21999999999999997,0
331.295385,97,1692,0.08000000000000007,0
331.397096,129,1700,0.3799999999999999,0
331.498193,65,1655,0.09999999999999998,0
331.599213,140,1698,0.2300000000000001,0
331.700238,78,1663,0.1399999999999999,0
331.801304,118,1678,0.11000000000000004,0
331.904815,91,1666,0.06,0
332.005843,199,1705,0.030000000000000027,0
332.106978,82,1659,0.15999999999999998,0
332.20866,118,1671,0.44999999999999996,0
332.309672,90,1643,0.52,0
332.411054,91,1653,0.21000000000000002,0
332.511794,93,1664,0.25,0
332.613206,70,1650,0.11,0
332.713797,138,1669,0.22,0
332.815119,78,1643,0.12,0
332.916258,84,1655,0.26,0
333.018,130,1665,0.2,0
333.118766,136,1657,0.02,0
333.220201,163,1671,0.05,0
333.321251,53,1640,0.04,0
333.422276,95,1650,0.07,0
333.524118,148,1669,0.15,0
333.624673,123,1681,0.27,0
333.726089,134,1684,0.25,0
333.827627,124,1662,0.12,0
333.928875,200,1695,0.04999999999999993,0
334.029533,162,1683,0.04999999999999982,0
334.130618,193,1721,0.44000000000000017,0
334.231646,292,1695,0.17999999999999972,0
334.333557,236,1742,0.4700000000000002,0
334.434091,118,1657,0.40000000000000036,0
334.535441,179,1688,0.5200000000000005,0
334.636572,166,1655,0.15000000000000036,0
334.738285,237,1662,0.040000000000000036,0
334.839294,187,1726,0.6399999999999997,0
334.940224,186,1667,0.17999999999999972,0
335.041049,166,1709,0.16000000000000014,0
335.14208,183,1668,0.34999999999999964,0
335.243245,179,1703,0.620000000000001,0
335.346254,152,1655,0.07000000000000028,0
335.447161,143,1697,0.3999999999999986,0
335.548571,112,1639,0.02999999999999936,0
335.650131,180,1662,0.5200000000000014,0
335.750785,127,1687,0.1399999999999988,0
335.852031,247,1690,0.33999999999999986,0
335.952997,99,1641,0.0,0
336.054147,83,1641,0.17999999999999972,0
336.155369,115,1662,0.34999999999999964,0
336.256287,90,1637,0.09999999999999964,0
336.357074,194,1675,0.030000000000001137,0
336.458151,147,1693,0.27999999999999936,0
336.559298,161,1649,0.03999999999999915,0
336.660794,136,1645,0.34999999999999964,0
336.763039,194,1659,0.09999999999999964,0
336.863752,105,1669,0.3200000000000003,0
336.965235,137,1648,0.2400000000000002,0
337.066522,147,1653,0.6399999999999988,0
337.167257,145,1657,0.2900000000000009,0
337.268318,159,1664,0.08999999999999986,0
337.369857,139,1659,0.34999999999999964,0
337.471005,137,1652,0.23000000000000043,0
337.572065,196,1678,0.08999999999999986,0
337.673092,95,1648,0.5399999999999991,0
337.774542,158,1670,0.08000000000000007,0
337.875231,229,1692,0.3100000000000005,0
337.976186,75,1646,0.5099999999999998,0
338.077353,184,1661,0.120000000000001,0
338.178336,189,1695,0.6899999999999995,0
338.279802,265,1704,0.10999999999999943,0
338.380887,144,1696,0.3800000000000008,0
338.481769,238,1686,0.25,0
338.582792,127,1693,0.3899999999999988,0
338.68386,140,1676,0.14999999999999858,0
338.785046,277,1743,0.3600000000000012,0
338.886248,248,1728,0.40000000000000036,0
338.987204,93,1647,0.09999999999999964,0
339.088183,173,1700,0.3100000000000005,0
339.18904,142,1682,0.019999999999999574,0
339.290195,97,1662,0.40000000000000036,0
339.391926,115,1652,0.5600000000000005,0
339.492924,189,1685,0.3000000000000007,0
339.594107,163,1684,0.07000000000000028,0
339.694874,104,1668,0.16000000000000014,0
339.796302,138,1683,0.21000000000000085,0
339.897579,110,1678,0.3999999999999986,0
339.998751,83,1659,0.4900000000000002,0
340.099625,199,1691,0.8300000000000001,0
340.201172,130,1699,0.75,0
340.304629,122,1695,0.030000000000001137,0
340.405657,102,1667,1.040000000000001,0
340.506648,160,1699,0.6699999999999999,0
340.608256,186,1696,0.5099999999999998,0
340.708826,228,1702,0.5099999999999998,0
340.810232,94,1674,0.47000000000000064,0
340.911619,173,1715,0.40999999999999837,0
341.013145,105,1664,0.5499999999999989,0
341.113819,161,1691,0.5299999999999994,0
341.215228,150,1703,0.6199999999999992,0
341.316548,147,1704,0.9399999999999995,0
341.417436,199,1699,0.5800000000000001,0
341.519365,189,1724,0.120000000000001,0
341.620317,118,1685,0.3699999999999992,0
341.721352,147,1676,0.6100000000000012,0
341.822631,159,1677,0.2599999999999998,0
341.923827,140,1690,0.2599999999999998,0
342.025277,119,1683,0.05999999999999872,0
342.125979,145,1691,0.0,0
342.226982,124,1703,0.1899999999999995,0
342.328311,146,1704,0.16999999999999993,0
342.429224,123,1691,0.08999999999999986,0
342.530398,112,1689,0.17999999999999972,0
342.631261,222,1706,0.25,0
342.732414,125,1657,0.34999999999999964,0
342.834359,223,1696,0.05000000000000071,0
342.935644,160,1678,0.16000000000000014,0
343.036543,159,1714,0.41999999999999993,0
343.137755,148,1664,0.02999999999999936,0
343.238817,235,1701,0.21000000000000085,0
343.340623,129,1672,0.2599999999999998,0
343.441527,163,1689,0.29999999999999893,0
343.542295,135,1661,0.02999999999999936,0
343.643427,276,1721,0.4300000000000015,0
343.744543,205,1705,0.40999999999999837,0
343.846267,226,1693,0.009999999999999787,0
343.947171,203,1684,0.5400000000000009,0
344.047815,140,1681,0.02999999999999936,0
344.149257,302,1715,0.33999999999999986,0
344.250177,148,1702,0.4299999999999997,0
344.352113,301,1687,0.5,0
344.453251,211,1651,0.07000000000000028,0
344.55514,185,1724,0.14000000000000057,0
344.655961,102,1655,0.33999999999999986,0
344.75735,213,1678,0.009999999999999787,0
344.858524,106,1676,0.41000000000000014,0
344.960167,89,1650,0.2500000000000018,0
345.061351,195,1675,0.41000000000000014,0
345.162083,152,1705,0.00999999999999801,0
345.26313,253,1697,0.28000000000000114,0
345.364755,207,1732,0.620000000000001,0
345.466126,214,1691,0.13000000000000256,0
345.567021,157,1695,0.33999999999999986,0
345.668841,221,1678,0.17999999999999972,0
345.769314,129,1678,0.240000000000002,0
345.870594,376,1728,0.060000000000002274,0
345.972098,159,1701,0.5500000000000007,0
346.072654,133,1650,0.040000000000000924,0
346.17447,111,1637,0.16000000000000014,0
346.275115,156,1666,0.14000000000000057,0
346.376332,163,1672,0.3200000000000003,0
346.477547,122,1646,0.21000000000000085,0
346.578805,218,1703,0.6900000000000013,0
346.680075,200,1725,0.009999999999999787,0
346.781142,190,1697,0.05000000000000071,0
346.882335,161,1705,0.14999999999999947,0
346.983285,156,1652,0.3600000000000003,0
347.084286,162,1660,0.1200000000000001,0
347.185219,283,1728,0.26,0
347.286298,220,1729,0.10999999999999988,0
347.38742,193,1659,0.17999999999999972,0
347.489156,121,1656,0.5500000000000007,0
347.590093,167,1679,0.7300000000000004,0
347.690815,175,1685,0.39000000000000057,0
347.792011,155,1681,0.3000000000000007,0
347.893057,144,1666,0.14000000000000057,0
347.994246,148,1677,0.009999999999999787,0
348.095383,153,1690,0.14000000000000057,0
348.196973,131,1677,0.129999999999999,0
348.298077,184,1698,0.2599999999999998,0
348.399287,122,1671,0.28000000000000114,0
348.500569,118,1668,0.1999999999999993,0
348.601771,136,1672,0.2599999999999998,0
348.702426,97,1661,0.009999999999999787,0
348.804249,117,1675,0.07000000000000028,0
348.904636,133,1683,0.21999999999999886,0
349.006343,137,1678,0.2699999999999996,0
349.107593,124,1673,0.08999999999999986,0
349.209236,223,1723,0.2400000000000002,0
349.31003,163,1703,0.3099999999999987,0
349.411238,146,1703,0.16999999999999815,0
349.51243,176,1711,0.020000000000003126,0
349.613262,113,1676,0.03999999999999915,0
349.714772,160,1697,0.21000000000000085,0
349.815453,84,1672,0.18000000000000327,0
349.916565,136,1702,0.0,0
350.01814,205,1751,0.08999999999999986,0
350.119379,138,1681,0.16000000000000014,0
350.222672,80,1674,0.21000000000000085,0
350.32377,151,1712,0.3200000000000003,0
350.425178,163,1716,0.10999999999999943,0
350.526352,225,1746,0.16999999999999815,0
350.627208,159,1716,0.19000000000000128,0
350.728372,131,1687,0.19000000000000128,0
350.830055,115,1689,0.030000000000001137,0
350.930819,130,1698,0.23999999999999844,0
351.031844,122,1689,0.3000000000000007,0
351.13287,186,1721,0.07000000000000028,0
351.234232,180,1723,0.120000000000001,0
351.336192,114,1679,0.10000000000000142,0
351.436536,133,1682,0.3200000000000003,0
351.537778,134,1683,0.09999999999999787,0
351.639603,160,1700,0.0,0
351.740392,191,1733,0.09999999999999787,0
351.842149,157,1695,0.41000000000000014,0
351.943581,176,1716,0.030000000000001137,0
352.044598,120,1675,0.07000000000000028,0
352.145161,136,1696,0.05999999999999872,0
352.246276,133,1664,0.14000000000000057,0
352.347628,122,1682,0.23000000000000043,0
352.449301,146,1692,0.16000000000000014,0
352.549596,132,1688,0.240000000000002,0
352.650626,116,1683,0.22000000000000242,0
352.751995,136,1693,0.09999999999999787,0
352.853247,145,1697,0.05999999999999872,0
352.953807,181,1721,0.049999999999998934,0
353.055086,141,1685,0.4300000000000015,0
353.156135,166,1683,0.15000000000000036,0
353.257525,141,1719,0.20000000000000107,0
353.359454,133,1687,0.11999999999999922,0
353.460423,168,1693,0.14000000000000057,0
353.561351,212,1742,0.1899999999999995,0
353.66239,275,1708,0.5599999999999987,0
353.763288,210,1752,0.7899999999999991,0
353.864586,170,1685,0.11000000000000032,0
353.966233,66,1665,0.2599999999999998,0
354.066943,109,1686,0.050000000000000044,0
354.168659,155,1705,0.08000000000000007,0
354.270132,114,1698,0.3499999999999999,0
354.371117,128,1727,0.17,0
354.472609,185,1736,0.31,0
354.573377,246,1724,0.21000000000000002,0
354.674775,145,1714,0.09000000000000001,0
354.776277,151,1715,0.18,0
354.877081,76,1676,0.36,0
354.978295,157,1734,0.15,0
355.07931,116,1721,0.12,0
355.180546,91,1711,0.03,0
355.281991,161,1726,0.17,0
355.383081,130,1713,0.41,0
355.484083,163,1722,0.12,0
355.585615,159,1714,0.22,0
355.687117,186,1724,0.34,0
355.788096,169,1710,0.03,0
355.889182,139,1701,0.29,0
355.990235,158,1730,0.12,0
356.091219,182,1735,0.6000000000000001,0
356.19266,249,1727,0.21999999999999975,0
356.294107,262,1728,0.3700000000000001,0
356.395451,168,1715,0.3700000000000001,0
356.496398,125,1678,0.5500000000000007,0
356.598072,229,1677,0.19000000000000128,0
356.698825,364,1750,0.3200000000000003,0
356.799822,281,1693,0.13000000000000078,0
356.901081,184,1660,0.6199999999999992,0
357.002515,203,1679,0.46000000000000085,0
357.103306,227,1635,0.030000000000001137,0
357.204397,232,1675,0.3000000000000007,0
357.305663,220,1633,0.16000000000000014,0
357.407058,158,1602,0.1999999999999993,0
357.507816,172,1614,0.48999999999999844,0
357.609117,184,1608,0.11000000000000298,0
357.710215,124,1600,0.2099999999999973,0
357.81151,131,1614,0.05000000000000071,0
357.912324,173,1639,0.46999999999999886,0
358.013418,180,1659,0.370000000000001,0
358.11462,155,1623,0.870000000000001,0
358.216235,184,1704,0.5500000000000007,0
358.317104,240,1740,0.0799999999999983,0
358.418222,191,1724,0.4200000000000017,0
358.51936,213,1756,1.0900000000000034,0
358.620298,110,1706,0.9399999999999977,0
358.721334,134,1733,0.6600000000000001,0
358.822258,81,1701,0.5700000000000003,0
358.923371,80,1698,0.28999999999999915,0
359.024572,58,1691,0.14000000000000057,0
359.125787,155,1723,0.33999999999999986,0
359.22676,90,1693,0.03999999999999915,0
359.328241,48,1672,0.48999999999999844,0
359.429138,109,1712,0.41000000000000014,0
359.530322,78,1671,0.46000000000000085,0
359.630909,110,1679,0.7200000000000024,0
359.732266,99,1685,0.9699999999999989,0
359.834076,94,1704,1.0999999999999979,0
359.934428,114,1731,1.0700000000000003,0
360.035632,110,1730,1.1799999999999997,0
360.136366,94,1703,0.7899999999999991,0
360.237528,130,1705,0.9700000000000024,0
360.339096,95,1699,0.8900000000000006,0
360.440095,96,1711,1.2699999999999996,0
360.541197,131,1737,0.9900000000000002,0
360.642194,147,1720,0.8200000000000003,0
360.743364,125,1745,0.9599999999999991,0
360.845198,141,1759,1.2300000000000004,0
360.945798,121,1732,0.9400000000000013,0
361.046622,67,1700,0.7200000000000006,0
361.148057,110,1699,0.6000000000000014,0
361.248821,189,1757,1.0399999999999991,0
361.350431,106,1715,0.4200000000000008,0
361.450781,201,1713,1.1900000000000002,0
361.551999,214,1768,1.1099999999999999,0
361.653037,198,1716,0.47,0
361.754181,140,1691,1.1099999999999999,0
361.855531,34,1671,0.37,0
361.957038,131,1727,0.32,0
362.05824,67,1684,0.23,0
362.159913,98,1685,0.06,0
362.260647,91,1671,0.039999999999999925,0
362.362366,172,1703,0.25,0
362.463754,126,1681,0.1499999999999999,0
362.565255,92,1672,0.31999999999999984,0
362.666033,85,1662,0.5499999999999998,0
362.767584,164,1697,0.009999999999999787,0
362.869129,133,1709,0.019999999999999574,0
362.970561,223,1684,0.20000000000000018,0
363.071538,153,1679,0.1800000000000006,0
363.17264,167,1716,0.03000000000000025,0
363.273968,182,1680,0.05000000000000071,0
363.37521,253,1736,0.370000000000001,0
363.476424,192,1675,0.15000000000000036,0
363.577637,147,1674,0.21000000000000085,0
363.679246,225,1702,0.6600000000000001,0
363.780282,192,1662,0.41000000000000014,0
363.881685,123,1648,0.21999999999999975,0
363.98329,200,1664,0.009999999999999787,0
364.08437,258,1657,0.2899999999999999,0
364.185381,252,1687,0.19999999999999996,0
364.286189,265,1671,0.28,0
364.38781,202,1707,0.33,0
364.488796,188,1681,0.41,0
364.590154,233,1662,0.57,0
364.691289,197,1688,0.67,0
364.792093,157,1668,0.5,0
364.893305,161,1634,0.65,0
364.994632,122,1646,0.7,0
365.095832,181,1635,0.77,0
365.197271,270,1676,0.64,0
365.298122,129,1627,0.48,0
365.399191,179,1646,0.55,0
365.500498,71,1613,0.74,0
365.601645,144,1660,1.22,0
365.702339,235,1718,0.86,0
365.803583,160,1693,1.24,0
365.905034,158,1695,0.91,0
366.006218,128,1672,0.55,0
366.107061,166,1672,0.15,0
366.20782,439,1754,0.45,0
366.309358,504,1784,0.07,0
366.410407,215,1664,0.3,0
366.511233,95,1633,0.27,0
366.61195,167,1692,0.17,0
366.712992,175,1695,0.22,0
366.813891,115,1658,0.05,0
366.91813,79,1643,0.11,0
367.01901,85,1656,0.13,0
367.120539,208,1711,0.9900000000000002,0
367.221552,26,1614,0.16000000000000014,0
367.322835,126,1663,0.29999999999999893,0
367.423601,74,1659,0.9700000000000006,0
367.52478,86,1672,0.3200000000000003,0
367.626038,217,1731,0.379999999999999,0
367.72713,136,1710,0.03999999999999915,0
367.828577,75,1683,0.15000000000000213,0
367.929436,54,1686,0.5799999999999983,0
368.030578,43,1669,0.6400000000000006,0
368.132181,45,1671,0.8500000000000014,0
368.233281,64,1694,0.8200000000000003,0
368.335208,123,1716,1.0200000000000031,0
368.436004,44,1684,1.2100000000000009,0
368.53717,44,1683,1.3499999999999979,0
368.637675,57,1691,1.379999999999999,0
368.739528,27,1670,1.3200000000000003,0
368.840774,71,1705,1.4599999999999973,0
368.942709,69,1696,1.1700000000000017,0
369.043172,78,1710,1.5300000000000011,0
369.144117,38,1687,1.4600000000000009,0
369.24534,77,1703,1.6099999999999994,0
369.346836,23,1673,1.5,0
369.447773,70,1695,1.6799999999999997,0
369.549064,25,1671,1.4400000000000013,0
369.65019,124,1723,1.6000000000000014,0
369.750636,53,1687,1.5499999999999972,0
369.852283,54,1689,1.25,0
369.953481,175,1746,1.4399999999999977,0
370.05438,185,1757,1.4199999999999982,0
370.155318,160,1728,1.3200000000000003,0
370.25668,127,1715,1.259999999999998,0
370.35809,125,1727,1.3500000000000014,0
370.45935,79,1674,0.8000000000000007,0
370.560635,142,1720,1.0100000000000016,0
370.661537,96,1697,0.6799999999999997,0
370.763278,31,1657,0.3000000000000007,0
370.863608,69,1671,0.370000000000001,0
370.965378,281,1738,0.05999999999999872,0
371.066667,236,1678,1.8999999999999995,0
371.168944,172,1644,1.93,0
371.27001,163,1657,2.2,0
371.370625,177,1654,1.5699999999999998,0
371.47201,96,1612,1.31,0
371.573643,122,1631,0.64,0
371.674362,108,1639,0.35,0
371.775579,32,1600,0.09,0
371.876672,100,1651,0.35000000000000003,0
371.97834,245,1717,0.44,0
372.079239,47,1620,0.03,0
372.180119,101,1654,0.14,0
372.281186,159,1668,0.19,0
372.382818,123,1674,0.13,0
372.484048,118,1654,0.14,0
372.584824,159,1672,0.19,0
372.685997,60,1634,0.11,0
372.786792,88,1645,0.0,0
372.890219,169,1692,0.12,0
372.991225,121,1668,0.02,0
373.092102,47,1626,0.06,0
373.193122,101,1654,0.21,0
373.294423,47,1627,0.43,0
373.395214,41,1627,0.22,0
373.496217,132,1674,0.1,0
373.597588,194,1696,0.06,0
373.698327,135,1669,0.06,0
373.79931,114,1663,0.25,0
373.900396,112,1673,0.36,0
374.002348,104,1662,0.31,0
374.103416,34,1637,0.33,0
374.204403,31,1642,0.21,0
374.30564,126,1686,0.08,0
374.406679,116,1680,0.06,0
374.510457,84,1669,0.26,0
374.61137,109,1680,0.26,0
374.712744,32,1647,0.47,0
374.813634,61,1668,0.42,0
374.91739,143,1700,0.13,0
375.018578,91,1674,0.23,0
375.120145,124,1697,0.31,0
375.22135,136,1693,0.23,0
375.32226,81,1663,0.37,0
375.423085,75,1665,1.2899999999999998,0
375.524305,89,1654,0.3700000000000001,0
375.625538,116,1694,0.3100000000000005,0
375.726524,78,1667,0.29999999999999893,0
375.828011,94,1690,0.23999999999999844,0
375.928755,44,1665,0.22000000000000242,0
376.030446,29,1665,0.5,0
376.131224,56,1691,0.9199999999999982,0
376.232266,91,1710,1.2199999999999989,0
376.333543,48,1695,1.370000000000001,0
376.434327,27,1681,1.5500000000000007,0
376.536066,38,1681,1.4600000000000009,0
376.637156,5,1671,1.5599999999999987,0
376.738229,13,1676,1.4299999999999997,0
376.84153,126,1737,1.7299999999999969,0
376.942568,115,1732,1.759999999999998,0
377.043648,93,1728,1.8200000000000003,0
377.144589,130,1745,1.620000000000001,0
377.245683,116,1737,1.5600000000000023,0
377.347544,165,1767,1.6699999999999982,0
377.448389,165,1769,1.6400000000000006,0
377.549282,197,1783,1.6700000000000017,0
377.650431,165,1754,1.4299999999999997,0
377.751563,98,1727,1.2699999999999996,0
377.852724,65,1701,0.9400000000000013,0
377.95351,33,1678,1.0700000000000003,0
378.054834,112,1721,0.8100000000000023,0
378.156601,104,1712,0.75,0
378.257756,96,1722,1.0,0
378.358914,152,1735,0.8900000000000006,0
378.46015,137,1739,1.1099999999999994,0
378.561355,65,1696,0.5300000000000011,0
378.662135,118,1734,0.41000000000000014,0
378.763647,62,1701,0.5300000000000011,0
378.864406,124,1726,0.629999999999999,0
378.966287,94,1688,0.5,0
379.067346,269,1727,0.6800000000000015,0
379.1692,82,1587,1.7300000000000004,0
379.270037,265,1660,0.9400000000000002,0
379.37142,71,1620,1.41,0
379.47318,246,1704,0.69,0
379.574785,304,1688,1.0,0
379.675668,172,1681,0.87,0
379.776661,193,1676,0.6,0
379.877886,203,1696,0.86,0
379.979874,309,1730,0.53,0
380.080998,173,1683,1.14,0
380.181725,240,1703,0.22,0
380.282668,139,1666,0.58,0
380.383744,220,1704,0.0,0
380.485004,171,1687,0.39,0
380.586144,255,1735,0.41,0
380.687183,265,1723,0.04,0
380.788126,182,1700,0.35,0
380.889206,170,1686,0.21,0
380.991085,262,1711,0.2,0
381.092526,154,1666,0.41,0
381.193413,133,1655,0.49,0
381.294617,179,1663,0.4,0
381.395659,96,1628,0.02,0
381.496425,259,1728,0.36,0
381.597496,262,1730,0.14,0
381.69912,122,1641,0.01,0
381.800586,216,1680,0.04,0
381.901668,228,1728,0.07,0
382.002798,183,1680,0.36,0
382.103914,117,1651,0.14,0
382.205056,112,1644,0.14,0
382.30945,140,1660,0.17,0
382.410258,215,1716,0.19,0
382.511886,194,1715,0.12,0
382.612576,171,1709,0.17,0
382.716545,110,1660,0.02,0
382.817619,131,1651,0.08,0
382.919201,153,1683,0.21,0
383.020411,240,1728,0.22,0
383.12133,163,1683,0.14,0
383.22253,129,1664,0.54,0
383.323522,168,1682,0.4700000000000002,0
383.424949,260,1700,0.29000000000000004,0
383.525577,185,1720,0.3799999999999999,0
383.626274,224,1700,0.16999999999999993,0
383.727531,92,1644,0.28999999999999915,0
383.82917,177,1720,0.08000000000000007,0
383.93183,132,1690,0.41999999999999993,0
384.033212,204,1739,0.46000000000000085,0
384.134286,214,1742,0.3200000000000003,0
384.23603,45,1649,0.5999999999999996,0
384.337313,74,1670,0.33999999999999986,0
384.437759,108,1695,0.75,0
384.538679,149,1716,0.23000000000000043,0
384.639753,149,1730,0.2900000000000009,0
384.740926,153,1725,0.23999999999999844,0
384.842328,70,1693,0.41000000000000014,0
384.94378,37,1657,0.6199999999999992,0
385.04485,137,1707,0.29999999999999893,0
385.145581,104,1700,0.40999999999999925,0
385.246382,53,1666,0.7000000000000002,0
385.347824,63,1664,0.47999999999999954,0
385.449259,17,1639,0.8899999999999997,0
385.550012,65,1660,0.6899999999999995,0
385.651261,40,1653,1.0599999999999996,0
385.752195,90,1662,0.8300000000000001,0
385.853657,50,1657,1.12,0
385.954638,68,1664,0.8599999999999994,0
386.055601,53,1654,0.9799999999999995,0
386.156649,73,1663,0.8899999999999997,0
386.257806,69,1668,0.8500000000000005,0
386.359433,64,1656,0.5899999999999999,0
386.460684,52,1647,0.9000000000000004,0
386.56174,68,1668,0.5700000000000003,0
386.662885,54,1649,0.5800000000000001,0
386.764549,25,1638,0.6100000000000012,0
386.865397,32,1645,0.5699999999999985,0
386.96725,39,1651,0.41999999999999993,0
387.068215,64,1670,0.35999999999999943,0
387.170048,114,1674,0.5299999999999994,0
387.270807,49,1654,0.379999999999999,0
387.372347,81,1672,0.6799999999999997,0
387.473302,97,1671,0.3199999999999985,0
387.57514,98,1672,0.3200000000000003,0
387.675902,104,1700,0.75,0
387.777074,80,1685,0.6500000000000004,0
387.878357,171,1721,0.1999999999999993,0
387.980175,132,1688,0.6499999999999986,0
388.08086,108,1682,0.370000000000001,0
388.181752,96,1683,0.46999999999999886,0
388.282633,142,1673,0.2599999999999998,0
388.383921,131,1677,0.5899999999999999,0
388.485196,249,1757,0.2699999999999996,0
388.585637,147,1652,0.5800000000000001,0
388.686703,172,1718,0.27999999999999936,0
388.787635,129,1668,0.5099999999999998,0
388.889108,121,1659,0.08999999999999986,0
388.99019,119,1665,0.019999999999999574,0
389.090703,132,1678,0.129999999999999,0
389.19174,155,1687,0.27999999999999936,0
389.292617,159,1676,0.5199999999999996,0
389.394147,172,1688,0.3000000000000007,0
389.495256,100,1659,0.41999999999999993,0
389.596146,110,1669,0.23999999999999844,0
389.697237,196,1699,0.3200000000000003,0
389.79836,191,1706,0.21000000000000085,0
389.900308,200,1682,0.08999999999999986,0
390.001159,161,1725,0.25,0
390.102054,158,1682,0.10999999999999943,0
390.203183,225,1708,0.08999999999999986,0
390.304096,228,1729,0.5199999999999996,0
390.405567,124,1681,0.16999999999999993,0
390.506663,162,1685,0.08000000000000007,0
390.607567,73,1643,0.02999999999999936,0
390.70883,191,1713,0.22000000000000064,0
390.810071,186,1698,0.129999999999999,0
390.911437,130,1684,0.1999999999999993,0
391.012427,216,1723,0.1700000000000017,0
391.113576,136,1694,0.129999999999999,0
391.214555,159,1697,0.14999999999999858,0
391.31534,125,1696,0.05000000000000071,0
391.416241,142,1683,0.26000000000000156,0
391.517387,113,1669,0.10000000000000142,0
391.618827,114,1673,0.21999999999999886,0
391.72054,200,1694,0.17999999999999972,0
391.820974,160,1690,0.34999999999999787,0
391.922211,91,1664,0.14000000000000057,0
392.023067,124,1688,0.08999999999999986,0
392.124173,147,1685,0.010000000000001563,0
392.225419,78,1658,0.09999999999999787,0
392.326007,135,1681,0.05000000000000071,0
392.427146,185,1701,0.060000000000002274,0
392.528153,197,1714,0.14999999999999858,0
392.629291,286,1746,0.019999999999999574,0
392.731161,174,1708,0.4399999999999977,0
392.831776,90,1657,0.2900000000000027,0
392.932776,177,1692,0.25,0
393.033425,310,1743,0.3000000000000007,0
393.135071,118,1679,0.0400000000000027,0
393.235618,176,1697,0.19000000000000128,0
393.339341,283,1738,0.03999999999999915,0
393.440805,212,1719,0.10000000000000142,0
393.541319,150,1679,0.15000000000000213,0
393.642414,116,1672,0.3100000000000023,0
393.743675,206,1711,0.029999999999997584,0
393.845185,188,1700,0.46999999999999886,0
393.94584,141,1668,0.20000000000000107,0
394.047015,357,1762,0.07000000000000028,0
394.148037,161,1693,0.05999999999999872,0
394.249078,158,1702,0.2599999999999998,0
394.350283,216,1742,0.41000000000000014,0
394.451186,123,1680,0.41000000000000014,0
394.55209,233,1695,0.4299999999999997,0
394.653353,223,1736,0.0,0
394.754289,152,1713,0.1999999999999993,0
394.855322,103,1672,0.1899999999999995,0
394.95609,180,1691,0.3200000000000003,0
395.057165,126,1668,0.41000000000000003,0
395.158126,231,1745,0.16999999999999993,0
395.259174,167,1675,0.33000000000000007,0
395.36098,183,1690,0.41000000000000014,0
395.461783,173,1707,0.3600000000000003,0
395.562438,178,1671,0.25000000000000044,0
395.663659,214,1727,0.8400000000000003,0
395.765245,184,1655,0.19999999999999973,0
395.866291,178,1668,0.5999999999999999,0
395.967265,195,1711,0.27,0
396.068431,197,1684,0.09999999999999998,0
396.17031,236,1685,0.53,0
396.271225,291,1660,0.79,0
396.372285,223,1652,0.3100000000000005,0
396.473369,218,1663,0.08999999999999986,0
396.574379,176,1663,0.08999999999999986,0
396.675387,165,1641,0.8699999999999999,0
396.777023,151,1646,0.8400000000000001,0
396.877731,169,1654,0.97,0
396.979083,208,1650,0.97,0
397.079725,201,1623,0.88,0
397.180763,177,1623,1.26,0
397.28236,150,1636,1.26,0
397.383726,240,1682,0.96,0
397.484843,317,1749,1.4100000000000001,0
397.585596,263,1732,1.57,0
397.68669,261,1742,1.6,0
397.788678,106,1665,1.26,0
397.889616,158,1715,0.8400000000000001,0
397.990528,208,1736,0.59,0
398.091561,173,1689,0.47,0
398.192881,274,1780,0.02,0
398.293849,226,1735,0.19,0
398.39514,199,1714,0.09000000000000001,0
398.495973,201,1723,0.13999999999999999,0
398.597414,228,1696,0.48,0
398.69822,206,1738,0.3400000000000001,0
398.799169,232,1717,0.5099999999999998,0
398.900283,177,1715,0.9700000000000006,0
399.001297,196,1707,0.8500000000000005,0
399.104925,307,1716,0.4899999999999993,0
399.205727,242,1723,0.9800000000000004,0
399.307333,334,1743,1.7000000000000002,0
399.408677,256,1696,1.1,0
399.509326,169,1669,0.5099999999999998,0
399.610286,145,1717,1.1999999999999997,0
399.711291,159,1669,0.5600000000000003,0
399.812637,136,1691,0.21000000000000008,0
399.916253,177,1685,0.04999999999999999,0
400.01716,133,1683,0.16,0
400.118633,194,1727,0.41999999999999993,0
400.219397,224,1711,0.04999999999999993,0
400.320411,66,1663,0.26,0
400.421621,46,1648,0.4,0
400.523023,51,1648,0.49,0
400.623767,31,1650,0.33999999999999997,0
400.725138,103,1696,0.04,0
400.826291,123,1711,0.01,0
400.927749,49,1667,0.12,0
401.028605,110,1697,0.11,0
401.130274,63,1665,0.41,0
401.231322,19,1646,0.6100000000000001,0
401.333128,103,1689,0.25,0
401.434678,69,1672,0.4500000000000002,0
401.535647,93,1685,0.3700000000000001,0
401.637004,17,1644,0.11000000000000032,0
401.738198,37,1652,0.2999999999999998,0
401.83962,17,1641,0.26000000000000023,0
401.941068,90,1680,0.18999999999999995,0
402.042168,69,1667,0.23999999999999977,0
402.143535,29,1646,0.41000000000000014,0
402.244823,40,1650,0.40000000000000013,0
402.346553,67,1660,0.3400000000000001,0
402.447251,47,1649,0.3,0
402.548367,42,1646,0.24,0
402.650026,35,1641,0.26,0
402.750879,71,1658,0.15999999999999992,0
402.852394,104,1673,0.1100000000000001,0
402.953806,83,1662,0.1399999999999999,0
403.054823,89,1665,0.12,0
403.156296,89,1665,0.14,0
403.257539,40,1640,0.1399999999999999,0
403.359023,31,1640,0.29000000000000004,0
403.460214,40,1652,0.33000000000000007,0
403.561365,39,1650,0.42999999999999994,0
403.662767,40,1635,0.22999999999999998,0
403.764294,104,1664,0.07000000000000006,0
403.865558,72,1648,0.010000000000000009,0
403.967205,85,1655,0.030000000000000027,0
404.069138,45,1643,0.14000000000000012,0
404.170239,54,1641,0.3900000000000001,0
404.271253,55,1643,0.18999999999999995,0
404.373957,69,1645,0.11999999999999988,0
404.474776,109,1663,0.07000000000000006,0
404.576795,70,1645,0.1100000000000001,0
404.678203,55,1659,0.13000000000000012,0
404.780199,70,1666,0.21999999999999997,0
404.881309,52,1645,0.1299999999999999,0
404.983585,84,1661,0.020000000000000018,0
405.084968,62,1650,0.09999999999999987,0
405.186696,90,1665,0.26,0
405.287271,94,1669,0.32999999999999996,0
405.388873,96,1671,0.3400000000000001,0
405.490275,74,1659,0.22999999999999998,0
405.591033,59,1655,0.08000000000000007,0
405.692109,45,1650,0.010000000000000009,0
405.793784,41,1647,0.030000000000000027,0
405.895183,44,1645,0.050000000000000044,0
405.996371,65,1654,0.11999999999999988,0
406.097409,90,1665,0.20999999999999996,0
406.199134,83,1660,0.24,0
406.299991,41,1638,0.1299999999999999,0
406.40179,20,1627,0.050000000000000044,0
406.505609,55,1644,0.010000000000000009,0
406.606626,58,1644,0.030000000000000027,0
406.70832,77,1655,0.09999999999999987,0
406.810156,92,1663,0.07000000000000006,0
406.911554,92,1665,0.19999999999999996,0
407.012307,89,1666,0.30000000000000004,0
407.113562,53,1650,0.28,0
407.214836,43,1645,0.21999999999999997,0
407.316259,40,1641,0.15999999999999992,0
407.417199,46,1650,0.10000000000000009,0
407.518692,44,1651,0.07000000000000006,0
407.620551,119,1687,0.06000000000000005,0
407.72142,56,1659,0.010000000000000009,0
407.823064,77,1655,0.15999999999999992,0
407.924451,53,1639,0.030000000000000027,0
408.025829,57,1638,0.1200000000000001,0
408.127455,61,1639,0.06000000000000005,0
408.228774,37,1629,0.06999999999999984,0
408.33033,78,1663,0.3999999999999999,0
408.431571,43,1645,0.3600000000000001,0
408.532824,75,1660,0.3699999999999999,0
408.633814,93,1666,0.42999999999999994,0
408.735273,83,1660,0.33999999999999986,0
408.836452,94,1663,0.3599999999999999,0
408.937772,101,1666,0.31000000000000005,0
409.039648,52,1645,0.1399999999999999,0
409.140774,32,1639,0.040000000000000036,0
409.242009,51,1649,0.15999999999999992,0
409.343292,78,1665,0.21999999999999997,0
409.444588,64,1662,0.2599999999999998,0
409.545617,64,1663,0.31999999999999984,0
409.6469,43,1654,0.3500000000000001,0
409.749323,61,1648,0.1299999999999999,0
409.849844,89,1662,0.08999999999999986,0
409.951271,71,1670,0.25,0
410.052199,98,1681,0.32000000000000006,0
410.153411,85,1672,0.34999999999999987,0
410.254632,56,1656,0.26,0
410.355648,34,1645,0.15999999999999992,0
410.457435,45,1649,0.08000000000000007,0
410.558452,54,1652,0.0,0
410.659821,80,1665,0.08000000000000007,0
410.761229,70,1663,0.010000000000000009,0
410.862136,72,1667,0.010000000000000009,0
410.963366,27,1647,0.09999999999999987,0
411.064548,48,1659,0.04999999999999982,0
411.166341,65,1657,0.050000000000000044,0
411.26728,91,1671,0.08999999999999986,0
411.368971,61,1661,0.07999999999999985,0
411.470158,33,1652,0.009999999999999787,0
411.571802,56,1664,0.039999999999999813,0
411.672743,51,1657,0.08000000000000007,0
411.774566,39,1645,0.27,0
411.876214,47,1650,0.21999999999999997,0
411.977361,46,1654,0.15000000000000013,0
412.079041,40,1647,0.17000000000000015,0
412.179925,64,1669,0.020000000000000018,0
412.281151,57,1653,0.05999999999999983,0
412.382996,75,1662,0.0,0
412.484163,57,1650,0.040000000000000036,0
412.585481,31,1640,0.07000000000000028,0
412.686815,23,1636,0.040000000000000036,0
412.788627,58,1656,0.040000000000000036,0
412.88977,36,1647,0.08000000000000007,0
412.991353,18,1637,0.08000000000000007,0
413.092278,55,1661,0.2400000000000002,0
413.193315,17,1639,0.06000000000000005,0
413.294823,34,1649,0.1299999999999999,0
413.396089,68,1664,0.29000000000000004,0
413.497428,54,1659,0.1200000000000001,0
413.59886,70,1658,0.030000000000000027,0
413.699991,64,1663,0.31000000000000005,0
413.802172,56,1668,0.08,0
413.903421,72,1660,0.08000000000000002,0
414.004823,67,1653,0.05,0
414.1064,54,1644,0.01,0
414.208161,76,1646,0.41,0
414.309394,194,1694,0.21999999999999986,0
414.410366,219,1729,0.2100000000000002,0
414.514389,195,1757,0.3700000000000001,0
414.615547,126,1695,0.4299999999999997,0
414.717988,123,1658,0.1200000000000001,0
414.81928,107,1690,0.25,0
414.923433,93,1684,0.46000000000000085,0
415.025271,250,1709,0.33999999999999986,0
415.12639,79,1680,0.6199999999999992,0
415.228135,141,1716,0.40000000000000036,0
415.329534,140,1679,0.08999999999999986,0
415.430533,99,1699,0.4900000000000002,0
415.531827,104,1683,0.33000000000000007,0
415.633365,134,1717,0.5200000000000014,0
415.734248,153,1732,0.4900000000000002,0
415.835686,108,1688,0.3000000000000007,0
415.937146,142,1712,0.3899999999999988,0
416.03864,162,1731,0.7900000000000009,0
416.139792,140,1715,0.6999999999999993,0
416.240627,156,1711,0.35999999999999943,0
416.342362,212,1700,0.39000000000000057,0
416.443843,87,1685,0.3500000000000014,0
416.545169,160,1731,0.4299999999999997,0
416.646344,111,1697,0.33000000000000185,0
416.747643,123,1696,0.17999999999999972,0
416.849621,137,1728,0.41000000000000014,0
416.951349,104,1686,0.4299999999999997,0
417.052334,160,1724,0.5,0
417.153796,131,1697,0.13999999999999702,0
417.255328,102,1672,0.14000000000000057,0
417.356827,131,1708,0.16999999999999815,0
417.458338,184,1738,0.08000000000000185,0
417.559421,181,1744,0.35999999999999943,0
417.660614,145,1721,0.21000000000000085,0
417.762242,113,1695,0.030000000000001137,0
417.863365,96,1675,0.39000000000000057,0
417.965056,156,1701,0.33999999999999986,0
418.066167,110,1681,0.14000000000000057,0
418.168553,117,1704,0.5399999999999991,0
418.269442,129,1688,0.05000000000000071,0
418.371432,160,1698,0.40000000000000036,0
418.472697,138,1713,0.0600000000000005,0
418.574386,109,1662,0.41000000000000014,0
418.674843,137,1702,0.009999999999999787,0
418.776432,195,1713,0.1899999999999995,0
418.878036,230,1727,0.3999999999999986,0
418.979624,134,1691,0.6999999999999993,0
419.080964,146,1717,0.07999999999999918,0
419.182396,107,1681,0.0600000000000005,0
419.284265,177,1695,0.3099999999999996,0
419.385369,144,1695,0.2999999999999998,0
419.486829,255,1758,0.25,0
419.588578,290,1709,0.20999999999999996,0
419.689322,167,1722,0.45999999999999996,0
419.790528,148,1696,0.6499999999999999,0
419.891608,148,1697,0.14999999999999997,0
419.994003,107,1686,0.30000000000000004,0
420.095073,139,1703,0.24,0
420.196444,121,1683,0.050000000000000266,0
420.297655,101,1675,0.19000000000000017,0
420.400297,151,1694,0.09999999999999998,0
420.501216,306,1706,0.2499999999999999,0
420.601924,423,1745,0.2999999999999998,0
420.705964,307,1784,0.23000000000000043,0
420.807535,280,1723,0.3099999999999996,0
420.909127,245,1733,0.13999999999999968,0
421.01083,251,1738,0.3600000000000003,0
421.111923,317,1757,0.370000000000001,0
421.213178,214,1752,0.47000000000000064,0
421.315005,222,1751,0.1999999999999993,0
421.416091,243,1704,0.20999999999999908,0
421.517301,281,1756,0.3100000000000005,0
421.618854,286,1746,0.7799999999999994,0
421.720321,155,1692,0.6500000000000004,0
421.822017,122,1685,0.2400000000000002,0
421.923405,136,1716,0.33000000000000007,0
422.024752,138,1677,0.16999999999999993,0
422.126181,125,1668,0.6099999999999994,0
422.227375,138,1699,0.6100000000000012,0
422.328593,110,1665,0.5999999999999996,0
422.42976,146,1679,0.6999999999999993,0
422.531243,191,1707,0.3200000000000003,0
422.63284,111,1676,0.3100000000000005,0
422.733788,77,1659,0.25,0
422.8351,107,1671,0.4200000000000017,0
422.937039,99,1669,0.2599999999999998,0
423.038189,54,1677,0.2699999999999996,0
423.139113,132,1696,0.09999999999999964,0
423.240186,69,1668,0.39999999999999947,0
423.342109,142,1727,0.10999999999999943,0
423.443597,351,1806,0.34999999999999964,0
423.544607,362,1772,0.15000000000000036,0
423.646129,238,1787,0.03999999999999915,0
423.747368,53,1666,0.21999999999999975,0
423.848741,77,1692,0.1899999999999995,0
423.950307,73,1680,0.5300000000000002,0
424.051335,116,1688,0.9100000000000001,0
424.153192,139,1700,0.3500000000000001,0
424.254078,83,1684,0.6599999999999999,0
424.355579,82,1667,0.3500000000000001,0
424.456839,90,1661,0.43999999999999995,0
424.558382,102,1687,0.64,0
424.660171,75,1657,0.44999999999999996,0
424.761849,82,1665,0.33999999999999997,0
424.863103,72,1664,0.36,0
424.964608,50,1645,0.2,0
425.06633,80,1662,0.28,0
425.168578,106,1668,0.009999999999999981,0
425.26933,102,1683,0.42,0
425.371593,155,1716,0.17999999999999994,0
425.472537,274,1762,0.31000000000000005,0
425.574429,341,1743,0.17999999999999972,0
425.675872,240,1747,0.3800000000000008,0
425.777704,140,1697,0.41999999999999993,0
425.879246,151,1737,0.129999999999999,0
425.980662,185,1731,0.1999999999999993,0
426.082173,161,1735,0.08000000000000007,0
426.183654,173,1718,0.019999999999999574,0
426.284767,114,1687,0.09999999999999964,0
426.385877,165,1728,0.1399999999999988,0
426.487397,214,1774,0.41999999999999993,0
426.588678,135,1713,0.20999999999999908,0
426.690239,113,1696,0.16000000000000014,0
426.79116,120,1721,0.46000000000000085,0
426.892416,111,1715,0.1999999999999993,0
426.993689,104,1694,0.3000000000000007,0
427.095301,54,1695,0.029999999999997584,0
427.196359,162,1734,0.33000000000000007,0
427.297389,146,1731,0.5399999999999991,0
427.399341,148,1698,0.4800000000000004,0
427.501151,236,1724,0.9799999999999995,0
427.602214,305,1802,0.8000000000000007,0
427.703363,242,1755,0.6499999999999995,0
427.804569,115,1701,0.27999999999999936,0
427.906293,114,1671,0.020000000000000462,0
428.007648,95,1656,0.22999999999999954,0
428.109946,128,1661,0.29000000000000004,0
428.210723,113,1662,0.5,0
428.314914,171,1691,0.4299999999999997,0
428.416612,153,1690,0.08999999999999986,0
428.518264,118,1678,0.20000000000000018,0
428.620298,101,1673,0.2699999999999998,0
428.721274,84,1666,0.27,0
428.822601,159,1703,0.4900000000000002,0
428.923612,123,1688,0.6100000000000001,0
429.025042,128,1691,0.8,0
429.126186,259,1760,0.4900000000000002,0
429.227366,335,1760,0.07000000000000028,0
429.329168,341,1822,0.16000000000000014,0
429.429911,264,1736,0.2600000000000007,0
429.531416,231,1757,0.009999999999999787,0
429.632712,163,1704,0.11999999999999922,0
429.733904,178,1729,0.16999999999999993,0
429.835525,150,1737,0.129999999999999,0
429.936782,112,1708,0.10999999999999943,0
430.037665,101,1705,0.15000000000000036,0
430.13941,128,1701,0.14000000000000057,0
430.241138,144,1698,0.3200000000000003,0
430.343168,146,1721,0.2599999999999998,0
430.444427,129,1715,0.0,0
430.54657,132,1698,0.4299999999999997,0
430.647264,106,1679,0.08000000000000007,0
430.748522,192,1702,0.370000000000001,0
430.849563,51,1664,0.10000000000000142,0
430.95162,113,1689,0.3100000000000005,0
431.052575,177,1744,0.6899999999999995,0
431.15394,409,1739,0.46999999999999975,0
431.255253,462,1792,0.4299999999999997,0
431.356338,265,1782,0.31999999999999984,0
431.458286,174,1717,0.2899999999999999,0
431.559388,158,1687,0.10999999999999999,0
431.660384,121,1678,0.5099999999999998,0
431.761829,119,1705,0.1499999999999999,0
431.863093,129,1664,0.20000000000000018,0
431.964624,195,1705,0.04999999999999982,0
432.066246,81,1660,0.020000000000000018,0
432.167809,115,1667,0.010000000000000231,0
432.268786,116,1695,0.10000000000000009,0
432.371146,117,1665,0.020000000000000018,0
432.472401,220,1714,0.1200000000000001,0
432.573925,151,1688,0.21999999999999997,0
432.675257,181,1703,0.1499999999999999,0
432.776752,161,1703,0.41000000000000003,0
432.878329,309,1737,0.28,0
432.980609,377,1782,0.25,0
433.081383,293,1757,0.4900000000000002,0
433.182574,308,1733,0.09000000000000075,0
433.283605,205,1688,0.46000000000000085,0
433.385587,298,1740,0.3699999999999992,0
433.487188,281,1756,0.5700000000000003,0
433.589163,253,1747,0.35999999999999943,0
433.690601,216,1714,0.4599999999999991,0
433.791657,248,1778,0.5899999999999999,0
433.89283,236,1759,0.34999999999999964,0
433.99438,245,1778,0.7400000000000011,0
434.09544,290,1732,0.7000000000000002,0
434.197545,235,1734,0.4900000000000002,0
434.298775,192,1691,0.4399999999999995,0
434.400048,254,1717,0.41999999999999993,0
434.501272,145,1656,0.6900000000000004,0
434.602649,215,1696,0.7999999999999998,0
434.703816,160,1680,1.0199999999999996,0
434.804834,96,1655,1.0199999999999996,0
434.906151,80,1663,0.7999999999999998,0
435.007593,114,1703,0.8600000000000012,0
435.108332,175,1731,0.8099999999999996,0
435.209666,150,1721,0.5899999999999999,0
435.310663,83,1665,0.1299999999999999,0
435.412328,122,1691,0.08000000000000007,0
435.513379,80,1665,0.10000000000000053,0
435.614811,214,1722,0.6399999999999997,0
435.715885,319,1791,0.2999999999999998,0
435.817392,408,1812,0.2400000000000002,1
435.919034,146,1697,0.15000000000000036,0
436.019898,124,1701,0.02999999999999936,0
436.121183,80,1663,0.5599999999999996,0
436.222751,166,1720,0.7800000000000002,0
436.323645,135,1702,1.0400000000000003,0
436.425148,62,1664,0.6000000000000001,0
436.52625,72,1674,1.04,0
436.627843,97,1684,1.06,0
436.728599,81,1684,0.96,0
436.830533,64,1678,0.8500000000000001,0
436.931321,27,1655,0.69,0
437.03313,56,1662,0.5800000000000001,0
437.133825,61,1664,0.5800000000000001,0
437.235091,82,1675,0.5800000000000001,0
437.336998,88,1678,0.4500000000000002,0
437.438234,86,1678,0.3900000000000001,0
437.5389,61,1667,0.31000000000000005,0
437.640241,62,1668,0.26000000000000023,0
437.741444,63,1668,0.22999999999999998,0
437.843176,58,1665,0.22999999999999998,0
437.944666,39,1650,0.10999999999999988,0
438.045563,59,1656,0.029999999999999805,0
438.146778,112,1680,0.20000000000000018,0
438.247958,80,1663,0.22999999999999998,0
438.349636,69,1660,0.20999999999999996,0
438.450376,43,1659,0.1599999999999997,0
438.551399,44,1652,0.15000000000000036,0
438.652865,48,1663,0.020000000000000018,0
438.754154,51,1665,0.16000000000000014,0
438.855441,43,1655,0.07000000000000006,0
438.956802,57,1648,0.020000000000000018,0
439.058212,53,1649,0.1399999999999999,0
439.159805,56,1672,0.050000000000000044,0
439.261301,96,1687,0.22999999999999998,0
439.36239,56,1665,0.040000000000000036,0
439.463957,90,1670,0.1499999999999999,0
439.565719,95,1676,0.22999999999999998,0
439.667207,87,1674,0.17999999999999994,0
439.768745,75,1668,0.15999999999999992,0
439.869964,38,1651,0.039999999999999813,0
439.97138,42,1653,0.039999999999999813,0
440.072998,48,1657,0.08999999999999986,0
440.174388,64,1660,0.09999999999999987,0
440.275356,26,1649,0.1299999999999999,0
440.377375,10,1638,0.04999999999999982,0
440.479016,18,1643,0.06000000000000005,0
440.58026,59,1658,0.10999999999999988,0
440.681189,49,1653,0.040000000000000036,0
440.782577,64,1660,0.19999999999999996,0
440.883756,53,1654,0.1100000000000001,0
440.98582,20,1645,0.010000000000000009,0
441.087191,71,1667,0.27,0
441.188619,48,1660,0.19999999999999996,0
441.289876,28,1641,0.07000000000000006,0
441.391238,41,1660,0.09999999999999987,0
441.492247,90,1679,0.4099999999999999,0
441.593619,83,1681,0.3600000000000001,0
441.694979,39,1656,0.11999999999999988,0
441.796597,32,1646,0.06000000000000005,0
441.898154,48,1657,0.20999999999999996,0
441.99984,60,1661,0.32000000000000006,0
442.10127,9,1637,0.1499999999999999,0
442.202326,53,1658,0.09999999999999998,0
442.306104,57,1661,0.09000000000000008,0
442.407384,58,1663,0.14,0
442.508543,30,1651,0.08999999999999997,0
442.610265,65,1660,0.17000000000000004,0
442.711351,75,1667,0.20000000000000007,0
442.812567,31,1648,0.04999999999999993,0
442.91437,38,1655,0.13,0
443.01582,52,1666,0.21999999999999997,0
443.117207,59,1667,0.26,0
443.217874,52,1660,0.30000000000000004,0
443.319838,61,1667,0.33000000000000007,0
443.421156,50,1658,0.2799999999999999,0
443.525086,71,1666,0.2699999999999999,0
443.626225,32,1650,0.22999999999999998,0
443.727849,35,1654,0.19999999999999996,0
443.829842,44,1650,0.06000000000000005,0
443.930984,65,1662,0.050000000000000044,0
444.031705,94,1678,0.18999999999999995,0
444.133285,36,1651,0.15999999999999992,0
444.234528,29,1648,0.1200000000000001,0
444.33655,39,1650,0.10000000000000009,0
444.437326,28,1643,0.07000000000000006,0
444.539228,53,1660,0.030000000000000027,0
444.641278,39,1652,0.09000000000000008,0
444.741723,50,1657,0.1100000000000001,0
444.843706,38,1647,0.06000000000000005,0
444.944116,54,1659,0.07000000000000006,0
445.045228,54,1657,0.19000000000000006,0
445.146887,14,1637,0.020000000000000018,0
445.247928,65,1665,0.19999999999999996,0
445.348909,27,1646,0.12,0
445.450393,69,1664,0.1100000000000001,0
445.551689,94,1679,0.22999999999999998,0
445.652793,64,1665,0.15000000000000013,0
445.754168,22,1644,0.0,0
445.855521,59,1663,0.24,0
445.956674,78,1676,0.30000000000000004,0
446.057761,62,1668,0.31000000000000005,0
446.158772,32,1649,0.18999999999999995,0
446.260213,57,1659,0.010000000000000009,0
446.361243,86,1672,0.15999999999999992,0
446.462639,77,1670,0.10000000000000009,0
446.564597,63,1658,0.13000000000000012,0
446.665853,84,1667,0.1100000000000001,0
446.767798,87,1669,0.1399999999999999,0
446.868908,80,1667,0.1499999999999999,0
446.970683,60,1659,0.1399999999999999,0
447.072117,37,1651,0.07999999999999985,0
447.173265,43,1651,0.13000000000000012,0
447.274173,81,1666,0.20999999999999985,0
447.375738,75,1660,0.20999999999999996,0
447.477332,34,1646,0.06000000000000005,0
447.578566,76,1668,0.30000000000000004,0
447.680007,19,1639,0.06000000000000005,0
447.781593,40,1645,0.09999999999999987,0
447.882651,57,1652,0.07999999999999985,0
447.984399,43,1652,0.17999999999999994,0
448.085317,46,1652,0.1499999999999999,0
448.187035,45,1646,0.010000000000000009,0
448.288195,20,1634,0.040000000000000036,0
448.389906,48,1652,0.33999999999999997,0
448.491215,31,1643,0.22000000000000008,0
448.593023,32,1639,0.010000000000000009,0
448.694746,29,1640,0.17000000000000004,0
448.795321,26,1639,0.08999999999999997,0
448.89674,54,1649,0.19999999999999996,0
448.998314,93,1664,0.32000000000000006,0
449.099338,61,1654,0.22000000000000008,0
449.201379,69,1666,0.19000000000000017,0
449.30259,85,1673,0.29000000000000004,0
449.403944,47,1654,0.15999999999999992,0
449.505341,59,1655,0.08000000000000007,0
449.606686,95,1672,0.3400000000000001,0
449.707596,74,1660,0.33999999999999997,0
449.809322,62,1655,0.18000000000000005,0
449.911136,74,1662,0.12,0
450.012411,82,1684,0.09999999999999998,0
450.113431,103,1674,0.1499999999999999,0
450.214382,93,1678,0.06000000000000005,0
450.316343,85,1659,0.17999999999999994,0
450.418261,91,1698,0.37,0
450.519114,71,1674,0.21999999999999997,0
450.619745,102,1683,0.18999999999999995,0
450.721311,86,1674,0.42999999999999994,0
450.822324,57,1661,0.25,0
450.924259,68,1663,0.19999999999999996,0
451.025248,77,1661,0.07000000000000006,0
451.126402,99,1679,0.0,0
451.227602,111,1680,0.15999999999999992,0
451.329207,74,1662,0.030000000000000027,0
451.430376,85,1662,0.050000000000000044,0
451.531689,47,1639,0.019999999999999796,0
451.633133,57,1650,0.039999999999999813,0
451.735098,66,1649,0.09000000000000008,0
451.836352,91,1664,0.22999999999999998,0
451.937722,74,1662,0.17999999999999994,0
452.038665,35,1654,0.08000000000000007,0
452.139814,54,1661,0.020000000000000018,0
452.240903,78,1671,0.11999999999999988,0
452.342205,49,1658,0.1399999999999999,0
452.443171,67,1655,0.07999999999999985,0
452.544258,81,1662,0.3500000000000001,0
452.645643,27,1634,0.14,0
452.746612,70,1667,0.05999999999999994,0
452.847605,57,1662,0.06999999999999995,0
452.949456,64,1665,0.17000000000000004,0
453.050805,61,1658,0.12,0
453.152569,38,1640,0.0,0
453.253799,31,1646,0.10999999999999999,0
453.355339,66,1664,0.20000000000000007,0
453.457174,34,1640,0.08999999999999997,0
453.558444,70,1660,0.050000000000000044,0
453.659591,52,1653,0.05999999999999994,0
453.761194,63,1659,0.020000000000000018,0
453.862207,53,1653,0.020000000000000018,0
453.963676,43,1650,0.09999999999999998,0
454.064883,72,1663,0.19999999999999996,0
454.166114,62,1656,0.04999999999999993,0
454.267603,109,1679,0.3700000000000001,0
454.369207,93,1671,0.22999999999999998,0
454.470667,62,1657,0.09000000000000008,0
454.572194,49,1651,0.09999999999999998,0
454.674112,64,1659,0.12,0
454.774929,54,1656,0.09999999999999998,0
454.876524,85,1666,0.07999999999999996,0
454.977628,64,1655,0.1499999999999999,0
455.079438,90,1666,0.06999999999999984,0
455.180387,102,1671,0.07000000000000006,0
455.281415,86,1661,0.17999999999999994,0
455.383058,78,1655,0.020000000000000018,0
455.484229,84,1664,0.06999999999999984,0
455.585818,54,1658,0.2100000000000002,0
455.686848,72,1671,0.33999999999999986,0
455.788803,89,1675,0.3999999999999999,0
455.89024,97,1678,0.54,0
455.991533,59,1659,0.3900000000000001,0
456.093216,54,1654,0.2999999999999998,0
456.19369,31,1649,0.11999999999999988,0
456.295319,72,1672,0.020000000000000018,0
456.397228,56,1663,0.07999999999999985,0
456.499102,64,1664,0.030000000000000027,0
456.599909,60,1661,0.020000000000000018,0
456.701119,55,1660,0.06000000000000005,0
456.802744,29,1649,0.030000000000000027,0
456.903891,30,1652,0.1299999999999999,0
457.005819,35,1654,0.24,0
457.106846,65,1667,0.40000000000000013,0
457.207943,93,1678,0.53,0
457.309975,99,1677,0.44999999999999996,0
457.41128,76,1664,0.39,0
457.515074,76,1665,0.33999999999999997,0
457.616123,59,1658,0.20000000000000007,0
457.717535,34,1651,0.14,0
457.819171,57,1664,0.040000000000000036,0
457.920982,39,1655,0.14,0
458.022119,50,1661,0.010000000000000009,0
458.124032,46,1659,0.040000000000000036,0
458.225176,50,1657,0.09999999999999998,0
458.326389,41,1653,0.21000000000000002,0
458.427657,40,1654,0.22000000000000003,0
458.52889,42,1649,0.06000000000000005,0
458.630418,68,1663,0.07999999999999996,0
458.731792,58,1660,0.039999999999999925,0
458.832805,34,1646,0.06000000000000005,0
458.933943,41,1652,0.04999999999999993,0
459.035261,60,1662,0.22999999999999998,0
459.136325,44,1644,0.16999999999999998,0
459.237895,36,1653,0.010000000000000009,0
459.339438,59,1662,0.08999999999999997,0
459.441219,42,1654,0.050000000000000044,0
459.54165,62,1661,0.20999999999999996,0
459.643191,44,1646,0.13,0
459.744129,29,1644,0.07999999999999996,0
459.846238,41,1649,0.07000000000000006,0
459.947359,41,1647,0.15000000000000002,0
460.048629,42,1652,0.06999999999999995,0
460.150052,53,1656,0.18000000000000005,0
460.251094,53,1652,0.30000000000000004,0
460.352663,10,1630,0.20000000000000007,0
460.454044,120,1686,0.09999999999999998,0
460.555324,44,1655,0.0,0
460.656616,20,1636,0.13,0
460.758763,41,1651,0.1100000000000001,0
460.859556,77,1668,0.11999999999999988,0
460.961232,29,1647,0.04999999999999982,0
461.062339,36,1654,0.21000000000000008,0
461.163741,25,1651,0.13000000000000012,0
461.264721,36,1659,0.16999999999999993,0
461.366803,37,1654,0.10999999999999999,0
461.467902,14,1646,0.1100000000000001,0
461.569809,54,1669,0.020000000000000018,0
461.670896,41,1665,0.15999999999999992,0
461.772337,49,1676,0.27,0
461.873442,42,1674,0.07000000000000006,0
461.975433,109,1708,0.19000000000000006,0
462.076749,68,1683,0.13,0
462.178189,70,1675,0.0,0
462.279107,60,1687,0.29000000000000004,0
462.381108,119,1699,0.16000000000000003,0
462.482542,91,1688,0.51,0
462.583252,60,1676,0.06000000000000005,0
462.684529,76,1677,0.16000000000000014,0
462.78558,97,1696,0.33999999999999997,0
462.887175,134,1716,0.050000000000000044,0
462.989181,94,1681,0.06999999999999984,0
463.089793,98,1686,0.030000000000000027,0
463.191148,138,1714,0.3999999999999999,0
463.292205,226,1692,0.3899999999999997,0
463.393881,139,1671,0.03000000000000025,0
463.495213,160,1714,0.4400000000000004,0
463.59658,106,1690,0.13000000000000078,0
463.698271,98,1682,0.11999999999999922,0
463.800122,151,1696,0.21000000000000085,0
463.901143,190,1675,0.049999999999998934,0
464.002223,193,1737,0.33000000000000007,0
464.103607,136,1675,0.39000000000000057,0
464.205147,146,1678,0.14000000000000057,0
464.306281,139,1694,0.33000000000000007,0
464.407639,119,1681,0.33000000000000007,0
464.50914,139,1725,0.009999999999999787,0
464.610588,206,1685,0.030000000000001137,0
464.712433,178,1689,0.17999999999999972,0
464.814166,239,1720,0.3199999999999985,0
464.915203,193,1675,0.010000000000001563,0
465.016677,160,1706,0.16999999999999993,0
465.118383,174,1681,0.08000000000000007,0
465.219644,206,1749,0.14999999999999858,0
465.321306,153,1685,0.22000000000000064,0
465.422206,174,1682,0.05000000000000071,0
465.523184,186,1708,0.5399999999999991,0
465.624394,142,1673,0.0,0
465.725542,159,1691,0.46999999999999886,0
465.829104,226,1753,0.4599999999999991,0
465.930224,180,1674,0.19000000000000128,0
466.031319,179,1735,0.3100000000000005,0
466.132665,112,1669,0.35999999999999943,0
466.233443,206,1686,0.3100000000000005,0
466.335239,217,1686,0.3100000000000005,0
466.436162,259,1756,0.16999999999999993,0
466.537601,215,1773,0.41000000000000014,0
466.638819,186,1687,0.2599999999999998,0
466.740182,230,1680,0.02999999999999936,0
466.841483,177,1714,0.3200000000000003,0
466.942824,144,1659,0.5,0
467.043612,266,1686,0.1399999999999988,0
467.144891,169,1694,0.15000000000000036,0
467.246091,186,1696,0.8100000000000005,0
467.348452,237,1697,0.40000000000000036,0
467.449324,229,1683,0.1899999999999995,0
467.550857,140,1679,0.5900000000000016,0
467.652215,316,1724,0.2400000000000002,0
467.753995,184,1704,1.0099999999999998,0
467.855334,175,1694,0.8500000000000014,0
467.956344,175,1703,0.9100000000000001,0
468.057754,292,1731,0.1800000000000006,0
468.159222,125,1674,0.7700000000000005,0
468.260298,171,1690,0.4700000000000002,0
468.362487,68,1649,0.5800000000000001,0
468.463291,176,1702,0.2300000000000001,0
468.565529,263,1735,0.8499999999999996,0
468.666432,99,1665,0.9499999999999993,0
468.768939,126,1671,0.7999999999999998,0
468.86975,247,1741,0.7300000000000004,0
468.971656,185,1731,0.11000000000000032,0
469.072693,182,1752,0.0699999999999994,0
469.174802,182,1755,0.1299999999999999,0
469.275858,274,1772,0.019999999999999574,0
469.37765,279,1805,0.16999999999999993,0
469.479135,254,1776,0.0,0
469.580584,224,1737,0.1899999999999995,0
469.681339,180,1741,0.27999999999999936,0
469.782926,130,1693,0.8999999999999995,0
469.884185,107,1657,1.2800000000000002,0
469.986002,77,1657,1.5699999999999994,0
470.086754,90,1678,1.5099999999999998,0
470.187974,66,1671,1.5300000000000002,0
470.289612,94,1689,1.6700000000000008,0
470.391304,257,1782,2.59,0
470.4926,326,1810,2.5599999999999996,0
470.593451,250,1761,1.58,0
470.69474,145,1707,1.29,0
470.796225,68,1677,0.6299999999999999,0
470.897639,115,1696,0.45999999999999996,0
471.000013,85,1689,0.30000000000000027,0
471.100657,51,1675,0.3899999999999999,0
471.202183,318,1810,0.35,0
471.306141,103,1717,0.21999999999999975,0
471.407266,165,1734,1.0199999999999996,0
471.508588,126,1721,0.9500000000000011,0
471.609588,110,1709,0.7800000000000011,0
471.713438,76,1713,0.40000000000000036,0
471.814988,57,1698,0.1899999999999995,0
471.916016,68,1703,0.5400000000000009,0
472.017318,79,1715,0.5800000000000001,0
472.118974,61,1703,0.9299999999999997,0
472.219931,118,1716,1.0399999999999991,0
472.321397,110,1713,0.8499999999999996,0
472.422791,173,1745,0.7300000000000004,0
472.524334,106,1708,0.8100000000000005,0
472.625605,201,1756,1.0099999999999998,0
472.727271,318,1761,0.9900000000000002,0
472.829375,235,1802,0.8499999999999996,0
472.930357,192,1759,0.9900000000000002,0
473.031628,120,1700,0.9599999999999991,0
473.133453,102,1685,0.8600000000000012,0
473.234239,149,1684,0.5299999999999994,0
473.336192,131,1698,0.8100000000000005,0
473.436921,345,1796,0.8600000000000012,0
473.538981,201,1730,0.8600000000000012,0
473.640085,105,1679,0.9499999999999993,0
473.740728,170,1701,0.5199999999999996,0
473.842267,166,1706,0.8499999999999996,0
473.943594,130,1704,0.5400000000000009,0
474.045049,214,1731,0.6699999999999999,0
474.145975,140,1692,0.5299999999999994,0
474.246922,107,1653,0.6499999999999986,0
474.348262,491,1814,0.10000000000000053,1
474.449654,129,1659,1.1900000000000002,0
474.551655,131,1668,1.3400000000000003,0
474.652406,212,1710,0.5799999999999996,0
474.753619,118,1667,0.10000000000000053,0
474.855045,105,1660,0.08000000000000007,0
474.956723,129,1682,0.2699999999999996,0
475.058209,163,1704,0.1899999999999995,0
475.159192,128,1696,0.10999999999999943,0
475.261008,163,1709,0.08000000000000007,0
475.361768,148,1696,0.16000000000000014,0
475.463547,120,1680,0.120000000000001,0
475.565049,57,1654,0.2900000000000009,0
475.666584,160,1716,0.129999999999999,0
475.76761,76,1691,0.35999999999999943,0
475.869266,167,1743,0.7600000000000016,0
475.971328,180,1755,0.3000000000000007,0
476.072275,129,1733,0.05000000000000071,0
476.17372,145,1722,0.11999999999999922,0
476.274948,70,1685,0.5999999999999996,0
476.376384,30,1655,1.0899999999999999,0
476.477757,46,1659,0.9100000000000001,0
476.57894,120,1696,0.6499999999999995,0
476.680287,98,1696,0.8300000000000001,0
476.781738,49,1681,0.9399999999999995,0
476.883044,41,1672,0.8600000000000003,0
476.985099,62,1685,0.9400000000000004,0
477.086182,29,1664,0.8300000000000001,0
477.18702,32,1664,0.81,0
477.289117,51,1670,0.73,0
477.390099,37,1662,0.6699999999999999,0
477.491159,51,1672,0.55,0
477.591882,79,1688,0.40000000000000013,0
477.693224,97,1692,0.3999999999999999,0
477.7948,100,1693,0.3900000000000001,0
477.895632,111,1698,0.31000000000000005,0
477.997582,53,1671,0.27,0
478.101617,54,1678,0.29999999999999993,0
478.202723,67,1666,0.3400000000000001,0
478.303792,85,1676,0.16000000000000014,0
478.405322,94,1681,0.08000000000000007,0
478.509296,87,1674,0.07000000000000006,0
478.610064,80,1669,0.0,0
478.711264,31,1647,0.10999999999999999,0
478.812412,7,1640,0.21999999999999997,0
478.913648,46,1679,0.21999999999999997,0
479.014845,56,1709,0.27,0
479.115767,45,1705,0.010000000000000009,0
479.216777,116,1739,0.1100000000000001,0
479.318581,46,1720,0.06999999999999984,0
479.419766,20,1702,0.1499999999999999,0
479.52091,49,1719,0.20999999999999996,0
479.621882,69,1729,0.11999999999999988,0
479.723341,71,1729,0.34999999999999987,0
479.82437,77,1734,0.10000000000000009,0
479.925828,64,1726,0.2599999999999999,0
480.027101,89,1746,0.08000000000000007,0
480.127936,60,1728,0.20999999999999996,0
480.229552,98,1751,0.14000000000000012,0
480.33034,76,1742,0.1399999999999999,0
480.431367,79,1741,0.1399999999999999,0
480.532523,35,1721,0.04999999999999982,0
480.634013,59,1743,0.020000000000000018,0
480.734901,54,1725,0.04999999999999982,0
480.836235,48,1735,0.10999999999999988,0
480.937431,56,1745,0.09000000000000008,0
481.038821,81,1748,0.1100000000000001,0
481.139822,39,1731,0.1100000000000001,0
481.240929,62,1739,0.36,0
481.343055,82,1728,0.09999999999999987,0
481.444329,71,1722,0.2500000000000001,0
481.545805,112,1731,0.020000000000000018,0
481.647365,78,1721,0.43000000000000005,0
481.748368,45,1694,0.19000000000000006,0
481.849444,21,1684,0.16999999999999993,0
481.950833,54,1694,0.030000000000000027,0
482.052323,58,1695,0.050000000000000044,0
482.153621,74,1713,0.19999999999999996,0
482.254764,59,1704,0.08000000000000007,0
482.355851,102,1723,0.06000000000000005,0
482.457259,74,1722,0.2599999999999999,0
482.558559,56,1704,0.10999999999999988,0
482.659749,32,1692,0.09999999999999998,0
482.760785,45,1693,0.050000000000000044,0
482.862206,65,1704,0.14,0
482.963771,37,1694,0.1299999999999999,0
483.065178,102,1727,0.27999999999999997,0
483.166243,45,1700,0.03999999999999998,0
483.26752,64,1708,0.13,0
483.369353,82,1721,0.08999999999999997,0
483.470266,36,1694,0.12,0
483.571632,28,1696,0.030000000000000027,0
483.672743,77,1720,0.07000000000000006,0
483.774288,70,1718,0.36,0
483.875139,75,1714,0.09000000000000008,0
483.976843,64,1720,0.13000000000000012,0
484.078213,63,1709,0.17999999999999994,0
484.180282,15,1686,0.050000000000000044,0
484.280944,40,1697,0.17999999999999994,0
484.382869,45,1702,0.20999999999999996,0
484.483984,20,1688,0.030000000000000027,0
484.585725,32,1690,0.14,0
484.687129,76,1710,0.19999999999999996,0
484.788355,12,1681,0.04999999999999993,0
484.889562,43,1698,0.04999999999999993,0
484.991378,52,1697,0.22999999999999998,0
485.09239,60,1703,0.08999999999999997,0
485.19383,42,1704,0.039999999999999925,0
485.294827,92,1713,0.019999999999999907,0
485.396167,107,1736,0.22000000000000008,0
485.497766,68,1702,0.050000000000000044,0
485.598658,31,1683,0.19000000000000006,0
485.699804,73,1695,0.14000000000000012,0
485.800814,81,1701,0.07000000000000006,0
485.904817,20,1683,0.019999999999999796,0
486.005741,63,1704,0.040000000000000036,0
486.107188,46,1698,0.16000000000000014,0
486.208425,41,1693,0.029999999999999805,0
486.310136,51,1699,0.0,0
486.410573,56,1714,0.019999999999999796,0
486.511863,80,1717,0.1100000000000001,0
486.6127,56,1714,0.15000000000000013,0
486.714165,25,1690,0.08999999999999986,0
486.815388,67,1705,0.040000000000000036,0
486.916664,55,1717,0.030000000000000027,0
487.018181,77,1717,0.07000000000000006,0
487.119633,75,1725,0.14000000000000012,0
487.22053,78,1711,0.15999999999999992,0
487.322354,62,1716,0.18000000000000016,0
487.423181,37,1690,0.06999999999999984,0
487.524684,41,1696,0.10000000000000009,0
487.625783,32,1702,0.040000000000000036,0
487.727154,66,1711,0.07000000000000006,0
487.828259,72,1723,0.16000000000000014,0
487.929822,88,1725,0.1399999999999999,0
488.030593,62,1722,0.18999999999999995,0
488.132414,81,1721,0.16000000000000014,0
488.233795,65,1720,0.10999999999999988,0
488.335315,60,1704,0.1100000000000001,0
488.435806,11,1681,0.06000000000000005,0
488.537175,61,1703,0.020000000000000018,0
488.638795,58,1706,0.15999999999999992,0
488.739996,22,1683,0.09000000000000008,0
488.841302,72,1711,0.16999999999999993,0
488.942682,53,1689,0.06000000000000005,0
489.043667,25,1676,0.07000000000000006,0
489.145282,28,1666,0.08000000000000007,0
489.246256,21,1658,0.11999999999999988,0
489.34776,44,1671,0.14000000000000012,0
489.448943,65,1665,0.29000000000000004,0
489.550255,94,1677,0.47,0
489.651131,88,1670,0.45999999999999996,0
489.752566,42,1652,0.30000000000000004,0
489.853574,60,1670,0.010000000000000231,0
489.954626,70,1673,0.1299999999999999,0
490.055921,85,1681,0.17999999999999972,0
490.156818,43,1663,0.1200000000000001,0
490.25767,58,1647,0.1299999999999999,0
490.358958,32,1650,0.04999999999999982,0
490.460245,64,1668,0.029999999999999805,0
490.56184,57,1661,0.08999999999999986,0
490.662433,15,1638,0.06999999999999984,0
490.7636,28,1643,0.08999999999999986,0
490.865069,66,1669,0.33000000000000007,0
490.966401,57,1664,0.2799999999999998,0
491.067196,36,1652,0.1100000000000001,0
491.16863,29,1640,0.030000000000000027,0
491.269886,61,1663,0.1399999999999999,0
491.371559,56,1655,0.1100000000000001,0
491.472527,36,1643,0.10999999999999988,0
491.57365,52,1648,0.18999999999999995,0
491.674791,88,1662,0.31999999999999984,0
491.776196,78,1654,0.27,0
491.877138,52,1649,0.0,0
491.978897,49,1651,0.14000000000000012,0
492.080425,50,1639,0.10000000000000009,0
492.181828,20,1630,0.010000000000000009,0
492.282947,53,1645,0.18999999999999995,0
492.384309,37,1630,0.030000000000000027,0
492.485411,43,1632,0.18000000000000016,0
492.586762,58,1639,0.20999999999999996,0
492.688409,43,1633,0.040000000000000036,0
492.788899,29,1623,0.1499999999999999,0
492.890419,54,1632,0.10000000000000009,0
492.99218,94,1621,0.010000000000000009,0
493.093563,57,1628,0.16000000000000014,0
493.194663,56,1647,0.039999999999999813,0
493.29576,66,1676,0.3700000000000001,0
493.397779,110,1678,0.06000000000000005,0
493.499268,107,1682,0.3800000000000001,0
493.600204,128,1693,0.5,0
493.701341,144,1701,0.6200000000000001,0
493.802182,109,1686,0.49,0
493.903398,128,1693,0.3799999999999999,0
494.005068,119,1685,0.3799999999999999,0
494.106771,84,1668,0.36999999999999966,0
494.207633,103,1666,0.3999999999999999,0
494.31186,231,1734,0.06999999999999984,0
494.41324,328,1776,0.19999999999999973,0
494.514289,167,1718,0.5199999999999998,0
494.615766,185,1716,0.5900000000000001,0
494.71628,238,1741,0.43999999999999995,0
494.817319,142,1710,0.08999999999999986,0
494.918389,100,1698,0.31999999999999984,0
495.019788,20,1646,0.1599999999999997,0
495.121311,46,1659,0.2599999999999998,0
495.222313,103,1680,0.3900000000000001,0
495.323436,65,1666,0.09999999999999964,0
495.425356,102,1689,0.21999999999999997,0
495.526355,65,1668,0.13000000000000012,0
495.627524,50,1672,0.18999999999999995,0
495.728627,99,1701,0.3999999999999999,0
495.830586,94,1687,0.3600000000000001,0
495.931257,46,1650,0.020000000000000018,0
496.032789,62,1661,0.07000000000000006,0
496.133571,97,1676,0.06999999999999984,0
496.234731,74,1664,0.44999999999999996,0
496.336365,128,1693,0.05999999999999983,0
496.437252,143,1686,0.32999999999999985,0
496.538448,107,1669,0.1299999999999999,0
496.639819,94,1671,0.40000000000000013,0
496.740599,87,1668,0.2400000000000002,0
496.842665,133,1677,0.5200000000000002,0
496.943435,114,1690,0.06000000000000005,0
497.044831,109,1659,0.5699999999999998,0
497.14593,115,1688,0.21999999999999975,0
497.247101,99,1663,0.020000000000000018,0
497.349154,152,1669,0.5999999999999999,0
497.450417,114,1660,0.29000000000000004,0
497.551803,169,1671,0.10000000000000009,0
497.653286,126,1660,0.3500000000000001,0
497.754078,115,1697,0.1299999999999999,0
497.855333,107,1702,0.27,0
497.956637,145,1694,0.21999999999999975,0
498.05831,141,1698,0.26000000000000023,0
498.159942,42,1657,0.16000000000000014,0
498.261094,65,1673,0.020000000000000018,0
498.36226,87,1682,0.22999999999999998,0
498.464189,165,1730,0.5800000000000001,0
498.564795,148,1720,0.9100000000000001,0
498.665999,100,1676,0.45999999999999996,0
498.767258,61,1668,0.26000000000000023,0
498.868313,138,1704,0.5500000000000003,0
498.97062,133,1700,0.43000000000000016,0
499.071431,62,1665,0.2400000000000002,0
499.173196,54,1661,0.1999999999999993,0
499.274359,59,1659,0.29000000000000004,0
499.375936,153,1697,0.45999999999999996,0
499.476891,80,1664,0.3100000000000005,0
499.578618,83,1681,0.3400000000000003,0
499.679868,120,1707,0.6099999999999999,0
499.782001,119,1692,0.17999999999999972,0
499.883034,109,1705,0.71,0
499.984433,103,1683,0.23000000000000043,0
500.08579,155,1711,0.5300000000000002,0
500.187683,179,1728,0.6400000000000001,0
500.288883,108,1703,0.6400000000000001,0
500.389797,106,1701,0.4899999999999993,0
500.491135,197,1733,0.77,0
500.592456,85,1683,0.49999999999999956,0
500.693222,125,1702,0.3100000000000005,0
500.794428,42,1648,0.08000000000000007,0
500.895682,38,1653,0.050000000000000266,0
500.997434,44,1641,0.029999999999999805,0
501.098625,33,1641,0.17999999999999972,0
501.200186,38,1647,0.22999999999999998,0
501.301534,106,1683,0.050000000000000266,0
501.402398,62,1663,0.15000000000000036,0
501.504201,23,1645,0.23999999999999977,0
501.605386,36,1655,0.31999999999999984,0
501.706581,150,1721,0.010000000000000231,0
501.808364,115,1707,0.20999999999999996,0
501.909777,33,1658,0.25,0
502.010834,155,1729,0.040000000000000036,0
502.112153,65,1680,0.3700000000000001,0
502.21342,137,1726,0.08999999999999986,0
502.317126,55,1667,0.22999999999999998,0
502.417808,151,1733,0.04999999999999982,0
502.519277,51,1664,0.2999999999999998,0
502.620794,173,1735,0.040000000000000036,0
502.72458,128,1711,0.07000000000000028,0
502.825795,67,1668,0.3599999999999999,0
502.927205,133,1713,0.029999999999999805,0
503.028841,53,1662,0.14000000000000012,0
503.130006,116,1713,0.07000000000000028,0
503.231286,83,1693,0.20999999999999996,0
503.333118,55,1670,0.2200000000000002,0
503.434184,155,1720,0.040000000000000036,0
503.535551,102,1690,0.050000000000000266,0
503.636263,150,1724,0.010000000000000231,0
503.73821,66,1676,0.029999999999999805,0
503.839663,103,1695,0.1200000000000001,0
503.941085,83,1663,0.2400000000000002,0
504.041597,143,1718,0.14000000000000012,0
504.143082,74,1668,0.10000000000000009,0
504.244671,161,1730,0.25,0
504.345614,73,1662,0.2799999999999998,0
504.448865,110,1700,0.06999999999999984,0
504.550393,83,1695,0.10000000000000009,0
504.651413,133,1718,0.040000000000000036,0
504.752963,113,1709,0.16999999999999993,0
504.854284,96,1670,0.2200000000000002,0
504.956361,184,1734,0.04999999999999982,0
505.05736,75,1661,0.08999999999999986,0
505.158211,184,1721,0.04999999999999982,0
505.259554,55,1654,0.1299999999999999,0
505.360913,207,1733,0.10000000000000009,0
505.462392,111,1689,0.17000000000000037,0
505.563769,138,1700,0.31000000000000005,0
505.665105,112,1687,0.10000000000000009,0
505.766799,128,1684,0.25,0
505.868195,157,1690,0.26000000000000023,0
505.970117,66,1650,0.03000000000000025,0
506.071563,140,1684,0.2200000000000002,0
506.173421,142,1691,0.08000000000000007,0
506.274337,89,1670,0.04999999999999982,0
506.37614,162,1709,0.050000000000000266,0
506.477042,162,1704,0.10999999999999988,0
506.578372,77,1635,0.11999999999999966,0
506.67932,164,1692,0.020000000000000018,0
506.781223,96,1642,0.1499999999999999,0
506.881756,135,1684,0.020000000000000018,0
506.982763,123,1681,0.040000000000000036,0
507.084104,155,1703,0.009999999999999787,0
507.185221,139,1706,0.08000000000000007,0
507.286669,133,1706,0.06000000000000005,0
507.387655,229,1744,0.41999999999999993,0
507.488785,117,1669,0.06000000000000005,0
507.589855,169,1722,0.22999999999999998,0
507.69125,101,1670,0.23999999999999977,0
507.792652,229,1732,0.0,0
507.89354,133,1686,0.0900000000000003,0
507.994805,217,1696,0.1299999999999999,0
508.095893,216,1693,0.029999999999999805,0
508.197295,108,1662,0.1499999999999999,0
508.29901,136,1678,0.3899999999999997,0
508.399771,121,1680,0.16000000000000014,0
508.501095,179,1703,0.06000000000000005,0
508.602111,77,1664,0.20999999999999996,0
508.706208,162,1705,0.18999999999999995,0
508.807328,141,1693,0.020000000000000018,0
508.909158,37,1651,0.18999999999999995,0
509.010406,191,1710,0.03999999999999959,0
509.114342,116,1677,0.2599999999999998,0
509.215266,116,1697,0.050000000000000266,0
509.316566,116,1703,0.30000000000000027,0
509.417763,103,1694,0.13999999999999968,0
509.521455,101,1674,0.04999999999999982,0
509.622765,186,1727,0.11000000000000032,0
509.723704,88,1669,0.23000000000000043,0
509.825182,72,1682,0.029999999999999805,0
509.926592,112,1700,0.009999999999999787,0
510.02786,123,1698,0.06999999999999984,0
510.128761,102,1684,0.11999999999999966,0
510.229906,55,1646,0.04999999999999982,0
510.33139,142,1710,0.2100000000000004,0
510.432366,76,1664,0.17000000000000037,0
510.533837,111,1692,0.1299999999999999,0
510.635333,95,1686,0.34999999999999987,0
510.736393,62,1666,0.3400000000000001,0
510.838311,164,1718,0.15000000000000013,0
510.938623,55,1655,0.030000000000000027,0
511.039884,229,1778,0.20999999999999996,0
511.141545,368,1802,0.29000000000000004,0
511.242352,532,1871,0.030000000000000027,1
511.344291,374,1834,0.11999999999999988,0
511.445274,153,1698,0.56,0
511.546359,331,1810,0.9400000000000001,0
511.647854,337,1780,1.26,0
511.748839,241,1724,1.03,0
511.850614,86,1682,0.72,0
511.951357,87,1682,0.37,0
512.052582,27,1650,0.43,0
512.154405,77,1685,0.10999999999999999,0
512.255552,92,1702,0.10999999999999999,0
512.357754,70,1668,0.07999999999999985,0
512.459168,77,1681,0.27,0
512.560264,52,1677,0.48,0
512.661524,68,1672,0.3999999999999999,0
512.763572,68,1694,0.19000000000000017,0
512.864301,64,1701,0.41999999999999993,0
512.966684,90,1708,0.71,0
513.067278,94,1716,0.7499999999999998,0
513.169406,22,1679,0.43999999999999995,0
513.270419,31,1681,0.3800000000000001,0
513.372362,46,1697,0.42000000000000015,0
513.473998,58,1697,0.47,0
513.575416,105,1726,0.3899999999999999,0
513.676799,50,1687,0.08999999999999986,0
513.778634,54,1683,0.07999999999999985,0
513.880454,106,1712,0.10000000000000009,0
513.982041,83,1705,0.08999999999999986,0
514.083369,84,1701,0.16000000000000014,0
514.184363,113,1706,0.06999999999999984,0
514.285761,71,1692,0.1499999999999999,0
514.387106,126,1733,0.18999999999999995,0
514.488695,109,1718,0.20999999999999996,0
514.589814,111,1705,0.14000000000000012,0
514.690804,65,1681,0.03000000000000025,0
514.792753,77,1680,0.18999999999999995,0
514.893834,179,1733,0.1299999999999999,0
514.99534,62,1683,0.050000000000000266,0
515.096547,112,1702,0.040000000000000036,0
515.19804,69,1683,0.30000000000000027,0
515.299066,163,1722,0.22999999999999998,0
515.400749,137,1704,0.10999999999999988,0
515.501777,160,1696,0.6099999999999999,0
515.603204,129,1692,0.20999999999999996,0
515.704331,120,1707,0.2400000000000002,0
515.80578,99,1692,0.3900000000000001,0
515.907114,83,1705,0.08000000000000007,0
516.009175,141,1739,0.2400000000000002,0
516.110146,159,1729,0.030000000000000027,0
516.211193,168,1733,0.2799999999999998,0
516.312179,172,1712,0.22999999999999998,0
516.414103,215,1708,0.020000000000000018,0
516.514904,123,1673,0.08999999999999986,0
516.616118,261,1743,0.3500000000000001,0
516.717668,129,1656,0.08000000000000007,0
516.819103,271,1720,0.16000000000000014,0
516.923335,207,1675,0.3500000000000001,0
517.024768,166,1656,0.15999999999999992,0
517.126647,237,1735,0.030000000000000027,0
517.228358,201,1669,0.47,0
517.329254,253,1702,0.28,0
517.429875,115,1640,0.22999999999999998,0
517.531077,376,1752,0.2,0
517.632395,248,1708,0.73,0
517.733384,265,1697,0.039999999999999994,0
517.835116,382,1741,0.25,0
517.936653,422,1755,0.15000000000000002,0
518.037299,188,1657,0.060000000000000026,0
518.138599,172,1654,0.17,0
518.239862,410,1747,0.18000000000000002,0
518.342013,219,1669,0.19999999999999998,0
518.443368,321,1719,0.040000000000000036,0
518.544248,323,1735,0.16000000000000003,0
518.645446,357,1736,0.15,0
518.746785,472,1783,0.06,0
518.847924,321,1735,0.27,0
518.950028,379,1755,0.56,0
519.050679,288,1720,0.49999999999999994,0
519.151808,277,1735,0.25000000000000006,0
519.253181,370,1757,0.29000000000000004,0
519.354353,256,1736,0.18000000000000005,0
519.455365,358,1768,0.10000000000000009,0
519.55634,349,1761,0.10999999999999988,0
519.657739,246,1704,0.45999999999999996,0
519.758986,361,1742,0.27,0
519.860006,366,1763,0.6200000000000001,0
519.961936,177,1705,0.4099999999999999,0
520.063319,228,1727,0.06000000000000005,0
520.164173,225,1725,0.27,0
520.265763,192,1734,0.4300000000000006,0
520.367068,217,1745,0.040000000000000036,0
520.468327,90,1669,0.8200000000000003,0
520.569778,240,1752,1.0200000000000005,0
520.670631,75,1678,0.8999999999999995,0
520.772123,142,1710,0.41000000000000014,0
520.873291,86,1686,0.5099999999999998,0
520.975429,161,1746,1.0899999999999999,0
521.076211,122,1714,0.8900000000000006,0
521.177975,187,1702,1.4000000000000004,0
521.279258,212,1774,1.5100000000000016,0
521.381012,262,1767,1.8000000000000007,0
521.482046,215,1760,1.6499999999999986,0
521.583898,150,1724,1.4299999999999997,0
521.685193,166,1717,0.8900000000000006,0
521.786998,153,1726,0.8800000000000026,0
521.888021,82,1674,0.2699999999999996,0
521.989625,504,1812,0.7199999999999989,1
522.090914,435,1841,0.620000000000001,1
522.193128,405,1828,0.28999999999999915,1
522.293741,479,1810,0.14999999999999858,1
522.395055,474,1833,0.3299999999999983,1
522.496091,398,1849,0.4299999999999997,0
522.59729,223,1727,0.4499999999999993,0
522.698775,130,1684,1.0899999999999999,0
522.799849,180,1727,0.8900000000000006,0
522.900961,151,1710,0.9100000000000001,0
523.002392,255,1778,0.9800000000000004,0
523.103784,222,1729,0.6700000000000017,0
523.205069,177,1733,0.5899999999999999,0
523.307028,204,1699,0.14000000000000057,0
523.408198,158,1728,0.4800000000000004,0
523.512229,155,1729,0.33000000000000007,0
523.613585,180,1712,0.7300000000000004,0
523.714704,164,1701,1.1099999999999994,0
523.816309,91,1685,1.33,0
523.917194,121,1741,1.2999999999999998,0
524.018276,125,1734,1.1100000000000003,0
524.119445,135,1745,1.1099999999999999,0
524.220395,258,1797,0.8,0
524.322273,376,1795,0.1200000000000001,0
524.423265,383,1829,0.4099999999999997,0
524.525114,276,1792,0.3799999999999999,0
524.626201,221,1756,0.13000000000000012,0
524.727823,165,1734,0.6599999999999999,0
524.82917,127,1701,0.42999999999999994,0
524.930226,102,1695,0.54,0
525.031311,154,1742,0.57,0
525.132399,127,1718,0.5,0
525.23396,121,1694,0.55,0
525.335655,115,1719,0.6200000000000001,0
525.436409,198,1749,0.41999999999999993,0
525.538099,98,1706,0.3799999999999999,0
525.639836,62,1677,0.52,0
525.7403,152,1731,0.2999999999999998,0
525.842224,191,1721,0.40000000000000013,0
525.943458,102,1675,0.42000000000000015,0
526.045348,104,1678,0.029999999999999805,0
526.145718,197,1685,0.1200000000000001,0
526.247005,171,1672,0.44999999999999996,0
526.348455,120,1695,0.07000000000000006,0
526.4498,155,1678,0.22999999999999976,0
526.550327,169,1684,0.18999999999999995,0
526.651625,131,1695,0.25,0
526.753751,116,1671,0.19999999999999996,0
526.854306,138,1717,0.010000000000000009,0
526.955377,165,1724,0.050000000000000044,0
527.056977,88,1675,0.33000000000000007,0
527.158359,131,1704,0.32999999999999985,0
527.26014,157,1687,0.1100000000000001,0
527.361348,140,1718,0.050000000000000044,0
527.462305,131,1690,0.28,0
527.563711,145,1681,0.050000000000000044,0
527.665012,135,1682,0.16999999999999993,0
527.766397,191,1701,0.04999999999999993,0
527.86776,175,1715,0.040000000000000036,0
527.968877,118,1682,0.030000000000000027,0
528.070189,115,1675,0.09000000000000002,0
528.171547,198,1724,0.020000000000000018,0
528.273189,71,1640,0.08000000000000002,0
528.374636,143,1661,0.03,0
528.475742,201,1694,0.33,0
528.577609,108,1634,0.16999999999999998,0
528.678727,204,1671,0.28,0
528.77992,221,1670,0.29,0
528.881226,150,1648,0.10999999999999999,0
528.982233,149,1640,0.04999999999999999,0
529.083806,179,1621,0.09,0
529.184759,227,1655,0.27,0
529.285673,201,1637,0.18,0
529.386694,292,1674,0.030000000000000027,0
529.488324,132,1601,0.06,0
529.589743,390,1691,0.030000000000000027,0
529.690701,235,1630,0.14999999999999997,0
529.792196,244,1624,0.18000000000000005,0
529.893366,267,1609,0.30000000000000004,0
529.995071,191,1581,0.14,0
530.096403,241,1629,0.33000000000000007,0
530.197383,255,1623,0.17999999999999994,0
530.298644,259,1611,0.1200000000000001,0
530.400269,381,1649,0.49000000000000005,0
530.504374,236,1639,0.59,0
530.605796,355,1624,0.55,0
530.707082,325,1656,0.22000000000000003,0
530.80857,371,1719,0.39,0
530.910065,339,1681,0.21000000000000002,0
531.011482,330,1660,0.49000000000000005,0
531.115213,290,1691,0.6699999999999999,0
531.216268,240,1630,0.48,0
531.317556,232,1673,0.07000000000000006,0
531.419933,272,1722,0.22000000000000008,0
531.521554,433,1783,0.33999999999999997,0
531.622643,376,1766,0.58,0
531.723959,289,1753,0.62,0
531.825189,280,1754,0.020000000000000018,0
531.927358,200,1738,0.019999999999999907,0
532.028011,123,1678,0.27,0
532.129302,175,1721,0.77,0
532.230219,315,1761,0.4900000000000001,0
532.332142,142,1690,0.48,0
532.433031,169,1704,0.5800000000000001,0
532.534302,121,1699,0.6399999999999999,0
532.63545,125,1667,0.20999999999999996,0
532.736568,190,1699,0.2799999999999998,0
532.838321,120,1693,0.6199999999999997,0
532.939042,124,1679,0.5800000000000005,0
533.040275,123,1679,0.4399999999999995,0
533.142258,142,1680,0.34999999999999964,0
533.242662,177,1698,0.6499999999999995,0
533.344427,193,1708,0.5300000000000002,0
533.445307,130,1690,0.6699999999999999,0
533.546572,170,1716,0.7700000000000005,0
533.648399,128,1708,0.4800000000000004,0
533.749439,86,1688,0.5600000000000005,0
533.850821,98,1693,0.6500000000000004,0
533.952637,137,1698,0.5,0
534.053818,82,1681,0.4900000000000011,0
534.154766,120,1671,0.5899999999999999,0
534.256158,138,1708,0.23000000000000043,0
534.357839,171,1701,0.4299999999999997,0
534.459614,172,1706,0.40999999999999925,0
534.560633,44,1635,0.4899999999999993,0
534.661837,120,1677,0.5400000000000005,0
534.763092,182,1706,0.1499999999999999,0
534.864437,105,1673,0.020000000000000018,0
534.965819,58,1650,0.3500000000000001,0
535.06728,116,1680,0.49,0
535.169151,136,1680,0.30000000000000004,0
535.270338,73,1654,0.07000000000000006,0
535.371674,99,1664,0.039999999999999813,0
535.473132,89,1662,0.10999999999999999,0
535.5743,62,1645,0.10999999999999999,0
535.675927,108,1674,0.03999999999999998,0
535.777403,135,1684,0.019999999999999796,0
535.879031,57,1656,0.08000000000000007,0
535.981264,114,1686,0.29000000000000004,0
536.082263,103,1678,0.050000000000000266,0
536.183068,191,1700,0.5099999999999998,0
536.284358,175,1704,0.17999999999999972,0
536.385285,87,1661,0.3799999999999999,0
536.486574,132,1684,0.14999999999999947,0
536.587677,55,1651,0.09999999999999964,0
536.690203,139,1700,0.010000000000000675,0
536.791321,99,1683,0.17999999999999972,0
536.892961,133,1696,0.08999999999999986,0
536.994239,142,1727,0.13999999999999968,0
537.095071,98,1692,0.14000000000000057,0
537.196311,130,1718,0.2799999999999998,0
537.300355,139,1718,0.20000000000000018,0
537.401445,152,1750,0.31999999999999984,0
537.50311,183,1752,0.20000000000000018,0
537.603792,146,1730,0.51,0
537.705311,106,1713,0.7399999999999999,0
537.806245,133,1723,0.38,0
537.907363,127,1711,0.48000000000000004,0
538.009116,133,1709,0.37,0
538.112776,148,1711,0.47,0
538.213827,124,1699,0.69,0
538.317438,145,1707,0.6699999999999999,0
538.419326,112,1692,0.29000000000000004,0
538.52063,183,1726,0.21000000000000002,0
538.624191,156,1717,0.39,0
538.724947,101,1695,0.76,0
538.826805,94,1686,0.8899999999999999,0
538.92779,74,1676,0.63,0
539.028739,162,1724,0.4,0
539.130161,214,1754,0.31,0
539.231249,92,1696,0.66,0
539.333122,102,1695,0.46,0
539.434394,181,1720,0.21,0
539.535723,88,1696,0.08000000000000002,0
539.637209,82,1684,0.06,0
539.738342,122,1696,0.5,0
539.840545,175,1712,0.5,0
539.941267,249,1736,0.24,0
540.042319,72,1660,0.5,0
540.143439,111,1691,0.46,0
540.244768,233,1738,0.53,0
540.345623,65,1673,0.48000000000000004,0
540.44659,83,1688,0.54,0
540.547667,142,1718,0.39,0
540.649216,160,1721,0.14,0
540.750806,126,1695,0.33999999999999997,0
540.851451,151,1718,0.16999999999999998,0
540.953272,142,1706,0.10999999999999999,0
541.054278,167,1715,0.009999999999999995,0
541.155662,105,1675,0.35,0
541.256576,159,1684,0.10999999999999999,0
541.357276,180,1694,0.050000000000000044,0
541.45855,123,1690,0.21999999999999997,0
541.560678,169,1700,0.36,0
541.661709,132,1689,0.0,0
541.763188,193,1715,0.08999999999999997,0
541.86437,160,1707,0.14999999999999997,0
541.96631,186,1702,0.06,0
542.067523,237,1717,0.18,0
542.168981,104,1668,0.030000000000000027,0
542.270685,156,1697,0.27,0
542.372744,177,1685,0.33000000000000007,0
542.474146,226,1722,0.14,0
542.575653,227,1703,0.18999999999999995,0
542.677194,139,1669,0.12,0
542.778794,245,1706,0.26,0
542.879895,124,1667,0.31,0
542.981987,217,1682,0.09999999999999998,0
543.083245,145,1647,0.06000000000000005,0
543.18465,255,1742,0.32000000000000006,0
543.285977,223,1699,0.18999999999999995,0
543.387356,138,1698,0.33999999999999986,0
543.489174,171,1685,0.040000000000000036,0
543.590174,188,1696,0.19999999999999996,0
543.691256,153,1680,0.020000000000000018,0
543.792683,238,1722,0.21999999999999997,0
543.893912,252,1717,0.15999999999999992,0
543.995553,159,1663,0.30000000000000004,0
544.096951,124,1666,0.010000000000000009,0
544.198839,251,1743,0.15000000000000013,0
544.300141,182,1708,0.2699999999999998,0
544.401842,165,1671,0.33000000000000007,0
544.503521,200,1655,0.3500000000000001,0
544.604292,179,1667,0.45999999999999996,0
544.706148,225,1711,0.5,0
544.807405,132,1651,0.30000000000000004,0
544.911447,206,1682,0.21999999999999997,0
545.013083,294,1714,0.3500000000000001,0
545.114581,191,1639,0.05999999999999983,0
545.21562,148,1623,0.11999999999999988,0
545.319586,117,1618,0.21999999999999997,0
545.421136,424,1746,0.16000000000000014,0
545.522258,120,1635,0.010000000000000009,0
545.623324,202,1670,0.33000000000000007,0
545.724528,167,1649,0.25,0
545.825691,229,1691,0.31999999999999984,0
545.927128,204,1707,0.08999999999999997,0
546.028669,239,1724,0.06999999999999995,0
546.129595,97,1651,0.020000000000000018,0
546.230577,108,1660,0.21,0
546.332367,208,1694,0.04999999999999999,0
546.433685,327,1726,0.47,0
546.534539,292,1722,0.42,0
546.636041,268,1714,0.17000000000000004,0
546.736916,169,1687,0.79,0
546.839128,230,1687,0.7200000000000001,0
546.939912,362,1769,0.21999999999999997,0
547.040919,121,1703,0.4999999999999999,0
547.142353,210,1699,0.1100000000000001,0
547.243806,253,1735,0.31000000000000005,0
547.345057,194,1709,0.08000000000000002,0
547.446407,111,1673,0.42000000000000004,0
547.547591,194,1694,0.54,0
547.6488,144,1688,0.44999999999999996,0
547.750567,125,1714,0.29000000000000004,0
547.851587,68,1663,0.009999999999999898,0
547.953087,138,1695,0.05999999999999994,0
548.054363,72,1664,0.16999999999999998,0
548.155303,55,1671,0.5499999999999999,0
548.256683,72,1668,0.28,0
548.358377,73,1667,0.04999999999999982,0
548.459278,83,1677,0.2400000000000002,0
548.561062,51,1665,0.010000000000000231,0
548.661829,32,1670,0.27000000000000046,0
548.7636,91,1687,0.1200000000000001,0
548.865171,53,1675,0.13999999999999968,0
548.966535,54,1683,0.019999999999999574,0
549.068141,82,1690,0.3099999999999996,0
549.170336,26,1665,0.15000000000000036,0
549.271276,22,1664,0.20000000000000018,0
549.373378,73,1688,0.3099999999999996,0
549.474133,118,1710,0.6300000000000008,0
549.576131,52,1678,0.6699999999999999,0
549.677349,48,1668,0.5700000000000003,0
549.779645,98,1677,0.6799999999999997,0
549.881,111,1684,0.7799999999999998,0
549.983062,88,1677,0.5600000000000005,0
550.084198,79,1675,0.44999999999999973,0
550.185763,90,1676,0.21999999999999975,0
550.286192,83,1677,0.6400000000000001,0
550.388054,30,1650,0.29000000000000004,0
550.488951,127,1690,0.62,0
550.590195,102,1677,0.17999999999999994,0
550.691314,72,1663,0.55,0
550.792535,55,1658,0.15999999999999992,0
550.894147,96,1672,0.19,0
550.995137,57,1657,0.030000000000000027,0
551.096292,103,1672,0.030000000000000027,0
551.19758,163,1706,0.21999999999999997,0
551.29881,87,1670,0.020000000000000018,0
551.400775,90,1667,0.1200000000000001,0
551.501868,96,1665,0.06999999999999984,0
551.603449,107,1670,0.05999999999999961,0
551.704451,115,1673,0.010000000000000675,0
551.806167,86,1656,0.23000000000000043,0
551.908017,109,1672,0.25,0
552.008799,60,1651,0.3899999999999997,0
552.110805,80,1664,0.4900000000000002,0
552.211777,100,1669,0.4800000000000004,0
552.312995,118,1680,0.5199999999999996,0
552.413944,131,1709,0.7400000000000002,0
552.515641,68,1671,0.6100000000000003,0
552.616597,160,1713,0.33000000000000007,0
552.717711,171,1720,0.33999999999999986,0
552.81921,141,1708,0.3799999999999999,0
552.923254,156,1713,0.6100000000000003,0
553.024236,85,1686,0.41000000000000014,0
553.12561,122,1709,0.18000000000000016,0
553.226729,103,1703,0.3900000000000001,0
553.328594,80,1691,0.27,0
553.429434,137,1717,0.42000000000000004,0
553.53063,153,1724,0.050000000000000044,0
553.631864,154,1730,0.42,0
553.7326,78,1682,0.26,0
553.834319,146,1714,0.08999999999999997,0
553.935188,139,1730,0.29,0
554.036219,153,1723,0.010000000000000009,0
554.137355,169,1726,0.33999999999999997,0
554.238551,126,1719,0.06000000000000005,0
554.340527,204,1751,0.06000000000000005,0
554.441644,167,1713,0.18000000000000005,0
554.543445,191,1724,0.25,0
554.644381,135,1695,0.30000000000000004,0
554.74553,155,1703,0.08000000000000007,0
554.847166,142,1707,0.06,0
554.949143,112,1714,0.21000000000000002,0
555.049828,151,1727,0.15000000000000002,0
555.151023,202,1768,0.12000000000000001,0
555.252056,125,1709,0.15999999999999998,0
555.353744,206,1727,0.07999999999999999,0
555.45498,146,1712,0.24999999999999997,0
555.55567,186,1712,0.049999999999999996,0
555.657016,122,1693,0.07999999999999999,0
555.758219,119,1685,0.09999999999999998,0
555.859539,157,1726,0.12,0
555.960599,148,1695,0.15000000000000002,0
556.061975,147,1706,0.040000000000000036,0
556.163192,200,1724,0.44,0
556.264824,152,1702,0.13,0
556.365621,167,1711,0.17999999999999994,0
556.467243,110,1671,0.4600000000000001,0
556.569332,111,1671,0.08999999999999997,0
556.670208,165,1667,0.14999999999999997,0
556.771644,168,1671,0.04999999999999999,0
556.873122,151,1672,0.15999999999999998,0
556.974584,167,1697,0.11999999999999997,0
557.075781,180,1676,0.01999999999999999,0
557.177519,131,1655,0.27,0
557.279209,95,1639,0.06,0
557.380454,159,1700,0.33999999999999997,0
557.481741,137,1681,0.26,0
557.58318,120,1682,0.07,0
557.684583,134,1684,0.08000000000000002,0
557.785413,153,1716,0.09,0
557.886599,202,1715,0.11000000000000001,0
557.98767,91,1687,0.1,0
558.088804,122,1704,0.04999999999999999,0
558.191144,216,1752,0.09000000000000002,0
558.291918,124,1710,0.019999999999999962,0
558.393111,155,1733,0.32999999999999996,0
558.494529,168,1729,0.13,0
558.59578,177,1745,0.12000000000000001,0
558.696934,71,1683,0.009999999999999953,0
558.798753,218,1754,0.04999999999999999,0
558.900188,123,1734,0.08000000000000002,0
559.002152,124,1729,0.09,0
559.103116,141,1737,0.09999999999999999,0
559.204295,97,1699,0.060000000000000005,0
559.308318,99,1695,0.12,0
559.409261,193,1732,0.05,0
559.511115,162,1718,0.16999999999999998,0
559.612212,112,1698,0.16999999999999998,0
559.71333,101,1695,0.12,0
559.814382,141,1705,0.13,0
559.915588,135,1693,0.0,0
560.016826,157,1693,0.13,0
560.11786,133,1699,0.10000000000000003,0
560.219132,116,1683,0.22,0
560.323379,129,1692,0.029999999999999916,0
560.424319,181,1708,0.17999999999999994,0
560.525761,62,1630,0.35000000000000003,0
560.627003,128,1665,0.05999999999999994,0
560.728294,170,1679,0.32999999999999996,0
560.829234,182,1683,0.1499999999999999,0
560.930948,280,1727,0.08000000000000002,0
561.032317,184,1690,0.29000000000000004,0
561.133765,230,1699,0.11999999999999997,0
561.234776,100,1628,0.26999999999999996,0
561.336371,141,1652,0.04999999999999999,0
561.437254,244,1709,0.19,0
561.538455,168,1673,0.14,0
561.640441,161,1676,0.1,0
561.741448,177,1689,0.32,0
561.843091,106,1663,0.15000000000000002,0
561.944736,176,1696,0.16,0
562.045841,115,1672,0.19,0
562.147226,184,1707,0.17,0
562.248533,126,1680,0.10999999999999999,0
562.349427,111,1686,0.26000000000000006,0
562.45092,138,1702,0.32999999999999996,0
562.551825,149,1709,0.31999999999999995,0
562.653198,127,1709,0.0,0
562.754659,140,1703,0.26,0
562.855679,129,1704,0.22,0
562.95728,139,1729,0.07,0
563.058996,147,1732,0.31,0
563.15953,119,1733,0.15999999999999998,0
563.260656,95,1721,0.39,0
563.36209,139,1754,0.4,0
563.463445,87,1714,0.26,0
563.56444,142,1753,0.45999999999999996,0
563.665612,102,1730,0.2999999999999998,0
563.767121,92,1728,0.2799999999999998,0
563.868691,86,1720,0.28000000000000025,0
563.970034,70,1725,0.03000000000000025,0
564.071206,65,1733,0.16000000000000014,0
564.172285,79,1735,0.2400000000000002,0
564.273378,66,1725,0.35000000000000053,0
564.3756,98,1751,0.3799999999999999,0
564.476237,98,1760,0.23000000000000043,0
564.578536,77,1745,0.25,0
564.679581,47,1728,0.33000000000000007,0
564.78086,107,1751,0.5899999999999999,0
564.881934,97,1741,0.3700000000000001,0
564.983428,26,1706,0.35999999999999943,0
565.085229,66,1725,0.5899999999999999,0
565.185801,89,1735,0.41999999999999993,0
565.287319,64,1723,0.2400000000000002,0
565.388817,5,1692,0.22999999999999954,0
565.489574,63,1713,0.30000000000000027,0
565.590594,107,1735,0.3700000000000001,0
565.69169,91,1722,0.4900000000000002,0
565.793629,26,1694,0.050000000000000266,0
565.89509,20,1694,0.15000000000000013,0
565.996586,25,1692,0.31000000000000005,0
566.098332,41,1696,0.24,0
566.199297,73,1720,0.20999999999999996,0
566.301114,30,1693,0.15999999999999992,0
566.402419,50,1704,0.20999999999999996,0
566.503603,3,1680,0.10999999999999999,0
566.604891,69,1712,0.12000000000000002,0
566.706366,30,1690,0.0,0
566.808163,60,1707,0.15999999999999992,0
566.909538,83,1718,0.18000000000000016,0
567.010425,74,1708,0.08000000000000007,0
567.112189,108,1732,0.25,0
567.214079,27,1689,0.020000000000000462,0
567.314452,34,1688,0.07000000000000028,0
567.416083,74,1702,0.040000000000000036,0
567.517782,21,1680,0.14000000000000057,0
567.618754,58,1700,0.0600000000000005,0
567.71989,18,1680,0.2599999999999998,0
567.820962,19,1679,0.4800000000000004,0
567.922451,32,1691,0.54,0
568.023807,25,1684,0.5,0
568.125344,45,1702,0.5300000000000002,0
568.226184,43,1709,0.33000000000000007,0
568.328262,109,1745,0.1299999999999999,0
568.429247,102,1744,0.2100000000000004,0
568.530648,22,1706,0.33000000000000007,0
568.632113,44,1706,0.3700000000000001,0
568.733287,45,1725,0.26,0
568.835122,86,1748,0.25,0
568.936051,82,1746,0.020000000000000018,0
569.036753,30,1714,0.65,0
569.138999,9,1704,0.56,0
569.240076,144,1781,0.15000000000000002,0
569.341381,73,1760,0.15000000000000002,0
569.442353,83,1735,0.42000000000000004,0
569.54348,93,1767,0.07,0
569.644762,63,1743,0.42000000000000004,0
569.746437,138,1798,0.25000000000000006,0
569.847611,123,1793,0.23000000000000004,0
569.948934,53,1749,0.05999999999999994,0
570.050226,108,1782,0.0,0
570.151612,134,1797,0.16,0
570.253152,91,1776,0.21000000000000002,0
570.354604,96,1740,0.33,0
570.456173,112,1752,0.27999999999999997,0
570.557188,78,1744,0.21,0
570.657818,72,1740,0.0,0
570.759188,49,1724,0.13,0
570.860278,74,1739,0.26,0
570.96229,89,1739,0.13,0
571.063248,117,1760,0.13,0
571.164921,187,1791,0.10999999999999999,0
571.266179,107,1753,0.10999999999999999,0
571.36782,108,1751,0.10000000000000009,0
571.469641,140,1767,0.040000000000000036,0
571.570947,116,1755,0.10999999999999988,0
571.672141,106,1725,0.20999999999999996,0
571.77343,76,1718,0.050000000000000044,0
571.874656,201,1791,0.07000000000000006,0
571.97664,167,1773,0.06000000000000005,0
572.078162,125,1726,0.030000000000000027,0
572.179389,173,1754,0.10000000000000009,0
572.280412,28,1677,0.07999999999999985,0
572.381904,115,1711,0.24,0
572.483133,134,1713,0.19000000000000017,0
572.584137,83,1678,0.30999999999999983,0
572.685318,209,1719,0.24,0
572.786827,173,1702,0.3400000000000001,0
572.888318,213,1706,0.21999999999999997,0
572.990019,135,1683,0.07000000000000006,0
573.091231,124,1685,0.17000000000000004,0
573.193298,294,1738,0.14,0
573.294194,262,1747,0.030000000000000027,0
573.396101,159,1682,0.22999999999999998,0
573.500184,425,1782,0.14000000000000007,0
573.60089,250,1736,0.010000000000000009,0
573.702097,74,1627,0.3400000000000001,0
573.803415,178,1709,0.38999999999999996,0
573.905512,174,1679,0.52,0
574.00624,215,1763,0.03,0
574.108004,234,1758,0.05,0
574.208594,100,1685,0.22,0
574.310169,66,1674,0.43000000000000005,0
574.411406,237,1742,0.010000000000000009,0
574.51242,230,1727,0.12,0
574.614219,172,1720,0.3,0
574.715129,133,1709,0.42,0
574.815958,119,1708,0.1100000000000001,0
574.917683,133,1708,0.1100000000000001,0
575.019307,154,1701,0.0,0
575.12035,247,1732,0.030000000000000027,0
575.221573,188,1700,0.35000000000000003,0
575.322831,132,1667,0.04999999999999993,0
575.424164,177,1710,0.32000000000000006,0
575.527817,152,1664,0.29,0
575.629283,333,1743,0.25,0
575.730561,199,1692,0.0,0
575.831817,223,1682,0.27,0
575.933114,226,1699,0.03,0
576.034332,212,1694,0.58,0
576.135374,171,1641,0.04000000000000001,0
576.236533,282,1674,0.030000000000000027,0
576.338297,305,1675,0.19,0
576.439303,281,1653,0.21,0
576.540444,138,1619,0.04999999999999999,0
576.641955,254,1674,0.01999999999999999,0
576.742991,162,1632,0.049999999999999996,0
576.844339,268,1687,0.47000000000000003,0
576.945381,240,1687,0.18000000000000002,0
577.046918,228,1687,0.46,0
577.148442,231,1704,0.58,0
577.250057,216,1700,0.31,0
577.351709,368,1763,0.32,0
577.453895,393,1774,0.13,0
577.554746,273,1737,0.15999999999999998,0
577.656332,289,1754,0.03999999999999998,0
577.758138,277,1717,0.76,0
577.859258,364,1817,0.16,0
577.961225,219,1719,0.37,0
578.062597,219,1746,0.55,0
578.163577,268,1756,0.37,0
578.264842,225,1726,0.27,0
578.366273,214,1718,0.020000000000000018,0
578.467304,75,1678,0.24,0
578.568435,146,1699,0.040000000000000036,0
578.66962,165,1691,0.24,0
578.771213,163,1669,0.27999999999999997,0
578.872837,129,1714,0.06,0
578.9743,234,1692,0.41999999999999993,0
579.075432,159,1711,0.16999999999999993,0
579.177576,161,1680,0.43999999999999995,0
579.278657,197,1693,0.16999999999999993,0
579.380759,61,1655,0.1299999999999999,0
579.481831,58,1644,0.1599999999999997,0
579.58367,42,1644,0.2699999999999996,0
579.685039,81,1668,0.22999999999999954,0
579.786642,37,1656,0.34999999999999964,0
579.888114,100,1684,0.5099999999999998,0
579.990143,50,1656,0.03000000000000025,0
580.091544,75,1684,0.2999999999999998,0
580.193265,29,1655,0.08000000000000007,0
580.294128,12,1656,0.16999999999999993,0
580.3959,105,1698,0.07000000000000028,0
580.497811,51,1664,0.2699999999999996,0
580.598599,67,1679,0.54,0
580.700067,164,1719,0.6999999999999993,0
580.80121,86,1687,0.6299999999999999,0
580.902308,74,1677,0.43000000000000016,0
581.003555,165,1720,0.7899999999999996,0
581.104764,86,1689,0.41999999999999993,0
581.205929,205,1728,0.41000000000000014,0
581.307543,94,1685,0.20999999999999996,0
581.408452,97,1685,0.73,0
581.509601,73,1662,0.12,0
581.61068,50,1656,0.06999999999999995,0
581.714616,156,1703,0.29000000000000004,0
581.815601,72,1674,0.2,0
581.917235,111,1678,0.06999999999999999,0
582.018771,100,1680,0.07000000000000006,0
582.120308,92,1675,0.020000000000000018,0
582.221285,116,1694,0.2200000000000002,0
582.322597,93,1690,0.04999999999999982,0
582.423751,123,1705,0.06999999999999984,0
582.527749,140,1716,0.33999999999999986,0
582.628564,111,1704,0.08000000000000007,0
582.729934,111,1711,0.08999999999999986,0
582.831426,101,1704,0.22000000000000064,0
582.932954,126,1708,0.0600000000000005,0
583.033994,94,1686,0.21999999999999975,0
583.135421,83,1675,0.39000000000000057,0
583.237146,120,1689,0.5899999999999999,0
583.339027,142,1714,0.5,0
583.439518,105,1690,0.41999999999999993,0
583.540954,143,1682,0.1800000000000006,0
583.642157,120,1671,0.23000000000000043,0
583.743888,88,1677,0.4800000000000004,0
583.845269,96,1694,0.77,0
583.947065,110,1678,0.6299999999999999,0
584.048536,154,1700,0.33999999999999986,0
584.14939,146,1715,0.6800000000000002,0
584.250837,140,1714,0.45999999999999996,0
584.352108,169,1709,0.20000000000000018,0
584.453144,154,1702,0.53,0
584.554442,218,1744,0.71,0
584.655595,173,1704,0.3500000000000001,0
584.75691,193,1719,0.16000000000000003,0
584.85803,190,1729,0.34999999999999987,0
584.959154,187,1715,0.11999999999999988,0
585.060356,163,1703,0.16999999999999993,0
585.161786,175,1723,0.30999999999999994,0
585.263054,139,1690,0.09000000000000008,0
585.364343,131,1694,0.31999999999999995,0
585.465966,110,1686,0.33999999999999997,0
585.567345,185,1739,0.04999999999999993,0
585.668267,117,1716,0.18,0
585.769923,144,1745,0.07,0
585.871151,131,1740,0.16,0
585.973118,122,1731,0.06,0
586.074158,191,1769,0.11,0
586.175799,128,1743,0.19999999999999998,0
586.277283,96,1714,0.01999999999999999,0
586.379281,216,1772,0.12000000000000001,0
586.480221,193,1769,0.21999999999999997,0
586.581276,136,1744,0.12,0
586.682225,159,1743,0.04,0
586.784313,120,1717,0.09000000000000001,0
586.885521,140,1738,0.13,0
586.987194,153,1735,0.039999999999999994,0
587.08902,125,1717,0.01999999999999999,0
587.190411,171,1754,0.06,0
587.291639,159,1739,0.13,0
587.393286,122,1711,0.06,0
587.494242,130,1720,0.11,0
587.595797,133,1723,0.12000000000000001,0
587.696916,175,1733,0.07,0
587.798582,95,1700,0.21,0
587.899622,192,1732,0.09999999999999998,0
588.00124,176,1717,0.09000000000000002,0
588.102765,94,1687,0.14,0
588.203313,133,1713,0.010000000000000009,0
588.304641,156,1728,0.18000000000000002,0
588.406253,157,1713,0.22999999999999998,0
588.50753,199,1709,0.22999999999999998,0
588.609533,158,1721,0.1,0
588.711412,112,1686,0.1,0
588.812217,168,1731,0.020000000000000018,0
588.913412,185,1736,0.22999999999999998,0
589.015166,100,1687,0.2,0
589.116173,176,1716,0.0,0
589.217652,110,1690,0.010000000000000009,0
589.319,116,1703,0.18,0
589.419983,239,1762,0.010000000000000009,0
589.521404,113,1709,0.039999999999999925,0
589.62296,118,1688,0.0,0
589.72435,105,1678,0.07000000000000006,0
589.825343,159,1716,0.05999999999999994,0
589.927186,147,1706,0.13999999999999996,0
590.028602,165,1702,0.12,0
590.129919,162,1721,0.06,0
590.230798,157,1696,0.17,0
590.333097,192,1732,0.11000000000000004,0
590.43414,115,1688,0.12000000000000005,0
590.535054,59,1650,0.12,0
590.636264,188,1718,0.16999999999999993,0
590.737408,178,1693,0.42000000000000004,0
590.839871,108,1665,0.18000000000000005,0
590.940875,142,1709,0.020000000000000018,0
591.041788,141,1689,0.20000000000000007,0
591.142785,170,1714,0.18000000000000005,0
591.244108,98,1663,0.21000000000000002,0
591.346181,152,1681,0.13999999999999999,0
591.447662,258,1720,0.07,0
591.548685,222,1719,0.11000000000000001,0
591.649889,199,1684,0.07999999999999996,0
591.751652,94,1628,0.15999999999999992,0
591.852678,150,1655,0.20999999999999996,0
591.953934,223,1657,0.09000000000000008,0
592.055409,192,1652,0.030000000000000027,0
592.156636,248,1692,0.12,0
592.258423,207,1686,0.08000000000000002,0
592.360092,188,1676,0.30000000000000004,0
592.461926,199,1687,0.04999999999999999,0
592.562943,160,1692,0.06,0
592.664622,221,1717,0.08,0
592.765675,234,1707,0.12,0
592.8672,213,1695,0.24000000000000005,0
592.968834,133,1667,0.03999999999999998,0
593.070261,117,1661,0.1,0
593.171452,193,1698,0.19,0
593.273166,212,1719,0.0,0
593.374818,217,1699,0.16,0
593.475711,147,1668,0.03,0
593.57813,187,1702,0.06,0
593.680131,147,1686,0.32999999999999996,0
593.780632,225,1706,0.3,0
593.882059,178,1679,0.2300000000000001,0
593.983415,158,1704,0.14,0
594.084635,295,1730,0.12,0
594.18617,116,1703,0.09999999999999998,0
594.287449,158,1698,0.7400000000000001,0
594.389417,160,1711,0.6599999999999999,0
594.490785,93,1700,0.3700000000000001,0
594.592259,84,1695,0.48,0
594.693225,105,1711,0.6199999999999997,0
594.794139,144,1735,0.6500000000000004,0
594.895455,142,1739,0.6399999999999997,0
594.996665,117,1731,0.3799999999999999,0
595.098049,100,1721,0.25,0
595.199143,64,1705,0.4500000000000002,0
595.300328,91,1721,0.5299999999999994,0
595.402302,104,1728,0.5600000000000005,0
595.503324,121,1734,0.6899999999999995,0
595.6052,101,1728,0.8800000000000008,0
595.706401,67,1707,0.3800000000000008,0
595.807753,99,1723,0.39000000000000057,0
595.909011,83,1708,0.71,0
596.011431,51,1687,0.33000000000000007,0
596.112084,137,1734,0.45999999999999996,0
596.212947,48,1682,0.23000000000000043,0
596.314035,103,1713,0.2400000000000002,0
596.415344,64,1693,0.2599999999999998,0
596.517235,43,1679,0.019999999999999574,0
596.618375,109,1711,0.29000000000000004,0
596.720565,119,1723,0.16000000000000014,0
596.822164,47,1689,0.020000000000000018,0
596.923405,139,1732,0.15000000000000013,0
597.024303,132,1723,0.40000000000000013,0
597.12562,103,1716,0.17999999999999994,0
597.22683,73,1694,0.06000000000000005,0
597.328258,132,1723,0.33000000000000007,0
597.429549,61,1679,0.029999999999999805,0
597.530302,62,1675,0.020000000000000018,0
597.631768,83,1701,0.26,0
597.732779,103,1718,0.020000000000000018,0
597.834264,43,1678,0.44999999999999996,0
597.935793,107,1709,0.10999999999999988,0
598.036796,112,1720,0.040000000000000036,0
598.137872,97,1720,0.1499999999999999,0
598.239284,76,1707,0.040000000000000036,0
598.341677,71,1697,0.16999999999999993,0
598.443185,63,1689,0.04999999999999982,0
598.543782,97,1707,0.0,0
598.644688,17,1665,0.2400000000000002,0
598.745869,134,1734,0.019999999999999574,0
598.847438,117,1729,0.040000000000000036,0
598.948986,102,1720,0.07000000000000028,0
599.050197,69,1716,0.3899999999999997,0
599.151363,73,1716,0.46999999999999975,0
599.252335,126,1743,0.41999999999999993,0
599.353786,78,1726,0.4700000000000002,0
599.454962,118,1752,0.2999999999999998,0
599.555718,91,1748,0.47,0
599.657117,101,1753,0.30000000000000004,0
599.759054,155,1773,0.25,0
599.859784,112,1747,0.27,0
599.961226,131,1752,0.38,0
600.061936,122,1755,0.26,0
600.163375,131,1764,0.39,0
600.264756,146,1772,0.26,0
600.366175,88,1737,0.16999999999999998,0
600.467401,106,1726,0.36,0
600.569098,55,1697,0.41000000000000003,0
600.670677,132,1754,0.4,0
600.772182,105,1743,0.040000000000000036,0
600.873483,157,1770,0.11000000000000001,0
600.975435,78,1739,0.11000000000000001,0
601.076549,100,1750,0.33,0
601.178304,41,1725,0.33999999999999997,0
601.279441,117,1766,0.27,0
601.381644,180,1798,0.21,0
601.482979,122,1769,0.21999999999999997,0
601.584186,148,1775,0.16000000000000003,0
601.685724,160,1778,0.09000000000000002,0
601.786599,261,1821,0.2,0
601.888211,126,1761,0.2,0
601.988905,178,1780,0.09999999999999998,0
602.090129,161,1726,0.27999999999999997,0
602.191712,105,1710,0.020000000000000004,0
602.293158,93,1684,0.15,0
602.394185,110,1720,0.22000000000000003,0
602.495675,114,1729,0.04999999999999999,0
602.59715,116,1726,0.16000000000000003,0
602.701159,73,1705,0.010000000000000009,0
602.801905,112,1725,0.27,0
602.903203,112,1729,0.030000000000000027,0
603.005376,195,1750,0.18,0
603.106271,146,1731,0.15999999999999998,0
603.20725,97,1695,0.24999999999999997,0
603.309134,217,1743,0.25,0
603.410759,103,1692,0.31000000000000005,0
603.512122,131,1706,0.30999999999999994,0
603.613166,102,1697,0.39,0
603.714144,194,1729,0.29000000000000004,0
603.815314,133,1701,0.18999999999999995,0
603.916962,171,1715,0.04999999999999999,0
604.018422,126,1691,0.31,0
604.119763,211,1724,0.07999999999999996,0
604.221529,82,1665,0.10999999999999999,0
604.322968,221,1731,0.1499999999999999,0
604.424356,191,1722,0.27,0
604.526121,109,1687,0.10999999999999999,0
604.627767,184,1717,0.21000000000000008,0
604.728402,166,1725,0.31000000000000005,0
604.830079,94,1686,0.3400000000000001,0
604.93142,87,1681,0.009999999999999898,0
605.032374,126,1700,0.06999999999999995,0
605.133595,173,1723,0.28,0
605.234618,165,1705,0.23999999999999988,0
605.337014,168,1707,0.020000000000000018,0
605.43779,56,1671,0.28,0
605.539352,190,1721,0.10999999999999988,0
605.640327,109,1690,0.09000000000000008,0
605.741387,159,1717,0.06000000000000005,0
605.84329,104,1690,0.030000000000000027,0
605.943603,154,1706,0.1299999999999999,0
606.044755,78,1666,0.11999999999999988,0
606.146206,163,1669,0.27,0
606.247636,203,1674,0.31999999999999984,0
606.349361,210,1723,0.16000000000000014,0
606.450661,101,1658,0.06000000000000005,0
606.551792,63,1640,0.18999999999999995,0
606.652765,156,1674,0.32999999999999996,0
606.754841,252,1736,0.0,0
606.855763,272,1734,0.09000000000000008,0
606.95698,122,1644,0.08000000000000007,0
607.058341,197,1679,0.14,0
607.159217,293,1723,0.27999999999999997,0
607.260805,297,1723,0.040000000000000036,0
607.362429,234,1687,0.08000000000000007,0
607.463432,311,1712,0.31999999999999995,0
607.565634,167,1657,0.030000000000000027,0
607.666562,182,1666,0.10999999999999999,0
607.768834,335,1738,0.32,0
607.869622,321,1734,0.05000000000000002,0
607.970671,205,1687,0.14,0
608.07205,233,1705,0.19,0
608.174124,206,1701,0.15999999999999998,0
608.275127,185,1697,0.050000000000000044,0
608.376451,198,1679,0.4,0
608.477581,225,1712,0.29999999999999993,0
608.579978,170,1668,0.28,0
608.680659,245,1725,0.07999999999999996,0
608.782567,186,1692,0.8,0
608.883759,151,1692,0.27,0
608.985585,175,1706,0.7300000000000001,0
609.086861,90,1667,0.5,0
609.188561,289,1748,0.11000000000000001,0
609.29025,132,1687,0.75,0
609.390948,86,1679,0.11999999999999997,0
609.492159,226,1710,0.38,0
609.593799,146,1686,0.33999999999999997,0
609.694868,190,1731,0.25,0
609.796566,117,1668,0.28,0
609.897555,115,1709,0.32000000000000006,0
609.999196,169,1691,0.5299999999999998,0
610.100828,139,1693,0.11000000000000032,0
610.202123,82,1673,0.06000000000000005,0
610.302916,72,1665,0.020000000000000018,0
610.404576,82,1670,0.21999999999999975,0
610.50854,73,1675,0.4800000000000004,0
610.609327,46,1658,0.39000000000000057,0
610.710435,83,1683,0.5099999999999998,0
610.811414,70,1669,0.28000000000000025,0
610.915351,139,1703,0.6100000000000003,0
611.016374,129,1702,0.16000000000000014,0
611.117399,125,1702,0.40000000000000036,0
611.218942,42,1658,0.09000000000000075,0
611.320597,191,1724,0.4499999999999993,0
611.421434,67,1678,0.1299999999999999,0
611.522658,171,1729,0.6200000000000001,0
611.62378,78,1675,0.2699999999999996,0
611.725219,127,1704,0.3899999999999997,0
611.827173,146,1706,0.35999999999999943,0
611.927737,151,1713,0.18999999999999995,0
612.028683,144,1715,0.09999999999999964,0
612.130317,156,1684,0.15000000000000036,0
612.232016,225,1750,0.21999999999999997,0
612.333189,178,1728,0.21999999999999997,0
612.434251,162,1726,0.08000000000000007,0
612.53538,142,1717,0.09999999999999998,0
612.636586,111,1701,0.010000000000000009,0
612.737655,96,1698,0.04999999999999993,0
612.839248,136,1717,0.020000000000000018,0
612.941014,178,1741,0.19,0
613.042257,178,1736,0.030000000000000027,0
613.143099,126,1692,0.030000000000000027,0
613.244365,140,1727,0.10000000000000009,0
613.346174,148,1730,0.27,0
613.447144,151,1728,0.0,0
613.548638,160,1727,0.09999999999999964,0
613.649298,132,1705,0.33000000000000007,0
613.750389,172,1725,0.09999999999999964,0
613.851353,216,1739,0.10000000000000053,0
613.952899,127,1697,0.17999999999999972,0
614.054641,105,1686,0.2400000000000002,0
614.155587,88,1676,0.33999999999999986,0
614.256587,151,1708,0.23000000000000043,0
614.358483,184,1718,0.5199999999999996,0
614.459617,115,1687,0.4900000000000002,0
614.562211,110,1700,0.79,0
614.662659,152,1713,0.5900000000000003,0
614.764135,146,1715,0.3900000000000001,0
614.865369,159,1729,0.43999999999999995,0
614.967022,124,1714,0.75,0
615.067983,105,1714,0.7100000000000001,0
615.169339,128,1728,0.55,0
615.270274,113,1723,0.7799999999999999,0
615.372234,72,1708,0.7100000000000001,0
615.473816,129,1742,0.6799999999999999,0
615.575576,138,1733,0.58,0
615.677005,171,1757,0.31,0
615.778534,87,1712,0.7,0
615.880079,128,1731,0.41,0
615.981263,108,1726,0.28,0
616.082654,79,1707,0.22999999999999998,0
616.184431,182,1730,0.26000000000000006,0
616.285431,134,1719,0.28,0
616.387293,81,1691,0.48,0
616.488369,148,1710,0.26999999999999996,0
616.590092,284,1784,0.07,0
616.69162,88,1697,0.23,0
616.792194,169,1735,0.17,0
616.893638,162,1743,0.030000000000000027,0
616.994575,152,1730,0.05999999999999983,0
617.095776,214,1744,0.24,0
617.197299,121,1706,0.22999999999999998,0
617.298235,198,1751,0.18000000000000016,0
617.399588,169,1736,0.010000000000000009,0
617.500846,89,1709,0.15000000000000013,0
617.603047,144,1739,0.22999999999999998,0
617.704274,113,1739,0.08000000000000007,0
617.805627,113,1730,0.25,0
617.906666,163,1744,0.29999999999999993,0
618.008487,201,1770,0.2400000000000001,0
618.109754,159,1746,0.19999999999999996,0
618.211242,150,1731,0.17999999999999994,0
618.312382,171,1730,0.04999999999999999,0
618.413373,91,1702,0.19,0
618.514563,117,1716,0.010000000000000009,0
618.615746,153,1713,0.020000000000000004,0
618.719408,143,1700,0.07,0
618.820631,127,1709,0.03,0
618.921845,151,1713,0.28,0
619.023304,156,1709,0.13999999999999999,0
619.124436,168,1711,0.05999999999999994,0
619.225811,229,1717,0.15000000000000002,0
619.327793,150,1681,0.18999999999999995,0
619.428856,106,1679,0.030000000000000027,0
619.530396,135,1689,0.30999999999999994,0
619.631303,150,1673,0.06000000000000005,0
619.732353,169,1690,0.010000000000000009,0
619.83376,164,1718,0.030000000000000027,0
619.935598,122,1670,0.18999999999999995,0
620.036186,165,1699,0.050000000000000044,0
620.137835,177,1705,0.09999999999999998,0
620.239439,229,1707,0.12,0
620.341278,143,1674,0.17999999999999994,0
620.442303,229,1720,0.009999999999999898,0
620.543657,191,1699,0.019999999999999962,0
620.645089,123,1671,0.07,0
620.746638,167,1685,0.010000000000000009,0
620.848375,210,1704,0.020000000000000018,0
620.949289,262,1750,0.24000000000000002,0
621.050337,179,1683,0.16999999999999998,0
621.15227,80,1643,0.019999999999999962,0
621.252877,92,1666,0.2,0
621.354666,143,1691,0.010000000000000009,0
621.456341,138,1685,0.029999999999999916,0
621.557656,172,1693,0.09999999999999998,0
621.659186,184,1681,0.040000000000000036,0
621.760605,237,1692,0.05999999999999994,0
621.861931,151,1661,0.09999999999999998,0
621.963119,155,1657,0.44000000000000006,0
622.064249,176,1656,0.32000000000000006,0
622.165403,259,1716,0.22999999999999998,0
622.267231,310,1670,0.18999999999999995,0
622.368558,235,1647,0.19999999999999996,0
622.469982,216,1686,0.14000000000000012,0
622.571443,220,1635,0.15000000000000013,0
622.673206,305,1690,0.16000000000000003,0
622.77421,146,1603,0.3,0
622.875771,251,1634,0.24000000000000002,0
622.977311,262,1650,0.06,0
623.079237,284,1680,0.0,0
623.180278,380,1697,0.06999999999999995,0
623.281433,264,1691,0.18999999999999995,0
623.382664,307,1689,0.24,0
623.484289,380,1752,0.10000000000000003,0
623.585637,372,1756,0.32,0
623.687252,387,1738,0.19999999999999998,0
623.788775,370,1741,0.35,0
623.889756,240,1705,0.18999999999999995,0
623.991327,351,1743,0.040000000000000036,0
624.092578,440,1829,0.1200000000000001,1
624.193801,335,1778,0.010000000000000009,0
624.294844,305,1738,0.08999999999999997,0
624.396416,262,1737,0.14999999999999997,0
624.498245,173,1701,0.22000000000000003,0
624.598776,212,1718,0.1,0
624.700019,331,1774,0.08,0
624.801573,251,1748,0.0,0
624.902784,164,1724,0.25,0
625.004797,145,1706,0.18,0
625.10558,180,1742,0.010000000000000009,0
625.206807,155,1700,0.10999999999999999,0
625.311236,167,1707,0.26,0
625.411776,112,1693,0.3400000000000001,0
625.513126,221,1701,0.25,0
625.614446,185,1713,0.25,0
625.715188,173,1727,0.28000000000000025,0
625.816545,154,1681,0.010000000000000675,0
625.918281,186,1700,0.20000000000000018,0
626.020287,114,1685,0.3100000000000005,0
626.121159,110,1707,0.5599999999999996,0
626.222016,101,1717,0.33000000000000007,0
626.324271,79,1711,0.4499999999999993,0
626.426389,92,1718,0.7299999999999995,0
626.527452,53,1694,0.5800000000000001,0
626.628224,73,1699,0.4399999999999995,0
626.729287,104,1709,0.5,0
626.830519,122,1736,0.6900000000000004,0
626.932164,125,1735,0.5300000000000002,0
627.032743,158,1730,0.3600000000000003,0
627.134316,120,1713,0.6900000000000004,0
627.236147,89,1676,0.4800000000000004,0
627.337155,149,1718,0.6599999999999997,0
627.438427,84,1698,0.25,0
627.539393,113,1711,0.5800000000000001,0
627.641197,65,1689,0.18999999999999995,0
627.74212,117,1702,0.3900000000000001,0
627.843633,189,1742,0.5399999999999999,0
627.945039,111,1682,0.45999999999999996,0
628.04604,63,1679,0.3599999999999999,0
628.147758,125,1692,0.55,0
628.249227,95,1695,0.030000000000000027,0
628.350208,66,1674,0.14,0
628.451592,138,1692,0.39,0
628.552213,105,1698,0.24,0
628.653674,104,1693,0.10999999999999988,0
628.754923,99,1686,0.18999999999999995,0
628.856267,55,1671,0.2599999999999998,0
628.958361,139,1705,0.08999999999999986,0
629.059171,41,1663,0.03000000000000025,0
629.160291,59,1670,0.1299999999999999,0
629.26152,78,1675,0.16999999999999993,0
629.36268,154,1716,0.019999999999999574,0
629.464346,88,1672,0.23000000000000043,0
629.564895,69,1678,0.1200000000000001,0
629.666156,95,1686,0.3800000000000008,0
629.767403,116,1695,0.27999999999999936,0
629.868671,71,1677,0.5499999999999998,0
629.970229,114,1708,0.4400000000000004,0
630.07131,19,1662,0.8900000000000001,0
630.172326,126,1722,0.5100000000000002,0
630.273784,119,1718,0.5499999999999998,0
630.375298,51,1685,0.5899999999999999,0
630.476643,44,1676,0.2599999999999998,0
630.578546,52,1679,0.7200000000000002,0
630.679282,101,1704,0.41000000000000003,0
630.781342,72,1689,0.6599999999999999,0
630.88283,76,1693,0.65,0
630.983967,97,1696,0.5299999999999999,0
631.08523,107,1695,0.1100000000000001,0
631.186271,227,1732,0.27,0
631.288086,62,1677,0.35,0
631.388876,145,1707,0.61,0
631.489985,100,1694,0.45999999999999996,0
631.590638,114,1688,0.6200000000000001,0
631.69212,199,1726,0.15999999999999992,0
631.793967,94,1686,0.1299999999999999,0
631.8947,96,1700,0.050000000000000044,0
631.996242,135,1695,0.18999999999999995,0
632.097361,97,1695,0.020000000000000018,0
632.198759,95,1688,0.08999999999999997,0
632.300617,147,1716,0.020000000000000018,0
632.401275,93,1699,0.31999999999999995,0
632.502271,88,1697,0.46,0
632.603344,127,1701,0.09999999999999998,0
632.707215,173,1729,0.24,0
632.80854,214,1758,0.020000000000000018,0
632.909572,120,1709,0.08000000000000002,0
633.010624,90,1691,0.21000000000000002,0
633.114565,117,1709,0.11000000000000001,0
633.21583,134,1707,0.14,0
633.317173,95,1694,0.26,0
633.418554,72,1681,0.25,0
633.52262,151,1711,0.0,0
633.623692,176,1743,0.05999999999999994,0
633.725552,131,1740,0.31000000000000005,0
633.827155,187,1743,0.21999999999999997,0
633.928826,143,1747,0.1299999999999999,0
634.02937,121,1695,0.21999999999999986,0
634.130715,172,1724,0.2400000000000001,0
634.231733,151,1714,0.040000000000000036,0
634.333157,62,1672,0.09999999999999998,0
634.4343,108,1687,0.42000000000000004,0
634.535377,211,1728,0.030000000000000027,0
634.637056,242,1736,0.14,0
634.738426,105,1684,0.020000000000000018,0
634.839847,191,1725,0.12,0
634.941566,143,1704,0.010000000000000009,0
635.043135,156,1706,0.21999999999999997,0
635.144278,84,1670,0.30000000000000004,0
635.245449,273,1750,0.08999999999999986,0
635.346633,151,1700,0.18999999999999995,0
635.448229,100,1673,0.10000000000000009,0
635.550098,145,1678,0.21999999999999997,0
635.651338,93,1651,0.17999999999999994,0
635.752342,133,1702,0.28,0
635.853542,194,1700,0.22999999999999998,0
635.955067,144,1693,0.040000000000000036,0
636.056091,125,1676,0.030000000000000027,0
636.157187,174,1688,0.07000000000000006,0
636.258292,205,1741,0.29000000000000015,0
636.360251,104,1668,0.050000000000000044,0
636.461223,144,1705,0.7399999999999999,0
636.562483,187,1717,0.10999999999999988,0
636.663456,142,1690,0.06000000000000005,0
636.764639,180,1733,0.1399999999999999,0
636.866419,94,1673,0.32000000000000006,0
636.967525,96,1671,0.20999999999999996,0
637.069041,219,1721,0.31999999999999995,0
637.170536,111,1683,0.28,0
637.271683,152,1711,0.17999999999999994,0
637.373659,217,1727,0.48,0
637.475298,279,1715,0.08999999999999986,0
637.576579,247,1710,0.19999999999999996,0
637.677676,139,1695,0.040000000000000036,0
637.779814,240,1715,0.28,0
637.881545,159,1664,0.30999999999999994,0
637.982944,153,1641,0.36,0
638.084373,115,1623,0.22000000000000008,0
638.185581,217,1663,0.040000000000000036,0
638.286583,318,1702,0.16000000000000003,0
638.388374,173,1659,0.08999999999999997,0
638.489455,136,1640,0.19,0
638.591254,347,1739,0.10000000000000003,0
638.692797,114,1641,0.11999999999999994,0
638.793296,156,1649,0.10999999999999999,0
638.894408,178,1677,0.20999999999999996,0
638.995889,73,1659,0.009999999999999953,0
639.097307,122,1698,0.30000000000000004,0
639.198909,191,1737,0.63,0
639.299561,130,1708,0.5800000000000001,0
639.400791,146,1713,0.5400000000000001,0
639.501979,94,1688,0.4900000000000001,0
639.604146,153,1713,0.5,0
639.705055,127,1708,0.5900000000000001,0
639.806334,91,1702,0.6599999999999999,0
639.91066,87,1702,0.9199999999999999,0
640.012449,166,1743,0.6700000000000002,0
640.113558,121,1724,0.8200000000000003,0
640.215133,181,1751,0.6299999999999999,0
640.318553,161,1744,0.8,0
640.419633,140,1739,0.53,0
640.52107,157,1735,0.9100000000000001,0
640.621919,121,1720,0.44999999999999996,0
640.723353,169,1748,0.7000000000000002,0
640.824281,170,1753,0.69,0
640.926337,87,1700,0.4700000000000002,0
641.027781,166,1733,0.54,0
641.129003,22,1657,0.3099999999999996,0
641.230063,118,1702,0.5099999999999998,0
641.331366,82,1688,0.03000000000000025,0
641.432389,131,1715,0.11000000000000032,0
641.533837,77,1686,0.08000000000000007,0
641.634992,110,1716,0.009999999999999787,0
641.736184,129,1725,0.08000000000000007,0
641.838167,134,1723,0.3200000000000003,0
641.9392,79,1679,0.34999999999999964,0
642.041181,184,1759,0.129999999999999,0
642.141906,244,1771,0.25,0
642.243284,281,1786,0.10999999999999943,0
642.344567,185,1721,0.020000000000000462,0
642.445583,116,1710,0.05999999999999961,0
642.547019,73,1678,0.16000000000000014,0
642.648256,95,1692,0.08999999999999986,0
642.749803,177,1734,0.4300000000000006,0
642.851041,158,1711,0.020000000000000462,0
642.952197,212,1727,0.08000000000000007,0
643.05354,126,1694,0.010000000000000231,0
643.154905,219,1756,0.20999999999999996,0
643.256177,125,1700,0.06000000000000005,0
643.357309,134,1705,0.050000000000000044,0
643.458808,154,1717,0.0,0
643.560336,140,1719,0.24,0
643.661303,154,1735,0.06000000000000005,0
643.762564,206,1758,0.32999999999999985,0
643.863637,177,1719,0.07999999999999996,0
643.96617,130,1717,0.15000000000000002,0
644.066973,171,1742,0.009999999999999953,0
644.168679,246,1769,0.29000000000000004,0
644.269802,236,1747,0.25,0
644.371612,150,1702,0.4500000000000002,0
644.472661,136,1731,0.41999999999999993,0
644.57444,135,1735,0.2200000000000002,0
644.675963,118,1722,0.009999999999999787,0
644.777639,159,1741,0.009999999999999787,0
644.879654,211,1762,0.009999999999999787,0
644.981354,153,1735,0.1200000000000001,0
645.082447,125,1714,0.34999999999999964,0
645.18455,126,1716,0.8000000000000003,0
645.285401,127,1709,0.41999999999999993,0
645.386905,86,1680,0.5099999999999998,0
645.488184,183,1718,0.6499999999999999,0
645.590046,151,1699,0.3900000000000001,0
645.691147,109,1684,0.2799999999999998,0
645.792138,192,1732,0.31000000000000005,0
645.893415,79,1685,0.37,0
645.995217,79,1688,0.25,0
646.096595,88,1701,0.48,0
646.19818,134,1734,0.16000000000000003,0
646.29937,105,1722,0.56,0
646.401198,147,1742,0.25,0
646.502538,124,1734,0.42999999999999994,0
646.603541,66,1713,0.6,0
646.704851,89,1717,0.63,0
646.805835,91,1729,0.6,0
646.909941,108,1745,0.42000000000000004,0
647.011107,94,1732,0.42,0
647.115064,71,1719,0.64,0
647.216283,120,1740,0.63,0
647.317358,123,1740,0.51,0
647.41881,157,1755,0.67,0
647.521361,13,1671,0.41000000000000003,0
647.621824,115,1728,0.24000000000000005,0
647.723153,127,1769,0.32,0
647.824222,101,1769,0.42999999999999994,0
647.925645,201,1772,0.51,0
648.02716,67,1709,0.5800000000000001,0
648.128616,110,1754,0.009999999999999995,0
648.230139,113,1755,0.27,0
648.331753,107,1742,0.07999999999999996,0
648.432537,161,1753,0.2699999999999999,0
648.534266,171,1783,0.040000000000000036,0
648.634785,172,1785,0.28,0
648.736027,69,1687,0.30999999999999983,0
648.839548,167,1735,0.16000000000000014,0
648.941254,154,1714,0.06000000000000005,0
649.04193,233,1742,0.040000000000000036,0
649.143192,132,1707,0.08999999999999986,0
649.244348,49,1654,0.2400000000000002,0
649.346136,184,1736,0.16999999999999993,0
649.447675,210,1724,0.040000000000000036,0
649.549024,32,1660,0.029999999999999805,0
649.649854,134,1712,0.09000000000000008,0
649.751325,198,1730,0.050000000000000044,0
649.852396,120,1659,0.020000000000000018,0
649.953716,145,1704,0.010000000000000009,0
650.055136,217,1697,0.09000000000000008,0
650.156664,175,1678,0.050000000000000044,0
650.258333,184,1689,0.2300000000000001,0
650.3596,196,1672,0.12,0
650.460776,197,1705,0.18,0
650.562414,190,1702,0.07,0
650.664147,171,1671,0.04000000000000001,0
650.765743,104,1635,0.2,0
650.867241,111,1614,0.13,0
650.967707,244,1690,0.11,0
651.068833,158,1684,0.27,0
651.17027,212,1735,0.21,0
651.271748,104,1659,0.18000000000000005,0
651.373254,156,1689,0.26,0
651.474526,148,1685,0.17000000000000004,0
651.576659,140,1682,0.1100000000000001,0
651.677428,102,1659,0.09000000000000008,0
651.778919,98,1656,0.030000000000000027,0
651.880444,105,1664,0.17000000000000015,0
651.982536,202,1704,0.26,0
652.083577,166,1681,0.30000000000000004,0
652.184735,165,1678,0.009999999999999787,0
652.286623,167,1654,0.040000000000000036,0
652.387598,216,1667,0.2100000000000002,0
652.488651,260,1644,0.2300000000000002,0
652.590964,266,1661,0.08000000000000007,0
652.691682,251,1665,0.32000000000000006,0
652.793178,202,1651,0.1200000000000001,0
652.894413,136,1623,0.26,0
652.996763,179,1641,0.07000000000000006,0
653.09758,266,1676,0.14000000000000012,0
653.199387,159,1607,0.010000000000000009,0
653.300575,173,1624,0.21999999999999997,0
653.402429,354,1700,0.15000000000000002,0
653.504145,331,1692,0.2,0
653.605304,284,1649,0.21999999999999997,0
653.706812,298,1677,0.1,0
653.808309,438,1710,0.2,0
653.912191,103,1566,0.14,0
654.013877,298,1667,0.22,0
654.115237,359,1698,0.3,0
654.217223,324,1699,0.16999999999999998,0
654.318125,281,1683,0.02999999999999997,0
654.419201,283,1711,0.37999999999999995,0
654.520368,308,1699,0.62,0
654.62212,319,1712,0.75,0
654.723045,221,1671,0.37,0
654.824295,235,1695,0.06000000000000005,0
654.925524,374,1764,0.020000000000000018,0
655.027129,248,1717,0.07999999999999996,0
655.127785,215,1689,0.32000000000000006,0
655.229169,226,1727,0.040000000000000036,0
655.331183,116,1664,0.19000000000000006,0
655.431813,164,1709,0.21000000000000008,0
655.533603,404,1784,0.40000000000000013,0
655.634241,152,1708,0.3999999999999999,0
655.735787,283,1727,0.3600000000000001,0
655.837489,170,1712,0.3899999999999999,0
655.939155,210,1712,0.29000000000000004,0
656.040633,205,1688,0.29000000000000004,0
656.141669,251,1699,0.2899999999999998,0
656.24308,161,1697,0.04999999999999982,0
656.345132,171,1672,0.31999999999999984,0
656.446059,155,1679,0.23000000000000043,0
656.547879,214,1724,0.10000000000000053,0
656.648967,303,1723,0.4299999999999997,0
656.750143,108,1692,0.20000000000000018,0
656.851294,148,1669,0.21999999999999975,0
656.953321,138,1680,0.7000000000000002,0
657.054284,198,1713,0.6999999999999993,0
657.15536,187,1715,0.6099999999999994,0
657.256536,138,1700,0.6000000000000014,0
657.358317,183,1728,0.7599999999999998,0
657.459968,101,1698,0.6799999999999997,0
657.561388,153,1723,0.6899999999999995,0
657.662361,74,1684,0.2900000000000009,0
657.764244,121,1710,0.5,0
657.865108,128,1720,0.6800000000000006,0
657.966629,106,1685,0.54,0
658.068081,170,1734,0.6699999999999999,0
658.170042,154,1730,0.5099999999999998,0
658.270775,112,1711,0.5700000000000003,0
658.372612,166,1730,0.43000000000000016,0
658.47376,158,1706,0.36999999999999966,0
658.576282,103,1692,0.56,0
658.67718,108,1701,0.6799999999999999,0
658.778625,232,1745,0.56,0
658.87984,123,1704,0.41999999999999993,0
658.981806,143,1709,0.3899999999999999,0
659.082436,190,1733,0.3700000000000001,0
659.184084,106,1697,0.51,0
659.285004,159,1728,0.24999999999999997,0
659.386445,137,1701,0.54,0
659.488366,107,1682,0.32000000000000006,0
659.589261,203,1718,0.3600000000000001,0
659.690454,172,1714,0.2799999999999998,0
659.791806,124,1662,0.15000000000000036,0
659.893162,204,1723,0.20000000000000018,0
659.994637,64,1661,0.07000000000000028,0
660.096276,47,1652,0.41999999999999993,0
660.197409,128,1704,0.23000000000000043,0
660.29861,51,1664,0.010000000000000675,0
660.401233,110,1686,0.07000000000000028,0
660.502183,146,1709,0.20999999999999996,0
660.603085,131,1711,0.09999999999999964,0
660.704083,91,1690,0.20000000000000018,0
660.805529,120,1702,0.33000000000000007,0
660.909539,77,1700,0.3999999999999999,0
661.011144,128,1730,0.07000000000000028,0
661.114563,119,1730,0.29000000000000004,0
661.216126,118,1724,0.5599999999999999,0
661.317687,141,1739,0.64,0
661.419606,146,1753,0.44,0
661.52038,100,1730,0.49,0
661.621419,152,1748,0.4999999999999999,0
661.722626,95,1703,0.75,0
661.824207,129,1736,0.55,0
661.926341,121,1729,0.55,0
662.027139,146,1744,0.6099999999999999,0
662.128456,126,1735,0.69,0
662.230042,147,1752,0.65,0
662.331321,97,1727,0.8400000000000001,0
662.432432,110,1722,0.97,0
662.53307,165,1763,0.52,0
662.63433,106,1729,0.66,0
662.736342,104,1720,0.22000000000000003,0
662.837869,98,1709,0.9700000000000001,0
662.939436,63,1699,0.16999999999999998,0
663.040634,85,1713,0.6,0
663.141675,130,1734,0.77,0
663.242971,96,1721,0.3,0
663.344548,127,1719,0.07,0
663.445568,111,1692,0.29000000000000004,0
663.546603,163,1706,0.12,0
663.647747,55,1654,0.46,0
663.748947,173,1703,0.05,0
663.850373,181,1729,0.19,0
663.951748,126,1683,0.28,0
664.053053,109,1680,0.49,0
664.154577,62,1650,0.46,0
664.255833,187,1716,0.04999999999999999,0
664.357444,151,1691,0.35000000000000003,0
664.45866,150,1691,0.41000000000000003,0
664.560392,177,1711,0.010000000000000009,0
664.661676,122,1657,0.13,0
664.763088,173,1671,0.13999999999999996,0
664.864141,195,1688,0.16,0
664.965616,236,1735,0.24000000000000002,0
665.067229,233,1709,0.44,0
665.168223,189,1707,0.16,0
665.268841,103,1640,0.32999999999999996,0
665.370561,254,1721,0.28,0
665.472086,304,1739,0.010000000000000002,0
665.573308,251,1695,0.2,0
665.67437,351,1734,0.39,0
665.775769,205,1675,0.03,0
665.877114,229,1709,0.25,0
665.978837,243,1688,0.64,0
666.08035,147,1630,0.20999999999999996,0
666.181816,206,1661,0.050000000000000044,0
666.282676,162,1706,0.22999999999999998,0
666.38518,266,1742,0.09000000000000008,0
666.48568,82,1652,0.18999999999999995,0
666.587399,282,1731,0.10000000000000009,0
666.688774,111,1657,0.54,0
666.790369,172,1712,0.1200000000000001,0
666.8916,267,1723,0.06000000000000005,0
666.99356,282,1747,0.09999999999999998,0
667.095065,239,1726,0.30000000000000004,0
667.196387,219,1703,0.26,0
667.298202,205,1694,0.06,0
667.399031,156,1677,0.32,0
667.500592,209,1698,0.04,0
667.602322,152,1657,0.13,0
667.706105,273,1708,0.05,0
667.80737,215,1700,0.06,0
667.908658,132,1651,0.13,0
668.010016,208,1680,0.4600000000000001,0
668.11337,456,1763,0.16000000000000003,0
668.214585,287,1702,0.15999999999999992,0
668.316301,185,1662,0.0,0
668.418254,442,1757,0.10999999999999999,0
668.51926,205,1662,0.19999999999999996,0
668.620318,220,1669,0.23999999999999996,0
668.721643,197,1673,0.01999999999999999,0
668.822828,414,1761,0.009999999999999995,0
668.925141,286,1720,0.32,0
669.026228,116,1650,0.010000000000000009,0
669.127386,252,1715,0.17,0
669.228957,159,1679,0.36,0
669.330343,193,1691,0.24,0
669.431396,287,1743,0.20000000000000007,0
669.532779,212,1695,0.58,0
669.634314,239,1717,0.24,0
669.734641,260,1725,0.06999999999999995,0
669.836333,191,1703,0.15000000000000002,0
669.937605,270,1736,0.30999999999999994,0
670.039035,57,1650,0.07999999999999996,0
670.140864,254,1737,0.45999999999999996,0
670.241816,184,1711,0.5099999999999999,0
670.342794,266,1732,0.24,0
670.444056,138,1694,0.07,0
670.545582,124,1671,0.61,0
670.646126,240,1699,0.48,0
670.747653,179,1683,0.35,0
670.849189,72,1641,0.28,0
670.951138,150,1674,0.10999999999999999,0
671.051674,190,1699,0.37,0
671.153138,179,1702,0.12,0
671.25426,133,1686,0.7300000000000001,0
671.355396,166,1709,0.8200000000000001,0
671.457208,95,1685,0.8600000000000001,0
671.558568,90,1696,1.0299999999999998,0
671.659425,145,1730,0.98,0
671.760663,96,1709,0.5899999999999999,0
671.862169,34,1681,0.44999999999999973,0
671.96323,19,1678,0.16999999999999993,0
672.064387,93,1716,0.2999999999999998,0
672.165437,40,1694,0.08999999999999986,0
672.267148,140,1738,0.3799999999999999,0
672.368966,58,1701,0.1899999999999995,0
672.469628,30,1692,0.1299999999999999,0
672.571667,88,1723,0.08999999999999986,0
672.673227,87,1708,0.25,0
672.774435,121,1728,0.4800000000000004,0
672.875802,95,1726,0.3100000000000005,0
672.978087,121,1731,0.09999999999999964,0
673.079078,157,1744,0.009999999999999787,0
673.180887,98,1702,0.1200000000000001,0
673.281823,73,1688,0.0699999999999994,0
673.383971,98,1704,0.040000000000000036,0
673.484751,100,1709,0.20000000000000018,0
673.586079,100,1691,0.09999999999999964,0
673.687304,115,1721,0.1900000000000004,0
673.78913,39,1677,0.07999999999999963,0
673.890167,68,1696,0.28000000000000025,0
673.991403,140,1715,0.020000000000000018,0
674.09275,72,1694,0.57,0
674.194312,91,1700,0.010000000000000009,0
674.295691,64,1687,0.39,0
674.397368,149,1716,0.46,0
674.49868,48,1669,0.08000000000000002,0
674.599918,197,1733,0.4,0
674.701568,79,1691,0.24999999999999997,0
674.802149,169,1714,0.14,0
674.903395,69,1684,0.24,0
675.005017,31,1668,0.27,0
675.106203,90,1703,0.040000000000000036,0
675.207968,75,1702,0.0,0
675.309329,40,1682,0.28000000000000025,0
675.410538,171,1761,0.0,0
675.511784,115,1723,0.07000000000000028,0
675.613324,107,1724,0.05999999999999961,0
675.714293,68,1711,0.13999999999999968,0
675.815401,123,1735,0.1200000000000001,0
675.916803,108,1716,0.34000000000000075,0
676.01823,106,1704,0.16999999999999993,0
676.122656,86,1689,0.10000000000000009,0
676.224227,108,1702,0.45999999999999996,0
676.325428,153,1733,0.75,0
676.427216,74,1698,0.8999999999999999,0
676.528373,81,1687,0.9299999999999997,0
676.629331,98,1708,0.54,0
676.73039,155,1741,0.7500000000000002,0
676.832182,91,1690,0.7299999999999999,0
676.933341,74,1688,0.5900000000000001,0
677.034052,106,1713,0.5700000000000001,0
677.135481,85,1701,0.5900000000000001,0
677.236655,130,1733,0.42000000000000004,0
677.340635,136,1713,0.7,0
677.441606,135,1711,0.75,0
677.542634,153,1759,0.38,0
677.643711,143,1757,0.41000000000000003,0
677.745215,117,1725,0.63,0
677.846387,148,1722,0.6399999999999999,0
677.947799,134,1736,0.52,0
678.04902,120,1741,0.51,0
678.15095,176,1750,0.82,0
678.251692,189,1780,0.6100000000000001,0
678.353404,107,1735,0.4700000000000001,0
678.454825,72,1718,0.15000000000000013,0
678.556416,129,1744,0.16999999999999993,0
678.658299,106,1741,0.36,0
678.759335,232,1772,0.21999999999999997,0
678.860674,133,1717,0.030000000000000027,0
678.962065,132,1733,0.32000000000000006,0
679.063377,55,1690,0.3800000000000001,0
679.164192,166,1743,0.030000000000000027,0
679.265359,177,1742,0.26,0
679.367036,228,1775,0.17000000000000015,0
679.468254,132,1673,0.09999999999999998,0
679.569668,133,1698,0.24,0
679.670606,98,1691,0.3,0
679.772234,119,1695,0.04999999999999993,0
679.873247,230,1721,0.08999999999999997,0
679.974777,118,1686,0.26,0
680.076112,54,1668,0.26,0
680.177526,196,1770,0.07,0
680.278638,148,1736,0.24,0
680.381261,90,1702,0.050000000000000044,0
680.481798,271,1762,0.13,0
680.583569,215,1755,0.05999999999999994,0
680.684685,28,1664,0.10000000000000003,0
680.786368,121,1689,0.16000000000000003,0
680.887717,151,1697,0.27,0
680.988721,173,1689,0.35,0
681.08981,132,1664,0.32,0
681.190964,224,1693,0.03999999999999998,0
681.292193,94,1672,0.10999999999999999,0
681.393372,202,1727,0.21999999999999997,0
681.494254,155,1689,0.020000000000000018,0
681.595376,139,1673,0.010000000000000009,0
681.696784,203,1709,0.16000000000000014,0
681.798011,215,1731,0.04999999999999982,0
681.89904,154,1711,0.020000000000000018,0
682.000456,183,1692,0.18000000000000016,0
682.101614,81,1651,0.20999999999999996,0
682.203165,211,1697,0.030000000000000027,0
682.304258,137,1668,0.30999999999999983,0
682.40577,213,1733,0.19999999999999973,0
682.50984,193,1678,0.28,0
682.61071,288,1742,0.3799999999999999,0
682.712388,49,1656,0.010000000000000009,0
682.813588,140,1669,0.3600000000000001,0
682.917739,260,1708,0.27,0
683.019358,133,1699,0.020000000000000018,0
683.120794,199,1683,0.28000000000000025,0
683.221804,93,1665,0.31000000000000005,0
683.325671,183,1677,0.31000000000000005,0
683.427629,185,1704,0.54,0
683.528703,234,1693,0.1999999999999993,0
683.630151,252,1710,0.36999999999999966,0
683.731455,212,1674,0.08999999999999986,0
683.833129,231,1726,0.0,0
683.934279,143,1673,0.23999999999999977,0
684.035687,217,1685,0.020000000000000018,0
684.137144,275,1714,0.18999999999999995,0
684.237716,232,1710,0.21999999999999975,0
684.339334,219,1697,0.3799999999999999,0
684.44107,152,1683,0.23999999999999977,0
684.541642,362,1738,0.03000000000000025,0
684.642523,189,1675,0.040000000000000036,0
684.743724,266,1655,0.27,0
684.845457,261,1673,0.020000000000000018,0
684.946427,299,1722,0.009999999999999787,0
685.047606,228,1632,0.1599999999999997,0
685.148734,214,1679,0.10999999999999988,0
685.250361,244,1657,0.1200000000000001,0
685.35178,215,1604,0.10999999999999988,0
685.453186,330,1666,0.31999999999999984,0
685.554417,243,1669,0.20999999999999996,0
685.655628,175,1644,0.04999999999999982,0
685.75713,205,1633,0.6000000000000001,0
685.858588,223,1676,0.040000000000000036,0
685.959952,310,1719,0.10999999999999988,0
686.061613,142,1630,0.08000000000000007,0
686.162571,478,1752,0.05999999999999983,0
686.264059,224,1659,0.10999999999999999,0
686.365447,315,1715,0.20000000000000007,0
686.466543,144,1636,0.15000000000000002,0
686.567366,157,1660,0.21999999999999997,0
686.668575,181,1678,0.10999999999999988,0
686.770279,157,1674,0.06000000000000005,0
686.871118,87,1648,0.040000000000000036,0
686.972308,167,1684,0.08000000000000007,0
687.073376,177,1689,0.030000000000000027,0
687.175528,205,1703,0.0,0
687.276314,131,1690,0.1499999999999999,0
687.3783,221,1715,0.29000000000000004,0
687.479593,225,1714,0.2999999999999998,0
687.581278,177,1691,0.33000000000000007,0
687.682586,160,1701,0.3999999999999999,0
687.783642,111,1669,0.75,0
687.884975,196,1716,0.5799999999999998,0
687.987048,158,1712,0.71,0
688.088685,171,1724,0.48,0
688.189711,142,1693,0.4099999999999999,0
688.290982,242,1745,0.5999999999999999,0
688.392202,139,1701,0.7000000000000002,0
688.493221,124,1701,0.6200000000000001,0
688.595143,80,1683,0.2699999999999998,0
688.696368,123,1708,0.18999999999999995,0
688.797426,137,1719,0.09000000000000008,0
688.898736,172,1741,0.3699999999999999,0
689.001207,108,1716,0.5,0
689.10209,98,1716,0.33000000000000007,0
689.203431,88,1716,0.29000000000000004,0
689.304388,130,1732,0.6799999999999999,0
689.406241,162,1738,0.33999999999999986,0
689.507089,136,1717,0.11999999999999988,0
689.608537,93,1702,0.3899999999999999,0
689.709799,111,1711,0.16999999999999993,0
689.811157,151,1737,0.5700000000000001,0
689.915115,116,1713,0.19999999999999996,0
690.016087,112,1700,0.24,0
690.11719,114,1699,0.030000000000000027,0
690.21904,98,1683,0.04999999999999982,0
690.319657,132,1708,0.08999999999999986,0
690.420662,119,1701,0.44999999999999996,0
690.521734,202,1740,0.30000000000000004,0
690.622876,145,1716,0.10000000000000009,0
690.726591,148,1723,0.22999999999999998,0
690.828118,110,1701,0.040000000000000036,0
690.928786,141,1727,0.3799999999999999,0
691.029963,143,1732,0.11999999999999966,0
691.131782,107,1723,0.06999999999999984,0
691.232646,133,1730,0.16000000000000014,0
691.334171,176,1779,0.21999999999999975,0
691.435603,208,1781,0.3699999999999999,0
691.536344,165,1742,0.6799999999999999,0
691.637359,211,1758,0.3600000000000001,0
691.738783,113,1711,0.20999999999999996,0
691.840296,93,1703,0.33000000000000007,0
691.942087,121,1700,0.06000000000000005,0
692.042431,99,1709,0.06000000000000005,0
692.143846,139,1745,0.029999999999999805,0
692.24504,102,1726,0.5299999999999998,0
692.347091,190,1782,0.14000000000000012,0
692.448379,114,1728,0.14000000000000012,0
692.549072,167,1734,0.54,0
692.650095,149,1736,0.5,0
692.751177,94,1708,0.08000000000000007,0
692.852322,98,1692,0.06999999999999984,0
692.954637,139,1733,0.18999999999999995,0
693.055222,109,1719,0.0,0
693.156316,86,1705,0.27,0
693.257378,136,1711,0.03999999999999959,0
693.358691,123,1718,0.06000000000000005,0
693.460563,88,1702,0.22999999999999998,0
693.561757,83,1702,0.03000000000000025,0
693.662588,141,1722,0.1299999999999999,0
693.763659,80,1691,0.31000000000000005,0
693.865198,144,1731,0.16999999999999993,0
693.965806,59,1687,0.24,0
694.067271,130,1708,0.07999999999999985,0
694.16866,87,1710,0.050000000000000044,0
694.269789,155,1740,0.25,0
694.371628,167,1734,0.0,0
694.473253,48,1671,0.07000000000000006,0
694.574443,117,1704,0.10999999999999988,0
694.675603,155,1712,0.3899999999999999,0
694.777011,62,1660,0.15999999999999992,0
694.878185,117,1683,0.3400000000000001,0
694.97953,105,1689,0.04999999999999982,0
695.08087,99,1690,0.16000000000000014,0
695.182381,78,1691,0.10000000000000009,0
695.28335,114,1709,0.22999999999999998,0
695.385427,170,1728,0.20000000000000018,0
695.486388,116,1701,0.0900000000000003,0
695.588176,210,1755,0.20000000000000018,0
695.689775,134,1706,0.1299999999999999,0
695.790611,111,1720,0.08999999999999986,0
695.892448,163,1732,0.020000000000000018,0
695.993778,119,1715,0.06999999999999984,0
696.094914,70,1702,0.16000000000000014,0
696.196804,132,1714,0.0,0
696.298113,222,1751,0.52,0
696.399622,125,1716,0.20000000000000018,0
696.500682,87,1698,0.1900000000000004,0
696.602573,178,1750,0.11000000000000121,0
696.703636,110,1694,0.040000000000000924,0
696.805154,59,1692,0.019999999999999574,0
696.90917,108,1720,0.46000000000000085,0
697.010084,124,1709,0.03999999999999915,0
697.11096,129,1729,0.09999999999999964,0
697.212265,208,1744,0.4399999999999995,0
697.316155,249,1766,0.08000000000000007,0
697.417582,380,1818,0.27999999999999936,0
697.519106,193,1725,0.0600000000000005,0
697.620643,132,1730,0.3100000000000005,0
697.722605,185,1751,0.040000000000000924,0
697.823666,164,1741,0.3200000000000003,0
697.926023,243,1764,0.7100000000000009,0
698.027059,166,1747,0.39000000000000057,0
698.128835,153,1748,0.07000000000000028,0
698.229324,171,1743,0.07000000000000028,0
698.331282,175,1772,0.08000000000000007,0
698.432627,148,1740,0.2400000000000002,0
698.533637,187,1761,0.41000000000000014,0
698.635015,198,1769,0.10999999999999943,0
698.736224,150,1728,0.6499999999999986,0
698.838286,192,1762,0.5899999999999999,0
698.939811,132,1688,0.7899999999999991,0
699.040525,137,1706,0.39000000000000057,0
699.141663,110,1679,0.5800000000000001,0
699.242917,129,1689,0.8999999999999995,0
699.344989,196,1725,0.7199999999999998,0
699.446246,193,1723,0.6499999999999995,0
699.547341,157,1705,0.8700000000000001,0
699.648609,109,1681,0.8500000000000005,0
699.750256,175,1712,0.7999999999999998,0
699.850977,146,1693,0.5599999999999996,0
699.952436,108,1673,0.7300000000000004,0
700.05371,160,1689,0.5500000000000007,0
700.155298,98,1680,0.9800000000000004,0
700.25613,171,1711,1.0599999999999996,0
700.357451,164,1705,0.71,0
700.458658,175,1683,0.8300000000000001,0
700.560261,217,1724,1.01,0
700.66179,262,1724,1.02,0
700.763148,88,1680,1.27,0
700.86424,58,1666,0.79,0
700.965906,153,1726,1.05,0
701.067323,126,1716,0.87,0
701.169082,88,1701,0.66,0
701.270228,82,1713,0.94,0
701.37184,63,1704,1.19,0
701.473606,197,1747,1.06,0
701.574656,44,1677,0.86,0
701.676569,76,1682,0.96,0
701.777897,132,1714,0.98,0
701.879073,77,1679,1.21,0
701.980456,57,1665,0.8799999999999999,0
702.081755,155,1696,0.8399999999999999,0
702.183206,141,1704,0.8299999999999996,0
702.284189,212,1692,0.43999999999999995,0
702.386388,62,1663,0.020000000000000018,0
702.487872,64,1669,0.25,0
702.589832,207,1731,0.5499999999999998,0
702.691191,277,1735,0.3899999999999997,0
702.792137,87,1664,0.2599999999999998,0
702.893621,129,1702,0.33999999999999986,0
702.995452,160,1742,0.020000000000000462,0
703.097322,133,1722,0.3699999999999992,0
703.198182,138,1743,0.41000000000000014,0
703.299358,118,1730,0.41999999999999993,0
703.401444,149,1730,0.79,0
703.502322,146,1727,0.71,0
703.603383,216,1761,1.1100000000000003,0
703.704454,192,1735,1.0499999999999998,0
703.806119,82,1671,1.2200000000000006,0
703.907749,259,1780,0.9499999999999997,0
704.009332,281,1774,0.8700000000000001,0
704.110624,94,1709,1.4299999999999997,0
704.211917,199,1750,1.7900000000000005,0
704.313312,262,1779,1.6300000000000003,0
704.414821,103,1684,1.13,0
704.517021,101,1698,0.7000000000000002,0
704.618354,147,1708,0.98,0
704.719412,114,1705,1.2799999999999998,0
704.820982,134,1708,1.2799999999999998,0
704.922763,30,1665,0.7400000000000002,0
705.024171,118,1719,0.7199999999999998,0
705.125084,83,1696,0.46999999999999975,0
705.226197,112,1707,0.7499999999999998,0
705.328186,100,1706,0.72,0
705.429257,136,1725,0.9400000000000001,0
705.530797,52,1673,0.53,0
705.631663,113,1709,0.51,0
705.732802,72,1691,0.06000000000000005,0
705.834572,114,1690,0.07000000000000006,0
705.935716,122,1695,0.30000000000000004,0
706.037266,37,1672,0.15999999999999992,0
706.138233,186,1731,0.39,0
706.239549,43,1672,0.07000000000000006,0
706.341795,220,1747,0.27,0
706.442659,81,1688,0.19000000000000006,0
706.544179,109,1705,0.25,0
706.645162,97,1705,0.34999999999999987,0
706.746273,86,1696,0.43000000000000005,0
706.84783,126,1704,0.24,0
706.949536,60,1662,0.0,0
707.050319,50,1654,0.09000000000000008,0
707.151538,66,1671,0.029999999999999805,0
707.253003,84,1680,0.21999999999999997,0
707.354311,101,1687,0.010000000000000009,0
707.455444,19,1645,0.039999999999999813,0
707.557869,71,1677,0.09999999999999987,0
707.658573,91,1693,0.04999999999999982,0
707.760031,81,1694,0.22999999999999998,0
707.861302,133,1722,0.5500000000000003,0
707.962814,134,1727,0.08000000000000007,0
708.064984,59,1702,0.33999999999999986,0
708.165603,33,1678,0.16000000000000014,0
708.267151,65,1695,0.08000000000000007,0
708.368905,89,1700,0.3899999999999997,0
708.471043,38,1660,0.1299999999999999,0
708.572294,98,1690,0.31000000000000005,0
708.673306,147,1736,0.18999999999999995,0
708.774793,123,1721,0.03999999999999959,0
708.876165,212,1723,0.08999999999999986,0
708.978168,162,1707,0.0900000000000003,0
709.079409,189,1738,0.25,0
709.181331,227,1746,0.48,0
709.28238,266,1782,0.09999999999999964,0
709.384399,206,1748,0.009999999999999787,0
709.48605,208,1751,0.08000000000000007,0
709.58723,141,1724,0.11000000000000032,0
709.689054,173,1754,0.010000000000000675,0
709.790055,192,1775,0.05999999999999872,0
709.891383,175,1737,0.3200000000000003,0
709.992841,135,1708,0.2400000000000002,0
710.093876,109,1722,0.009999999999999787,0
710.196203,99,1677,0.1899999999999995,0
710.296942,91,1699,0.08000000000000007,0
710.398765,177,1701,0.009999999999999787,0
710.500026,137,1728,0.16999999999999993,0
710.60219,120,1677,0.34999999999999964,0
710.703102,244,1773,0.7699999999999996,0
710.804218,278,1768,0.20999999999999996,0
710.90548,163,1715,0.5800000000000001,0
711.006787,159,1721,0.21999999999999975,0
711.108562,69,1642,0.41000000000000014,0
711.209956,83,1654,0.5899999999999999,0
711.311109,244,1723,0.08999999999999986,0
711.412331,125,1680,0.20000000000000107,0
711.516143,180,1700,0.040000000000000924,0
711.61729,83,1658,0.5999999999999996,0
711.718925,178,1685,0.08000000000000007,0
711.820551,191,1708,0.3800000000000008,0
711.924623,182,1697,0.9299999999999997,0
712.025882,123,1681,0.5499999999999989,0
712.127394,255,1747,0.2599999999999998,0
712.228434,154,1707,0.8499999999999996,0
712.330143,120,1681,0.26,0
712.431226,324,1781,1.7399999999999993,0
712.532758,76,1689,1.870000000000001,0
712.634241,190,1745,1.3500000000000014,0
712.735321,95,1701,0.33999999999999986,0
712.837351,275,1761,0.4299999999999997,0
712.93862,194,1708,1.290000000000001,0
713.039392,107,1660,0.26,0
713.140642,282,1716,0.7300000000000004,0
713.241634,139,1700,0.6699999999999999,0
713.344153,158,1698,0.40000000000000036,0
713.444583,233,1727,0.009999999999999787,0
713.546342,149,1691,0.5099999999999998,0
713.647315,249,1750,0.5700000000000003,0
713.748651,289,1756,1.25,0
713.849893,467,1794,0.6000000000000001,0
713.951594,232,1750,1.8500000000000014,0
714.052864,183,1693,1.3699999999999992,0
714.154827,180,1723,0.5999999999999996,0
714.255564,256,1736,0.2699999999999996,0
714.356714,120,1693,0.030000000000001137,0
714.458314,305,1757,0.17999999999999972,0
714.560375,168,1729,1.4000000000000004,0
714.661382,295,1759,0.9,0
714.762839,208,1740,2.2699999999999996,0
714.864077,175,1706,1.7400000000000002,0
714.96557,226,1731,0.21999999999999886,0
715.067034,260,1773,0.3100000000000005,0
715.168074,108,1698,0.47000000000000064,0
715.26909,245,1768,0.28999999999999915,0
715.370042,252,1751,2.0700000000000003,0
715.471325,508,1831,0.25000000000000006,1
715.573538,144,1696,1.4000000000000004,0
715.674274,138,1694,1.25,0
715.77566,193,1737,0.6400000000000006,0
715.877288,176,1712,0.13000000000000078,0
715.979429,189,1731,0.2599999999999998,0
716.08059,127,1701,0.09999999999999964,0
716.182279,367,1802,0.11000000000000121,0
716.283265,183,1725,1.3099999999999987,0
716.385264,411,1789,0.32000000000000006,0
716.486187,224,1754,2.0700000000000003,0
716.587986,128,1687,1.3200000000000003,0
716.689569,227,1729,1.0700000000000003,0
716.790958,86,1674,0.5199999999999996,0
716.892601,76,1682,0.4399999999999995,0
716.994829,415,1796,0.7699999999999996,0
717.095616,323,1793,1.9800000000000004,0
717.196751,571,1884,0.5999999999999996,1
717.298258,338,1762,2.2300000000000004,0
717.399391,111,1688,1.3499999999999996,0
717.500998,138,1711,0.6699999999999999,0
717.601899,190,1731,0.22999999999999865,0
717.703575,104,1693,0.129999999999999,0
717.804233,190,1761,0.40000000000000036,0
717.906077,323,1778,1.0199999999999996,0
718.00735,275,1767,0.65,0
718.108592,103,1688,2.5700000000000003,0
718.210184,250,1747,1.8499999999999996,0
718.31143,283,1745,1.3499999999999996,0
718.412292,142,1717,0.9500000000000011,0
718.513602,111,1728,0.15000000000000036,0
718.614758,99,1717,0.3200000000000003,0
718.716021,105,1683,0.47999999999999865,0
718.816736,277,1788,0.7699999999999996,0
718.918243,250,1734,1.7199999999999998,0
719.019189,194,1740,1.7000000000000002,0
719.123391,188,1737,1.9800000000000004,0
719.224771,165,1731,1.4399999999999995,0
719.326126,160,1729,0.5800000000000001,0
719.427643,91,1696,0.2699999999999996,0
719.529217,103,1698,0.6099999999999994,0
719.630236,183,1742,0.010000000000001563,0
719.73131,135,1715,1.3100000000000005,0
719.833041,216,1749,1.1500000000000004,0
719.934433,64,1652,1.12,0
720.035996,209,1721,0.81,0
720.137446,201,1717,0.5700000000000001,0
720.238918,140,1689,0.79,0
720.341024,175,1715,0.7,0
720.441756,101,1680,0.6399999999999999,0
720.543118,150,1698,0.26,0
720.644787,144,1690,0.1200000000000001,0
720.74617,120,1675,0.010000000000000009,0
720.847231,59,1651,0.1200000000000001,0
720.949151,88,1663,0.3599999999999999,0
721.050016,184,1711,0.3700000000000001,0
721.150975,112,1701,0.4300000000000006,0
721.252311,156,1710,0.5800000000000001,0
721.353243,207,1730,0.6400000000000006,0
721.454595,181,1720,0.5100000000000002,0
721.556078,117,1699,0.3500000000000001,0
721.657267,96,1702,0.08999999999999986,0
721.759561,91,1702,0.1200000000000001,0
721.860798,130,1713,0.17999999999999994,0
721.962194,101,1694,0.28,0
722.063438,39,1658,0.1100000000000001,0
722.165163,77,1688,0.18000000000000016,0
722.266116,57,1676,0.17999999999999994,0
722.367592,112,1708,0.2300000000000001,0
722.468986,98,1701,0.31999999999999995,0
722.570617,78,1690,0.09999999999999998,0
722.67221,24,1660,0.44999999999999996,0
722.773774,60,1683,0.38,0
722.874992,35,1672,0.35,0
722.977086,50,1684,0.62,0
723.078199,116,1719,0.15,0
723.180357,133,1729,0.05,0
723.281218,55,1692,0.16,0
723.382533,45,1689,0.17,0
723.483657,82,1711,0.08,0
723.585117,70,1708,0.15,0
723.685694,42,1680,0.05,0
723.787347,86,1702,0.21,0
723.888452,26,1664,0.07,0
723.990379,81,1686,0.24,0
724.091249,161,1739,0.55,0
724.192725,234,1734,0.07,0
724.29396,51,1691,0.12,0
724.395586,205,1801,0.03,0
724.496377,176,1766,0.16,0
724.597266,103,1737,0.1,0
724.698765,28,1684,0.24,0
724.799804,41,1690,0.32,0
724.901241,79,1719,0.06,0
725.002046,93,1712,0.020000000000000018,0
725.103148,89,1715,0.19999999999999996,0
725.204305,100,1724,0.31000000000000005,0
725.305412,166,1754,0.22999999999999987,0
725.406763,92,1738,0.1100000000000001,0
725.507339,59,1697,0.5,0
725.608363,51,1712,0.42999999999999994,0
725.709572,61,1730,0.16999999999999993,0
725.810424,150,1779,0.09999999999999998,0
725.911583,87,1757,0.010000000000000009,0
726.012524,132,1785,0.16,0
726.116209,89,1762,0.31,0
726.217335,53,1754,0.44,0
726.318753,143,1801,0.17000000000000015,0
726.419792,101,1781,0.09999999999999987,0
726.52359,103,1780,0.1499999999999999,0
726.624536,106,1772,0.08000000000000007,0
726.725718,245,1792,0.6300000000000003,0
726.82734,175,1819,0.08000000000000007,0
726.928811,219,1760,0.5,0
727.029452,196,1748,0.6099999999999994,0
727.130802,125,1746,0.1899999999999995,0
727.232072,174,1734,0.34999999999999964,0
727.333354,160,1761,0.21999999999999886,0
727.434609,165,1763,0.7300000000000004,0
727.535392,217,1800,0.019999999999999574,0
727.636363,40,1731,0.4599999999999991,0
727.737562,252,1789,0.11000000000000121,0
727.839458,106,1753,0.3600000000000012,0
727.93979,156,1740,0.6199999999999992,0
728.041123,182,1746,0.3800000000000008,0
728.142295,171,1747,0.3100000000000005,0
728.243229,162,1696,0.379999999999999,0
728.345414,259,1691,0.8900000000000006,0
728.445857,311,1721,0.75,0
728.547089,181,1711,0.1999999999999993,0
728.648257,154,1703,0.33000000000000007,0
728.750332,197,1754,0.5499999999999989,0
728.85128,422,1789,0.870000000000001,0
728.952243,215,1685,0.879999999999999,0
729.053242,204,1667,0.4599999999999991,0
729.15439,138,1661,0.41999999999999993,0
729.255633,157,1700,0.5700000000000003,0
729.356374,204,1738,0.9900000000000002,0
729.457299,182,1742,0.8800000000000008,0
729.558528,153,1676,0.7599999999999998,0
729.659427,238,1701,0.6300000000000008,0
729.76102,143,1661,0.5800000000000001,0
729.862125,244,1707,0.8899999999999988,0
729.963297,177,1679,0.5999999999999996,0
730.064753,143,1652,0.5600000000000005,0
730.166392,272,1697,0.5399999999999991,0
730.267207,133,1628,0.28999999999999915,0
730.368679,250,1666,0.5800000000000001,0
730.46971,223,1652,0.5,0
730.570709,290,1655,0.45000000000000107,0
730.671682,382,1686,0.5099999999999998,0
730.773147,155,1619,0.3800000000000008,0
730.87411,170,1645,0.39000000000000057,0
730.975608,200,1613,0.5800000000000001,0
731.077037,139,1609,0.8300000000000001,0
731.178416,194,1655,0.6400000000000006,0
731.279837,126,1622,0.8399999999999999,0
731.381811,385,1715,1.42,0
731.482675,97,1608,2.549999999999999,0
731.5843,351,1724,2.7799999999999994,0
731.685533,278,1726,3.030000000000001,0
731.78656,368,1738,3.0500000000000007,0
731.887434,327,1769,2.5200000000000014,0
731.988983,180,1710,2.629999999999999,0
732.089717,352,1798,1.7200000000000006,0
732.190805,328,1799,1.5700000000000003,0
732.29194,331,1822,1.200000000000001,0
732.393229,283,1819,0.6500000000000004,0
732.494363,91,1733,0.3600000000000012,0
732.595606,168,1777,0.5199999999999996,0
732.696426,247,1812,0.41999999999999993,0
732.797436,150,1751,0.8499999999999996,0
732.898717,244,1773,0.8900000000000006,0
733.000233,198,1727,1.0500000000000007,0
733.100999,177,1745,2.0199999999999996,0
733.202121,114,1733,1.7999999999999998,0
733.30317,138,1747,1.700000000000001,0
733.404286,94,1712,1.5499999999999998,0
733.508048,168,1775,1.33,0
733.609245,157,1782,1.1799999999999997,0
733.710527,154,1776,1.2400000000000002,0
733.811352,119,1756,1.1099999999999994,0
733.915203,88,1736,1.0,0
734.016124,212,1796,0.6699999999999999,0
734.117278,106,1761,1.1099999999999994,0
734.218652,201,1805,1.0199999999999996,0
734.319393,203,1811,0.7400000000000002,0
734.420402,212,1801,0.5,0
734.524113,74,1723,0.6699999999999999,0
734.625231,46,1684,1.0199999999999996,0
734.728714,199,1757,0.6299999999999999,0
734.830184,154,1719,0.9099999999999993,0
734.931022,195,1729,0.8700000000000001,0
735.032276,208,1739,0.8699999999999992,0
735.133966,123,1711,0.8099999999999996,0
735.235123,72,1692,0.4299999999999997,0
735.33626,117,1703,0.45999999999999996,0
735.437372,136,1703,0.6699999999999999,0
735.538427,129,1685,0.33000000000000007,0
735.639845,231,1725,0.040000000000000036,0
735.7407,282,1735,0.3699999999999992,0
735.842102,186,1678,0.28000000000000114,0
735.9428,246,1702,0.040000000000000924,0
736.043947,443,1757,0.23000000000000043,0
736.145007,157,1679,0.16000000000000014,0
736.246347,187,1676,0.0,0
736.347531,128,1641,0.040000000000000924,0
736.449306,363,1781,0.3200000000000003,0
736.549784,218,1710,0.4299999999999997,0
736.650657,152,1670,0.09999999999999964,0
736.751909,168,1692,0.22999999999999865,0
736.853014,31,1625,0.27999999999999936,0
736.954639,142,1686,0.16000000000000014,0
737.055298,138,1687,0.17999999999999972,0
737.156148,278,1747,0.0600000000000005,0
737.256827,185,1698,0.040000000000000924,0
737.358128,195,1689,0.049999999999998934,0
737.459664,208,1689,0.13000000000000078,0
737.560134,190,1668,0.0,0
737.661297,211,1695,0.08000000000000007,0
737.762681,137,1678,0.019999999999999574,0
737.864163,213,1720,0.5400000000000009,0
737.965411,238,1697,0.5199999999999996,0
738.066101,279,1710,0.41999999999999993,0
738.167254,173,1685,0.17999999999999972,0
738.268403,235,1703,0.5100000000000016,0
738.369604,268,1703,0.120000000000001,0
738.47125,231,1690,0.08999999999999986,0
738.571835,298,1721,0.02999999999999936,0
738.672684,261,1717,0.08000000000000007,0
738.773804,231,1697,0.05999999999999872,0
738.875048,316,1713,0.46999999999999886,0
738.976132,338,1720,0.21000000000000085,0
739.076838,98,1601,0.33999999999999986,0
739.177571,97,1632,0.08999999999999986,0
739.278904,215,1670,0.009999999999999787,0
739.381106,157,1646,0.29999999999999893,0
739.482159,183,1626,0.15000000000000036,0
739.583311,235,1650,0.27999999999999936,0
739.684054,321,1691,0.34999999999999964,0
739.785446,217,1641,0.5399999999999991,0
739.886881,207,1623,0.5500000000000007,0
739.988825,217,1628,0.46000000000000085,0
740.089609,219,1624,0.4900000000000002,0
740.191013,237,1632,0.8699999999999992,0
740.292414,217,1621,0.48999999999999844,0
740.393638,117,1603,0.22999999999999865,0
740.494828,224,1642,0.6899999999999995,0
740.596077,451,1713,1.0500000000000007,0
740.69731,278,1635,0.8500000000000014,0
740.798751,360,1655,0.6899999999999995,0
740.899622,200,1622,0.4499999999999993,0
741.000601,283,1633,0.5399999999999991,0
741.101735,312,1649,0.5499999999999989,0
741.202588,280,1630,1.0,0
741.304092,455,1701,0.9899999999999984,0
741.405063,250,1633,0.25,0
741.506126,355,1685,0.35999999999999943,0
741.607294,113,1628,0.10999999999999943,0
741.70882,245,1665,0.16999999999999993,0
741.809428,298,1681,0.08000000000000007,0
741.910763,287,1691,0.3699999999999992,0
742.011633,299,1711,0.3699999999999992,0
742.112973,259,1707,0.06999999999999851,0
742.213905,159,1676,0.2599999999999998,0
742.315418,112,1671,0.7699999999999996,0
742.416216,130,1688,1.0599999999999987,0
742.517441,235,1736,0.2699999999999996,0
742.619031,191,1725,0.39000000000000057,0
742.719583,222,1732,0.3199999999999985,0
742.820522,97,1677,0.2699999999999996,0
742.921592,259,1742,0.5700000000000003,0
743.022431,228,1726,0.33000000000000007,0
743.123819,194,1718,0.5600000000000005,0
743.224704,118,1691,0.3600000000000012,0
743.326182,218,1745,0.47999999999999865,0
743.427331,248,1759,0.8200000000000003,0
743.528608,201,1702,0.4800000000000004,0
743.629238,179,1720,0.07000000000000028,0
743.730316,380,1802,0.1700000000000017,0
743.831433,74,1680,0.5499999999999989,0
743.933172,225,1729,0.5099999999999998,0
744.033853,89,1694,0.14000000000000057,0
744.134816,166,1739,0.2699999999999996,0
744.236002,190,1755,0.05000000000000071,0
744.337808,130,1733,0.4900000000000002,0
744.438207,120,1720,0.010000000000001563,0
744.539157,171,1733,0.030000000000001137,0
744.639943,54,1680,0.41999999999999993,0
744.741986,146,1716,0.11000000000000121,0
744.843171,235,1740,0.21999999999999886,0
744.944033,216,1728,0.21000000000000085,0
745.044408,213,1733,0.4399999999999995,0
745.145369,102,1705,0.14000000000000057,0
745.24665,191,1748,0.07000000000000028,0
745.347626,78,1692,0.1999999999999993,0
745.448588,245,1761,0.10999999999999943,0
745.549803,67,1663,0.6799999999999997,0
745.650656,289,1783,0.6500000000000004,0
745.751819,278,1772,0.9599999999999991,0
745.852716,355,1789,0.0600000000000005,0
745.953728,242,1722,1.0199999999999996,0
746.05495,261,1731,0.6699999999999999,0
746.156191,140,1673,0.10999999999999943,0
746.257195,122,1659,0.33000000000000007,0
746.358307,228,1718,0.6800000000000006,0
746.459593,171,1678,0.41999999999999993,0
746.560423,247,1746,0.5399999999999991,0
746.661228,236,1701,0.41000000000000014,0
746.762288,124,1655,0.7599999999999998,0
746.863424,179,1675,0.23000000000000043,0
746.964345,90,1634,0.08000000000000007,0
747.065578,205,1680,0.41999999999999993,0
747.166678,281,1708,0.2599999999999998,0
747.267766,318,1725,0.47000000000000064,0
747.369732,177,1661,0.20999999999999908,0
747.470833,340,1728,0.4299999999999997,0
747.571968,250,1699,0.40000000000000036,0
747.673049,190,1671,0.2900000000000009,0
747.774543,295,1703,0.10999999999999943,0
747.875926,271,1689,0.2699999999999996,0
747.977364,212,1681,0.05000000000000071,0
748.078728,65,1605,0.07000000000000028,0
748.18026,175,1646,0.009999999999999787,0
748.281113,176,1667,0.10999999999999943,0
748.382179,203,1669,0.1899999999999995,0
748.483239,332,1734,0.08000000000000007,0
748.585071,44,1603,0.049999999999998934,0
748.685629,140,1665,0.02999999999999936,0
748.787284,206,1702,0.28000000000000114,0
748.888646,182,1684,0.3099999999999987,0
748.990124,422,1732,0.4300000000000015,0
749.091568,221,1696,0.5,0
749.192546,257,1692,0.5700000000000003,0
749.293551,329,1701,0.7999999999999989,0
749.394803,228,1668,0.4400000000000013,0
749.495614,147,1690,0.7299999999999986,0
749.597638,300,1719,0.7900000000000009,0
749.69839,242,1684,0.6500000000000004,0
749.799276,353,1733,0.5800000000000001,0
749.900633,72,1633,0.33999999999999986,0
750.002196,205,1711,0.28999999999999915,0
750.102663,99,1675,0.5899999999999999,0
750.20377,109,1702,0.20000000000000107,0
750.304586,145,1675,0.9000000000000004,0
750.406775,45,1654,0.040000000000000924,0
750.507391,258,1772,0.7800000000000011,0
750.608441,254,1772,0.5299999999999994,0
750.709422,102,1698,0.129999999999999,0
750.811145,164,1712,0.5,0
750.914692,215,1720,0.34999999999999964,0
751.015659,203,1704,0.009999999999999787,0
751.117163,126,1668,0.3000000000000007,0
751.218523,40,1622,0.33999999999999986,0
751.319289,167,1670,0.33000000000000007,0
751.420774,353,1750,0.5700000000000003,0
751.521745,87,1646,0.9100000000000001,0
751.623419,268,1738,0.5999999999999996,0
751.724231,237,1733,0.7100000000000009,0
751.825734,178,1700,0.5600000000000005,0
751.926636,156,1692,0.8399999999999999,0
752.027928,100,1659,0.7100000000000009,0
752.129079,174,1710,0.6899999999999995,0
752.229675,229,1738,0.39000000000000057,0
752.331222,222,1740,0.6099999999999994,0
752.432137,194,1740,0.7300000000000004,0
752.53318,318,1787,0.040000000000000924,0
752.634639,182,1724,0.08000000000000007,0
752.735213,118,1677,0.23000000000000043,0
752.836535,211,1722,0.41999999999999993,0
752.937726,149,1725,0.0600000000000005,0
753.039129,363,1856,0.5599999999999996,0
753.140545,470,1846,1.91,1
753.241319,557,1950,0.91,1
753.342439,302,1868,0.5800000000000001,0
753.443809,288,1857,0.20999999999999996,0
753.544623,244,1805,0.039999999999999994,0
753.645945,174,1765,0.04,0
753.747187,202,1792,0.23,0
753.848988,168,1760,0.13,0
753.94928,98,1711,0.29,0
754.0502,127,1726,0.26,0
754.151334,132,1728,0.12,0
754.252345,152,1729,0.03,0
754.353786,160,1732,0.28,0
754.454687,161,1716,0.15,0
754.55577,215,1763,0.35,0
754.656651,138,1708,0.27,0
754.757846,172,1736,0.17,0
754.859442,159,1714,0.17,0
754.960828,140,1708,0.19,0
755.061791,165,1743,0.47,0
755.163085,127,1720,0.16,0
755.264195,157,1743,0.05,0
755.365625,139,1730,0.49,0
755.467041,126,1727,0.24,0
755.568234,153,1738,0.2,0
755.669169,108,1720,0.26,0
755.77045,150,1724,0.13,0
755.871322,144,1741,0.05,0
755.972595,111,1725,0.13,0
756.073785,155,1743,0.2,0
756.174811,123,1726,0.11,0
756.276146,117,1721,0.27,0
756.377099,148,1727,0.04,0
756.478237,130,1716,0.12,0
756.579269,133,1682,0.45,0
756.68033,219,1714,0.3,0
756.781524,117,1697,0.09,0
756.882679,103,1676,0.41,0
756.983442,213,1716,0.22,0
757.084846,163,1703,0.3,0
757.186574,114,1694,0.41,0
757.287656,112,1695,0.38,0
757.389065,69,1675,0.26,0
757.489988,149,1716,0.36,0
757.590765,195,1735,0.41,0
757.692238,154,1732,0.69,0
757.793162,350,1829,0.17,0
757.894768,294,1810,0.35,0
757.995376,286,1786,0.36,0
758.096866,216,1725,0.15,0
758.197969,231,1782,0.12,0
758.299393,199,1746,0.07,0
758.400353,221,1758,0.09,0
758.501838,189,1733,0.0,0
758.602545,194,1753,0.23,0
758.704041,206,1768,0.13,0
758.804655,202,1771,0.14,0
758.90632,170,1743,0.07,0
759.007523,175,1756,0.03,0
759.108847,148,1730,0.29,0
759.210204,165,1754,0.04,0
759.311081,130,1724,0.15,0
759.411858,149,1746,0.08,0
759.512859,122,1729,0.28,0
759.614297,143,1734,0.06,0
759.715289,164,1739,0.19,0
759.816267,89,1691,0.34,0
759.917276,125,1715,0.22,0
760.018433,147,1734,0.24,0
760.122242,126,1722,0.02,0
760.223455,78,1690,0.13,0
760.32437,83,1699,0.13,0
760.425457,129,1725,0.03,0
760.52699,128,1727,0.15,0
760.627456,106,1719,0.17,0
760.728662,107,1716,0.07,0
760.830075,107,1712,0.15,0
760.931251,109,1712,0.33,0
761.032763,140,1706,0.0,0
761.133267,155,1691,0.05000000000000002,0
761.234348,151,1721,0.18999999999999995,0
761.335912,183,1706,0.11999999999999988,0
761.4371,250,1746,0.5100000000000002,0
761.538686,104,1685,0.5,0
761.639232,41,1679,0.3900000000000001,0
761.740264,91,1694,0.18999999999999995,0
761.841365,86,1700,0.020000000000000018,0
761.94226,98,1713,0.040000000000000036,0
762.043344,186,1785,0.020000000000000018,0
762.144581,272,1827,0.020000000000000018,0
762.246258,358,1853,0.45999999999999996,0
762.346772,191,1781,0.2899999999999998,0
762.44828,165,1791,0.29999999999999993,0
762.549041,67,1717,0.18,0
762.650315,138,1735,0.11,0
762.751091,162,1764,0.09,0
762.852137,231,1783,0.08,0
762.953128,132,1746,0.48,0
763.054406,143,1749,0.3,0
763.155441,74,1705,0.31,0
763.256118,210,1714,0.11,0
763.357265,354,1752,0.38,0
763.458664,274,1740,0.23,0
763.560449,230,1736,0.16,0
763.661221,279,1727,0.4,0
763.762371,281,1733,0.47,0
763.863378,200,1721,0.13,0
763.965362,86,1661,0.81,0
764.066129,136,1685,0.67,0
764.167337,220,1736,0.06,0
764.268378,149,1718,0.09,0
764.370215,290,1785,0.23,0
764.470742,253,1751,0.09,0
764.572528,230,1687,0.08,0
764.673776,190,1730,0.53,0
764.774307,128,1683,0.75,0
764.875311,136,1684,0.8,0
764.976723,258,1722,0.53,0
765.078107,296,1760,0.93,0
765.179179,313,1739,0.89,0
765.280458,279,1740,0.52,0
765.381406,141,1700,0.4,0
765.482638,149,1707,0.54,0
765.583774,193,1748,0.75,0
765.68521,191,1721,0.48,0
765.786423,130,1703,0.54,0
765.88726,107,1716,0.32,0
765.989029,177,1728,0.06,0
766.089686,82,1685,0.36,0
766.190803,67,1669,0.33,0
766.291788,175,1727,0.01,0
766.393449,87,1686,0.52,0
766.494831,104,1691,0.34,0
766.595812,132,1703,0.11,0
766.696555,74,1674,0.15,0
766.798147,81,1683,0.16,0
766.899122,130,1706,0.06,0
767.000562,77,1682,0.15,0
767.102064,112,1699,0.08,0
767.202625,145,1713,0.09,0
767.30366,126,1704,0.5,0
767.405015,87,1669,0.2,0
767.506297,94,1681,0.16,0
767.607197,122,1735,0.23,0
767.708365,190,1765,0.07,0
767.809534,127,1717,0.09,0
767.910383,87,1691,0.01,0
768.012127,57,1673,0.29,0
768.112673,133,1702,0.11,0
768.213625,123,1698,0.34,0
768.315238,127,1695,0.48,0
768.41641,310,1770,0.01,0
768.516997,254,1756,0.68,0
768.617988,203,1722,0.9,0
768.718995,205,1744,0.23,0
768.820311,239,1749,0.04,0
768.923924,89,1694,0.21,0
769.024612,84,1793,0.04,0
769.125726,104,1843,0.2,0
769.227053,84,1847,0.15,0
769.328071,64,1826,0.36,0
769.428576,91,1856,0.12,0
769.529444,129,1881,0.02,0
769.630439,130,1714,0.0,0
769.731765,64,1668,0.42,0
769.832644,67,1669,0.010000000000000009,0
769.933439,70,1669,0.029999999999999805,0
770.034445,115,1691,0.3500000000000001,0
770.135407,78,1672,0.6400000000000001,0
770.237052,124,1677,0.10000000000000009,0
770.338406,45,1647,0.6700000000000004,0
770.439553,101,1674,0.20000000000000018,0
770.540173,57,1663,0.4400000000000004,0
770.641336,31,1659,0.2999999999999998,0
770.742337,15,1654,0.3700000000000001,0
770.843847,72,1695,0.1299999999999999,0
770.945147,83,1701,0.3000000000000007,0
771.045756,116,1721,0.13999999999999968,0
771.147157,99,1719,0.14000000000000057,0
771.248116,84,1715,0.23000000000000043,0
771.349617,123,1732,0.0,0
771.450768,103,1728,0.0,0
771.551429,101,1722,0.2599999999999998,0
771.652924,90,1707,0.03000000000000025,0
771.753898,167,1729,0.3999999999999997,0
771.855164,58,1696,0.15999999999999992,0
771.955852,128,1715,0.27999999999999997,0
772.057347,70,1694,0.019999999999999962,0
772.158209,122,1722,0.05000000000000002,0
772.259328,88,1700,0.07,0
772.361571,89,1722,0.4,0
772.462567,82,1695,0.19,0
772.563332,79,1714,0.0,0
772.664993,94,1706,0.18,0
772.765584,47,1686,0.33999999999999997,0
772.867179,120,1714,0.010000000000000009,0
772.968318,98,1705,0.24,0
773.06938,56,1685,0.1599999999999997,0
773.17164,27,1669,0.20999999999999996,0
773.272414,30,1667,0.10999999999999988,0
773.374378,166,1736,0.04999999999999982,0
773.475358,122,1715,0.46999999999999975,0
773.577105,36,1667,0.2799999999999998,0
773.67863,65,1684,0.6499999999999999,0
773.779782,77,1685,0.41999999999999993,0
773.880854,116,1694,0.27,0
773.982238,128,1715,0.21999999999999997,0
774.083831,32,1659,0.04999999999999982,0
774.184659,162,1730,0.20000000000000018,0
774.286093,53,1669,0.3700000000000001,0
774.387646,60,1669,0.10000000000000053,0
774.488669,162,1732,0.35999999999999943,0
774.590168,40,1665,0.10999999999999943,0
774.691109,58,1664,0.31999999999999984,0
774.792232,49,1670,0.5499999999999998,0
774.893788,42,1663,0.7199999999999998,0
774.994675,61,1684,0.33000000000000007,0
775.096257,107,1707,0.22999999999999954,0
775.196727,64,1683,0.0,0
775.297744,31,1669,0.03000000000000025,0
775.399344,93,1703,0.3400000000000003,0
775.500354,111,1706,0.17999999999999972,0
775.601371,133,1699,0.22999999999999998,0
775.703073,31,1672,0.6200000000000001,0
775.803648,35,1683,0.44,0
775.905154,113,1709,0.6799999999999999,0
776.006161,208,1755,0.35,0
776.10721,194,1749,0.36000000000000004,0
776.208646,61,1691,0.38999999999999996,0
776.310094,50,1685,0.16999999999999998,0
776.411124,111,1703,0.23,0
776.512245,77,1691,0.15,0
776.613584,74,1689,0.02,0
776.714663,74,1683,0.16,0
776.815629,94,1706,0.03,0
776.91715,40,1679,0.08,0
777.018179,13,1662,0.16,0
777.122247,50,1682,0.01,0
777.223337,109,1707,0.28,0
777.324188,35,1668,0.06,0
777.425528,61,1677,0.13,0
777.526085,172,1730,0.09,0
777.627254,210,1748,0.35,0
777.728587,207,1745,0.02,0
777.829736,148,1727,0.07,0
777.933299,80,1699,0.05,0
778.034188,37,1668,0.14,0
778.135205,41,1674,0.11,0
778.236301,42,1678,0.43999999999999995,0
778.338353,27,1679,0.6799999999999997,0
778.438552,152,1738,0.23000000000000043,0
778.539417,171,1758,0.16999999999999993,0
778.640543,113,1720,0.5800000000000001,0
778.741537,146,1764,0.08999999999999986,0
778.843318,108,1723,0.13000000000000078,0
778.944047,56,1698,0.0,0
779.044774,49,1698,0.28000000000000114,0
779.146384,71,1721,0.33000000000000007,0
779.247357,93,1723,0.39000000000000057,0
779.348848,144,1738,0.41999999999999993,0
779.450118,188,1769,0.6300000000000008,0
779.551442,99,1713,0.4299999999999997,0
779.652357,132,1721,0.379999999999999,0
779.753592,240,1779,0.5300000000000011,0
779.854742,358,1828,0.3099999999999987,0
779.955932,463,1882,0.4800000000000004,1
780.057312,358,1828,0.40000000000000036,0
780.158956,259,1793,0.4900000000000002,0
780.259993,156,1737,0.629999999999999,0
780.361189,186,1753,1.4400000000000013,0
780.462083,196,1712,0.7899999999999991,0
780.563162,214,1735,0.4800000000000004,0
780.664079,105,1676,0.5600000000000005,0
780.765391,206,1737,0.34999999999999964,0
780.866278,209,1753,0.3200000000000003,0
780.967625,170,1750,0.629999999999999,0
781.068286,140,1729,0.6400000000000006,0
781.17019,101,1684,0.019999999999999574,0
781.271036,235,1763,0.11999999999999922,0
781.372365,230,1734,0.16000000000000014,0
781.473434,226,1725,0.6600000000000001,0
781.574433,189,1722,0.81,0
781.676187,242,1719,0.74,0
781.777194,380,1794,1.17,0
781.878592,196,1700,1.2999999999999998,0
781.980043,202,1716,0.9800000000000002,0
782.081787,173,1706,0.8799999999999999,0
782.182443,239,1740,0.6400000000000006,0
782.283639,122,1678,0.14999999999999947,0
782.385885,110,1679,0.1200000000000001,0
782.487454,225,1726,0.0699999999999994,0
782.58864,240,1737,0.45999999999999996,0
782.689815,116,1687,0.7699999999999996,0
782.791184,131,1697,0.46999999999999975,0
782.892796,174,1723,1.2400000000000002,0
782.993834,136,1712,0.4299999999999997,0
783.094974,207,1743,0.6600000000000001,0
783.196399,217,1755,0.6300000000000008,0
783.297763,160,1735,0.5800000000000001,0
783.398522,137,1730,0.41999999999999993,0
783.499786,174,1751,1.1999999999999993,0
783.600773,148,1737,0.9600000000000009,0
783.702105,199,1748,0.6500000000000004,0
783.802832,155,1732,1.209999999999999,0
783.903817,187,1731,1.1100000000000012,0
784.006001,151,1698,0.9199999999999999,0
784.106233,188,1708,0.879999999999999,0
784.2073,203,1736,1.0700000000000003,0
784.309412,209,1716,1.1400000000000006,0
784.409425,145,1704,1.1300000000000008,0
784.510859,172,1708,0.8100000000000005,0
784.611866,96,1699,1.040000000000001,0
784.712726,82,1706,0.28999999999999915,0
784.81416,164,1758,0.8399999999999999,0
784.915206,233,1778,1.1799999999999997,0
785.016342,94,1715,0.879999999999999,0
785.117543,135,1720,0.8900000000000006,0
785.21928,168,1728,0.6999999999999993,0
785.320574,160,1724,1.0099999999999998,0
785.421569,114,1692,0.7699999999999996,0
785.522636,116,1712,0.6899999999999995,0
785.624154,130,1720,0.9800000000000004,0
785.725246,99,1760,0.6199999999999992,0
785.827052,132,1785,0.9199999999999999,0
785.927757,135,1775,0.8300000000000001,0
786.029184,138,1788,0.9600000000000009,0
786.132776,145,1772,0.5800000000000001,0
786.233725,135,1774,0.8899999999999988,0
786.335291,172,1806,0.75,0
786.436273,137,1788,0.7200000000000006,0
786.53711,102,1776,0.5199999999999996,0
786.638216,88,1764,0.39000000000000057,0
786.739252,78,1749,0.6199999999999992,0
786.840428,87,1757,0.5999999999999979,0
786.941809,54,1737,0.6699999999999982,0
787.042443,94,1762,0.7099999999999991,0
787.143584,83,1755,0.2699999999999996,0
787.244574,128,1763,0.7800000000000011,0
787.34597,169,1780,0.8400000000000034,0
787.446778,122,1779,0.20999999999999908,0
787.548178,418,1873,0.9100000000000001,1
787.649124,513,1797,1.0099999999999998,0
787.75038,396,1774,0.4900000000000002,0
787.851282,233,1653,0.7599999999999998,0
787.952323,228,1689,0.4400000000000004,0
788.053181,157,1657,0.71,0
788.154038,115,1652,0.0,0
788.255391,355,1781,0.6699999999999999,0
788.356365,133,1670,0.48999999999999977,0
788.457211,115,1663,0.6400000000000001,0
788.558848,177,1651,0.44999999999999996,0
788.659675,128,1662,0.10000000000000009,0
788.761111,183,1674,0.030000000000000027,0
788.86172,42,1583,0.020000000000000018,0
788.963346,95,1622,0.020000000000000018,0
789.065012,159,1660,0.5199999999999999,0
789.165655,235,1722,0.2300000000000001,0
789.266641,55,1633,0.10999999999999999,0
789.367994,205,1704,0.35,0
789.46956,266,1772,0.57,0
789.570613,233,1672,0.04999999999999982,0
789.671421,184,1733,0.030000000000000027,0
789.772359,167,1682,0.030000000000000027,0
789.873213,268,1703,0.27,0
789.974262,184,1687,0.10000000000000009,0
790.075793,125,1693,0.2600000000000007,0
790.17609,251,1753,0.39000000000000057,0
790.277401,212,1708,0.5299999999999994,0
790.378729,388,1716,0.09999999999999964,0
790.479913,190,1698,0.39000000000000057,0
790.581633,141,1675,0.16999999999999993,0
790.682663,215,1703,0.17999999999999972,0
790.784286,247,1743,0.13999999999999968,0
790.885638,281,1761,0.11000000000000032,0
790.986178,223,1717,0.03000000000000025,0
791.087541,209,1734,0.20999999999999996,0
791.188439,168,1721,0.03000000000000025,0
791.2897,133,1708,0.10000000000000053,0
791.391255,187,1680,0.1900000000000004,0
791.492779,87,1631,0.14000000000000057,0
791.59421,293,1693,0.08000000000000007,0
791.695767,112,1620,0.3899999999999999,0
791.796216,201,1628,0.09999999999999987,0
791.897684,305,1658,0.21999999999999997,0
791.998764,285,1664,0.5599999999999999,0
792.099956,183,1662,0.41000000000000003,0
792.200807,270,1690,0.20999999999999996,0
792.3019,375,1736,1.1,0
792.40278,364,1712,0.37,0
792.504243,502,1798,0.060000000000000026,0
792.604881,407,1762,0.26,0
792.706131,145,1679,0.27999999999999997,0
792.807553,187,1661,0.4,0
792.909103,262,1725,0.22999999999999998,0
793.010209,173,1714,0.43,0
793.111435,221,1702,0.03,0
793.212758,118,1673,0.02,0
793.313942,197,1694,0.13,0
793.415254,216,1726,0.31,0
793.516723,73,1653,0.08,0
793.618232,176,1715,0.5,0
793.71981,171,1712,0.36,0
793.820934,164,1704,0.13,0
793.921553,210,1724,0.15,0
794.022859,91,1658,0.31,0
794.12408,293,1747,0.4,0
794.22513,165,1691,0.0,0
794.326266,173,1692,0.03,0
794.427579,170,1696,0.03,0
794.529013,141,1690,0.14,0
794.629593,194,1708,0.18,0
794.730673,126,1684,0.23,0
794.832134,155,1702,0.11,0
794.933556,125,1688,0.15,0
795.034114,95,1675,0.06,0
795.135128,238,1737,0.02,0
795.236286,130,1692,0.24,0
795.338061,108,1689,0.31,0
795.439056,216,1735,0.36,0
795.540148,184,1703,0.38,0
795.640669,78,1657,0.34,0
795.742128,207,1715,0.25,0
795.842815,256,1756,0.08,0
795.944267,155,1686,0.27,0
796.044546,137,1692,0.34,0
796.145681,141,1688,0.0,0
796.246801,138,1694,0.02,0
796.348179,150,1702,0.0,0
796.44958,158,1730,0.13,0
796.550096,134,1722,0.14,0
796.651209,165,1717,0.36,0
796.752369,179,1738,0.30000000000000004,0
796.853788,129,1721,0.04999999999999982,0
796.955344,188,1722,0.2200000000000002,0
797.055767,148,1735,0.3900000000000001,0
797.15722,82,1699,0.07999999999999963,0
797.258241,136,1707,0.010000000000000231,0
797.359339,71,1685,0.34999999999999964,0
797.460654,142,1714,0.21999999999999975,0
797.562222,111,1694,0.1299999999999999,0
797.663137,135,1708,0.29000000000000004,0
797.764215,43,1662,0.21999999999999997,0
797.866028,102,1694,0.28,0
797.966797,54,1671,0.1499999999999999,0
798.068259,69,1679,0.010000000000000009,0
798.169693,96,1687,0.19999999999999996,0
798.270053,121,1702,0.08000000000000007,0
798.371774,94,1705,0.019999999999999796,0
798.472792,80,1703,0.06000000000000005,0
798.57405,141,1720,0.24,0
798.675315,69,1684,0.11999999999999988,0
798.77652,85,1718,0.16000000000000014,0
798.877618,93,1712,0.17999999999999994,0
798.978678,129,1744,0.33000000000000007,0
799.080224,40,1685,0.31000000000000005,0
799.182051,100,1702,0.3699999999999999,0
799.283091,85,1702,0.52,0
799.384199,53,1686,0.3900000000000001,0
799.485179,14,1668,0.4299999999999997,0
799.586133,47,1684,0.3999999999999999,0
799.68735,41,1670,0.27,0
799.788937,101,1705,0.29000000000000004,0
799.890046,23,1675,0.1299999999999999,0
799.991087,82,1703,0.14000000000000012,0
800.092128,78,1704,0.18999999999999995,0
800.193532,67,1700,0.029999999999999805,0
800.294261,39,1688,0.06999999999999984,0
800.395946,46,1688,0.14000000000000012,0
800.497207,53,1684,0.31999999999999984,0
800.599272,52,1683,0.3200000000000003,0
800.700286,61,1684,0.3600000000000003,0
800.801022,54,1683,0.3900000000000001,0
800.902203,95,1689,0.10000000000000009,0
801.003181,76,1679,0.33000000000000007,0
801.104305,113,1705,0.53,0
801.205132,105,1701,0.13,0
801.306153,74,1687,0.6099999999999999,0
801.407375,50,1688,0.45,0
801.511191,34,1671,0.20000000000000007,0
801.612348,100,1713,0.20000000000000007,0
801.713428,70,1693,0.039999999999999925,0
801.814662,121,1723,0.17000000000000004,0
801.918651,46,1689,0.09000000000000002,0
802.0202,83,1708,0.16,0
802.121088,86,1711,0.16,0
802.222017,91,1715,0.02,0
802.323287,101,1709,0.13,0
802.424554,135,1724,0.07,0
802.525831,140,1727,0.35,0
802.626775,117,1718,0.09,0
802.730626,129,1725,0.22,0
802.832417,472,1837,0.030000000000000027,1
802.933662,251,1773,0.19000000000000017,0
803.035129,193,1716,0.010000000000000009,0
803.136069,107,1728,0.16999999999999993,0
803.236809,138,1742,0.3799999999999999,0
803.338548,185,1716,0.18999999999999995,0
803.43955,219,1727,0.54,0
803.541237,214,1723,0.17999999999999994,0
803.64216,145,1741,0.3700000000000001,0
803.743158,166,1724,0.30000000000000027,0
803.84428,67,1687,0.10000000000000009,0
803.945431,164,1710,0.3599999999999999,0
804.046253,165,1729,0.08000000000000007,0
804.147678,205,1719,0.06000000000000005,0
804.249017,197,1731,0.040000000000000036,0
804.350582,237,1694,0.6600000000000001,0
804.451123,179,1695,0.2699999999999996,0
804.551906,192,1689,0.46000000000000085,0
804.653359,133,1643,0.3700000000000001,0
804.754123,166,1651,0.6299999999999999,0
804.855394,204,1671,0.3800000000000008,0
804.957285,157,1680,0.39999999999999947,0
805.058655,151,1693,0.629999999999999,0
805.160307,284,1684,0.1899999999999995,0
805.26081,138,1654,0.6300000000000008,0
805.362596,191,1654,0.5200000000000014,0
805.463673,157,1648,0.5200000000000014,0
805.564743,93,1641,0.8599999999999994,0
805.665588,142,1650,0.9399999999999995,0
805.766551,221,1704,0.6699999999999999,0
805.867663,111,1657,0.29000000000000004,0
805.969971,159,1674,0.2999999999999998,0
806.070451,196,1706,0.23000000000000043,0
806.171519,136,1657,0.3600000000000003,0
806.272547,176,1672,0.41999999999999993,0
806.373767,284,1724,0.05999999999999961,0
806.475525,187,1694,0.6699999999999999,0
806.576202,180,1708,0.5700000000000003,0
806.677224,293,1731,0.8100000000000005,0
806.778562,198,1712,1.0299999999999994,0
806.880229,123,1693,0.4900000000000002,0
806.981683,39,1666,0.3799999999999999,0
807.082982,54,1674,0.2599999999999989,0
807.18404,78,1683,0.5400000000000009,0
807.285309,144,1715,0.39000000000000057,0
807.386165,179,1737,0.33999999999999986,0
807.487052,85,1701,0.02999999999999936,0
807.588032,34,1667,0.25,0
807.689138,47,1682,0.09999999999999964,0
807.790191,141,1730,0.07000000000000028,0
807.892148,24,1672,0.370000000000001,0
807.993378,122,1719,0.15000000000000036,0
808.09456,211,1770,0.07000000000000028,0
808.194898,104,1728,0.6799999999999997,0
808.296335,106,1724,0.8000000000000007,0
808.397775,114,1739,0.47000000000000064,0
808.499312,102,1730,0.5,0
808.600383,28,1703,0.8100000000000005,0
808.701165,78,1713,1.0099999999999998,0
808.80206,65,1720,1.0699999999999985,0
808.903001,123,1760,0.7100000000000009,0
809.00439,203,1767,0.5600000000000005,0
809.104812,204,1778,0.5800000000000001,0
809.205977,213,1808,0.7699999999999996,0
809.307392,203,1787,0.7000000000000011,0
809.408151,133,1757,0.7599999999999998,0
809.511766,147,1742,0.8300000000000001,0
809.61283,129,1774,0.6099999999999994,0
809.714042,79,1727,0.5200000000000014,0
809.81482,112,1723,0.33999999999999986,0
809.918434,104,1726,0.21999999999999886,0
810.0194,208,1797,0.5199999999999996,0
810.120438,257,1812,0.34999999999999964,0
810.221386,132,1735,0.049999999999998934,0
810.322564,182,1719,0.15000000000000036,0
810.423824,97,1720,0.13999999999999968,0
810.525028,98,1733,0.14999999999999947,0
810.626293,91,1710,0.3899999999999997,0
810.727111,106,1710,0.20000000000000018,0
810.828528,125,1722,0.4700000000000002,0
810.929196,116,1742,0.24,0
811.030127,138,1723,0.020000000000000018,0
811.131542,312,1816,0.0,0
811.232288,435,1821,0.59,1
811.334098,327,1807,0.55,0
811.435228,207,1773,0.029999999999999805,0
811.536218,141,1697,0.4700000000000002,0
811.637519,148,1683,0.16999999999999993,0
811.738403,121,1675,0.1299999999999999,0
811.840295,63,1648,0.3600000000000003,0
811.941277,151,1673,0.5100000000000007,0
812.042335,282,1771,0.4399999999999995,0
812.142888,317,1765,0.54,0
812.244297,184,1675,0.5700000000000003,0
812.346171,209,1669,0.03000000000000025,0
812.447249,464,1774,0.5,0
812.548035,230,1702,1.1100000000000003,0
812.648565,224,1664,0.3699999999999992,0
812.74984,221,1705,0.79,0
812.850364,207,1721,0.6400000000000006,0
812.951289,201,1666,0.8099999999999987,0
813.052571,217,1688,0.4599999999999991,0
813.154318,129,1682,0.5499999999999989,0
813.254768,223,1668,0.33000000000000007,0
813.35613,173,1642,0.3100000000000005,0
813.457119,79,1628,0.20000000000000107,0
813.558627,232,1704,0.34999999999999964,0
813.659683,172,1697,0.5099999999999998,0
813.760632,180,1682,0.009999999999999787,0
813.861637,66,1658,0.5199999999999996,0
813.963306,147,1667,0.21999999999999886,0
814.064268,137,1673,0.7200000000000006,0
814.165579,266,1722,0.45999999999999996,0
814.265655,179,1678,1.0700000000000003,0
814.367097,242,1707,0.8699999999999992,0
814.46806,216,1705,0.21999999999999975,0
814.569011,107,1684,0.9699999999999998,0
814.670328,326,1765,0.5899999999999999,0
814.77128,127,1688,1.2300000000000004,0
814.872402,97,1696,1.1100000000000003,0
814.973759,219,1761,0.8600000000000003,0
815.074581,145,1729,0.6400000000000006,0
815.176374,183,1746,0.7799999999999994,0
815.277364,101,1702,0.4900000000000002,0
815.379406,176,1753,0.5899999999999999,0
815.480205,154,1755,0.10999999999999943,0
815.582011,203,1762,0.4900000000000002,0
815.683126,162,1736,0.16999999999999993,0
815.785022,90,1694,0.040000000000000036,0
815.886016,147,1734,0.23999999999999932,0
815.987618,74,1698,0.03000000000000025,0
816.089103,121,1723,0.27000000000000046,0
816.190367,191,1783,0.16999999999999993,0
816.291245,88,1736,0.3200000000000003,0
816.392554,42,1711,0.45999999999999996,0
816.493768,119,1750,0.29000000000000004,0
816.595361,150,1759,0.13999999999999968,0
816.696779,60,1711,0.4500000000000002,0
816.798049,124,1740,0.35999999999999943,0
816.899194,152,1756,0.2599999999999998,0
817.000243,135,1755,0.6799999999999997,0
817.101191,120,1754,0.41999999999999993,0
817.202373,93,1749,0.41999999999999993,0
817.303158,75,1739,0.4500000000000002,0
817.404314,110,1752,0.08000000000000007,0
817.505543,142,1761,0.1200000000000001,0
817.606534,88,1710,0.28000000000000025,0
817.710214,115,1712,0.1900000000000004,0
817.811398,101,1708,0.7100000000000004,0
817.912567,200,1773,0.3899999999999997,0
818.013762,126,1760,0.5800000000000001,0
818.117188,145,1778,0.16000000000000014,0
818.218411,211,1805,0.16999999999999993,0
818.319537,151,1780,0.14000000000000057,0
818.422058,165,1763,0.2999999999999998,0
818.522566,215,1768,0.2999999999999998,0
818.623635,151,1731,0.1200000000000001,0
818.724605,226,1756,0.21999999999999975,0
818.826156,157,1719,0.20999999999999996,0
818.929454,87,1674,0.33000000000000007,0
819.030312,89,1666,0.16000000000000014,0
819.131535,208,1721,0.09000000000000075,0
819.232602,135,1679,0.46999999999999975,0
819.336356,251,1733,0.4299999999999997,0
819.437265,155,1683,0.7299999999999986,0
819.538323,119,1673,0.009999999999999787,0
819.639376,172,1702,0.5199999999999996,0
819.741232,263,1763,0.39000000000000057,0
819.84178,295,1784,0.2699999999999996,0
819.942957,316,1780,0.7699999999999996,0
820.043903,381,1821,0.40999999999999925,0
820.144875,249,1748,0.1200000000000001,0
820.246439,294,1770,0.0,0
820.34736,105,1689,1.1399999999999988,0
820.448263,173,1732,0.28000000000000114,0
820.54932,254,1779,0.3899999999999988,0
820.649989,405,1847,0.08000000000000007,1
820.751768,415,1794,0.1700000000000017,0
820.85235,278,1815,0.16000000000000014,0
820.953702,103,1705,0.33000000000000007,0
821.054728,195,1743,0.20000000000000018,0
821.157118,150,1717,0.38000000000000034,0
821.257864,283,1769,0.9199999999999999,0
821.358814,194,1729,1.36,0
821.460529,146,1692,0.5300000000000002,0
821.561681,284,1755,0.3100000000000005,0
821.662607,202,1733,0.6000000000000005,0
821.763797,127,1697,0.07000000000000028,0
821.865083,131,1711,0.2699999999999996,0
821.9658,149,1700,0.71,0
822.066741,114,1693,0.5899999999999999,0
822.168005,131,1703,0.33999999999999986,0
822.269584,97,1699,0.17999999999999972,0
822.371347,74,1681,0.5100000000000007,0
822.472414,78,1690,0.6799999999999997,0
822.573259,58,1684,0.8700000000000001,0
822.6746,91,1700,0.71,0
822.776535,76,1703,0.6900000000000004,0
822.877435,35,1678,0.6700000000000008,0
822.978426,65,1708,0.8000000000000007,0
823.079636,57,1709,0.7300000000000004,0
823.180808,44,1695,0.6899999999999995,0
823.282146,48,1700,0.6999999999999993,0
823.383264,27,1691,0.5800000000000001,0
823.484448,80,1720,0.5199999999999996,0
823.586232,76,1725,0.54,0
823.687137,85,1728,0.4400000000000004,0
823.788191,109,1734,0.34000000000000075,0
823.889405,59,1699,0.39999999999999947,0
823.991182,159,1721,0.22999999999999954,0
824.092169,150,1715,0.34999999999999964,0
824.193373,94,1692,0.6400000000000001,0
824.294653,147,1720,0.25,0
824.395791,127,1704,0.3599999999999999,0
824.497373,96,1696,0.8399999999999999,0
824.598827,142,1717,0.8099999999999999,0
824.699808,55,1666,0.65,0
824.801284,113,1701,0.25,0
824.903228,149,1717,0.6699999999999999,0
825.004163,132,1698,0.61,0
825.105045,137,1706,0.77,0
825.206604,131,1704,0.38999999999999996,0
825.307652,137,1724,0.38,0
825.409202,129,1713,0.42,0
825.510595,105,1694,0.37,0
825.611223,179,1727,0.3,0
825.714954,135,1716,0.1,0
825.816111,149,1717,0.32,0
825.91712,196,1743,0.26,0
826.018658,130,1696,0.01,0
826.119429,105,1699,0.36,0
826.220374,84,1691,0.35,0
826.321621,157,1733,0.08,0
826.42233,144,1726,0.1,0
826.526172,146,1727,0.04,0
826.627158,109,1702,0.13,0
826.728663,156,1721,0.07,0
826.829439,142,1721,0.0,0
826.930445,153,1698,0.06,0
827.031573,74,1664,0.16,0
827.133193,87,1668,0.11,0
827.234214,155,1699,0.1,0
827.335414,94,1670,0.12,0
827.436673,399,1787,0.07,0
827.537636,183,1672,0.05,0
827.638807,256,1691,0.15,0
827.739782,432,1747,0.30000000000000004,0
827.841631,105,1626,0.16999999999999998,0
827.942185,379,1788,0.09,0
828.043599,123,1693,0.030000000000000013,0
828.144892,207,1736,0.09999999999999999,0
828.246074,257,1732,0.03,0
828.347413,240,1717,0.0,0
828.448605,219,1733,0.17,0
828.549533,322,1759,0.05,0
828.650697,235,1724,0.21,0
828.751757,295,1738,0.12,0
828.853568,799,1899,0.19999999999999998,1
828.954315,331,1761,0.41000000000000014,0
829.055815,200,1754,2.1700000000000004,0
829.156612,377,1893,0.8799999999999999,0
829.258292,188,1748,0.3500000000000001,0
829.360235,175,1765,0.16000000000000014,0
829.461059,152,1707,0.1899999999999995,0
829.562057,180,1731,0.39000000000000057,0
829.663215,110,1694,0.1200000000000001,0
829.764284,114,1695,0.1299999999999999,0
829.865141,147,1695,0.33000000000000007,0
829.966249,139,1694,0.04999999999999982,0
830.067595,221,1730,0.17999999999999972,0
830.169151,183,1709,0.13999999999999968,0
830.269704,141,1696,0.6499999999999995,0
830.370731,188,1717,0.06999999999999984,0
830.471803,180,1689,0.6699999999999999,0
830.572879,256,1728,0.21000000000000002,0
830.67442,88,1657,0.12,0
830.775106,135,1679,0.13,0
830.876404,216,1712,0.23,0
830.977196,241,1738,0.04,0
831.078372,261,1735,0.1,0
831.18045,156,1707,0.03,0
831.281168,277,1769,0.01,0
831.382229,232,1743,0.1,0
831.483207,149,1717,0.47,0
831.58421,218,1753,0.1,0
831.685677,110,1699,0.23,0
831.786281,217,1763,0.04,0
831.887641,175,1755,0.15,0
831.989481,126,1719,0.18,0
832.090656,160,1733,0.1,0
832.191863,110,1691,0.05,0
832.292751,146,1707,0.0,0
832.394768,31,1663,0.3,0
832.495741,30,1657,0.49,0
832.597317,293,1767,0.2,0
832.698559,119,1674,0.21,0
832.800291,250,1727,0.27,0
832.901452,180,1704,0.33,0
833.002528,151,1693,0.11,0
833.103616,117,1686,0.04,0
833.205439,106,1709,0.019999999999999997,0
833.306209,131,1731,0.20999999999999996,0
833.407646,149,1697,0.34,0
833.508753,145,1700,0.27999999999999997,0
833.609792,82,1704,0.01,0
833.711211,111,1725,0.36,0
833.812124,76,1713,0.21,0
833.913188,81,1703,0.01,0
834.014213,170,1771,0.17,0
834.115269,88,1729,0.55,0
834.216615,163,1759,0.31000000000000005,0
834.317253,130,1728,0.35999999999999943,0
834.418326,96,1722,0.41000000000000014,0
834.519255,57,1699,0.75,0
834.620421,37,1681,0.14000000000000012,0
834.72425,101,1708,0.10000000000000009,0
834.825297,73,1699,0.09999999999999998,0
834.926268,4,1663,0.02999999999999997,0
835.027441,73,1693,0.18000000000000002,0
835.129261,103,1711,0.29,0
835.229446,29,1674,0.04,0
835.330815,17,1658,0.08,0
835.43178,53,1679,0.04,0
835.532985,21,1660,0.15,0
835.633878,75,1683,0.08,0
835.735204,79,1688,0.2,0
835.837197,364,1806,0.0,0
835.938439,258,1771,0.09,0
836.039138,330,1797,0.46,0
836.140387,104,1710,0.18,0
836.241528,102,1720,0.14,0
836.343043,67,1689,0.14,0
836.444119,108,1736,0.02,0
836.544688,149,1726,0.31,0
836.64608,120,1732,0.13,0
836.746953,99,1737,0.05,0
836.848647,78,1720,0.009999999999999998,0
836.949783,145,1744,0.13999999999999999,0
837.050582,112,1711,0.039999999999999925,0
837.15189,149,1725,0.20000000000000018,0
837.252831,84,1691,0.5299999999999998,0
837.354054,218,1757,0.20999999999999996,0
837.454897,182,1731,0.14000000000000012,0
837.555793,197,1739,0.2200000000000002,0
837.657133,46,1681,0.16999999999999993,0
837.75856,109,1704,0.20999999999999996,0
837.86009,167,1707,0.20000000000000018,0
837.960704,207,1755,0.5700000000000003,0
838.061728,192,1760,0.5100000000000007,0
838.162615,152,1740,0.16000000000000014,0
838.263725,131,1753,0.10000000000000053,0
838.365368,194,1776,0.10000000000000142,0
838.466227,294,1742,1.3200000000000003,0
838.567434,139,1728,0.1999999999999993,0
838.668553,181,1744,0.10999999999999943,0
838.769554,215,1745,0.3500000000000014,0
838.870664,178,1747,0.33000000000000007,0
838.971608,192,1774,0.1999999999999993,0
839.072618,213,1770,0.7300000000000004,0
839.17437,166,1721,0.09000000000000163,0
839.274644,119,1693,0.25,0
839.376657,215,1755,0.6699999999999999,0
839.477921,303,1763,0.40000000000000036,0
839.580293,219,1747,0.6500000000000004,0
839.681244,124,1674,0.5700000000000003,0
839.783049,167,1716,0.049999999999998934,0
839.884347,118,1674,0.629999999999999,0
839.985725,182,1720,0.5599999999999987,0
840.087143,236,1719,0.8399999999999999,0
840.189071,149,1690,0.9599999999999991,0
840.289673,164,1669,0.9000000000000004,0
840.390986,208,1692,0.4499999999999993,0
840.492084,177,1702,0.7599999999999998,0
840.593358,199,1665,0.8599999999999994,0
840.694353,165,1659,0.5899999999999999,0
840.795292,192,1681,0.6100000000000012,0
840.89665,136,1706,0.8100000000000005,0
840.997632,138,1674,0.8399999999999999,0
841.099082,291,1714,1.0700000000000003,0
841.199705,214,1697,0.9100000000000001,0
841.300814,213,1690,0.3100000000000005,0
841.401846,223,1705,0.5299999999999994,0
841.502701,103,1650,1.1400000000000006,0
841.604107,167,1682,0.9800000000000004,0
841.705086,147,1684,0.5099999999999998,0
841.806215,133,1697,0.5199999999999996,0
841.907598,222,1713,0.5899999999999999,0
842.008407,125,1682,0.1999999999999993,0
842.109835,233,1735,0.6199999999999992,0
842.210427,120,1679,0.47999999999999865,0
842.311968,166,1693,0.14999999999999858,0
842.41312,210,1707,0.5300000000000011,0
842.51435,160,1685,0.3000000000000007,0
842.615575,190,1703,0.17999999999999972,0
842.716448,154,1693,0.21999999999999886,0
842.817431,51,1656,0.14999999999999858,0
842.918841,77,1685,0.009999999999999787,0
843.020155,121,1704,0.05000000000000071,0
843.121284,137,1714,0.019999999999999574,0
843.222434,128,1714,0.2699999999999996,0
843.323561,117,1713,0.2599999999999998,0
843.42479,57,1688,0.41999999999999993,0
843.528325,90,1711,0.07000000000000028,0
843.629538,146,1748,0.25,0
843.730293,84,1705,0.4599999999999991,0
843.831377,125,1747,0.10999999999999943,0
843.932559,144,1760,0.07000000000000028,0
844.033349,107,1736,0.27999999999999936,0
844.134383,186,1791,0.629999999999999,0
844.235407,128,1759,0.7099999999999991,0
844.337368,160,1760,0.33999999999999986,0
844.43761,147,1753,0.6099999999999994,0
844.539083,172,1759,0.5,0
844.640018,164,1756,0.2599999999999998,0
844.741203,123,1742,0.4800000000000004,0
844.842619,105,1737,0.6699999999999999,0
844.943144,117,1720,0.9300000000000006,0
845.044168,198,1783,0.6099999999999994,0
845.145256,166,1773,1.0999999999999996,0
845.246398,132,1738,0.6000000000000005,0
845.347754,328,1762,0.9499999999999997,0
845.448416,189,1736,0.6200000000000001,0
845.549391,365,1807,0.79,0
845.650267,335,1797,0.87,0
845.751591,358,1812,1.26,0
845.853125,189,1746,0.67,0
845.953658,438,1847,0.16,1
846.054444,538,1827,0.4,1
846.155605,381,1727,0.34999999999999987,0
846.256708,199,1773,0.7600000000000002,0
846.358488,193,1704,0.6900000000000004,0
846.459348,343,1730,0.17999999999999972,0
846.560537,233,1701,0.7000000000000002,0
846.661251,79,1661,0.40999999999999925,0
846.763047,186,1699,0.05000000000000071,0
846.863782,223,1715,0.14000000000000057,0
846.965193,437,1757,0.03999999999999915,0
847.066172,406,1754,0.3099999999999996,0
847.167449,249,1746,0.13999999999999968,0
847.268333,344,1799,0.15999999999999837,0
847.369349,219,1686,0.5199999999999996,0
847.470545,470,1817,0.9199999999999999,1
847.572171,187,1738,1.9699999999999998,0
847.672789,369,1804,0.1499999999999999,0
847.773653,331,1819,0.6100000000000001,0
847.874729,274,1734,0.85,0
847.97657,142,1736,0.43,0
848.077629,137,1722,0.17,0
848.178481,170,1749,0.22000000000000003,0
848.279358,156,1745,0.22000000000000003,0
848.380741,161,1745,0.27,0
848.481794,93,1700,0.049999999999999996,0
848.583196,275,1791,0.28,0
848.68413,113,1715,0.05,0
848.785281,150,1731,0.08,0
848.886332,139,1713,0.24,0
848.987443,181,1745,0.15,0
849.088825,80,1706,0.11000000000000001,0
849.189711,63,1680,0.52,0
849.291005,134,1738,0.35,0
849.392622,82,1715,0.43,0
849.493541,120,1726,0.71,0
849.594788,200,1789,0.020000000000000018,0
849.695708,295,1755,1.0099999999999998,0
849.797078,197,1788,1.5600000000000005,0
849.898396,178,1806,1.6300000000000008,0
849.999344,96,1751,1.0600000000000005,0
850.100527,166,1758,0.8100000000000005,0
850.201743,147,1756,0.9199999999999999,0
850.303293,146,1745,0.9100000000000001,0
850.404181,140,1721,1.1099999999999994,0
850.505379,226,1786,1.0,0
850.606708,171,1766,0.8800000000000008,0
850.707756,232,1776,0.9000000000000004,0
850.809598,207,1715,0.6900000000000013,0
850.910304,247,1748,0.6499999999999986,0
851.011591,139,1714,0.5899999999999999,0
851.11285,157,1739,0.8900000000000006,0
851.213692,190,1730,0.6300000000000026,0
851.317573,229,1743,0.7200000000000024,0
851.418662,226,1737,0.39000000000000057,0
851.519762,273,1742,0.6799999999999997,0
851.621169,146,1668,0.5100000000000016,0
851.724637,322,1762,0.15000000000000213,0
851.825702,117,1697,0.5800000000000018,0
851.927312,158,1721,0.05999999999999872,0
852.028376,176,1723,0.5399999999999991,0
852.132159,241,1750,0.21999999999999886,0
852.233406,138,1748,0.21000000000000085,0
852.335118,115,1745,0.41000000000000014,0
852.43611,160,1743,0.4299999999999997,0
852.537186,220,1797,0.3200000000000003,0
852.638235,154,1748,0.629999999999999,0
852.739584,311,1775,0.5899999999999999,0
852.841426,298,1853,0.8900000000000006,0
852.94224,355,1775,0.5999999999999979,0
853.04328,298,1672,0.5800000000000018,0
853.144341,266,1742,0.5999999999999979,0
853.246099,300,1659,0.46000000000000085,0
853.346802,102,1642,0.370000000000001,0
853.447605,474,1820,0.5300000000000011,1
853.548396,185,1784,0.9100000000000001,0
853.649555,196,1727,0.6500000000000021,0
853.750777,185,1748,0.8999999999999986,0
853.851824,165,1700,0.5899999999999999,0
853.952746,181,1698,0.23000000000000043,0
854.054079,213,1725,0.620000000000001,0
854.155414,268,1758,0.23000000000000043,0
854.256371,191,1721,0.6600000000000001,0
854.357443,61,1679,0.33000000000000185,0
854.458522,345,1744,0.8299999999999983,0
854.560164,134,1672,0.38000000000000256,0
854.661088,217,1775,0.7699999999999996,0
854.762437,134,1718,0.18999999999999773,0
854.864048,211,1735,0.46999999999999886,0
854.965653,188,1714,0.740000000000002,0
855.066666,74,1705,0.8599999999999994,0
855.167721,202,1766,0.7999999999999989,0
855.268738,91,1725,0.6600000000000001,0
855.370629,186,1755,0.5099999999999998,0
855.471272,122,1721,0.8000000000000007,0
855.57233,121,1733,0.5700000000000003,0
855.673312,126,1746,0.39000000000000057,0
855.774238,163,1780,0.4400000000000013,0
855.876089,223,1808,0.009999999999999787,0
855.977187,265,1843,0.2400000000000002,0
856.078306,302,1865,0.46000000000000085,0
856.180247,224,1827,0.20999999999999908,0
856.281206,188,1768,0.16999999999999993,0
856.382358,73,1699,0.3699999999999992,0
856.48334,249,1813,1.0,0
856.585361,201,1781,0.5400000000000009,0
856.68588,83,1710,0.2599999999999998,0
856.787349,488,1848,0.4599999999999991,1
856.888413,99,1671,0.6999999999999993,0
856.990047,366,1746,0.28999999999999915,0
857.090845,224,1663,0.5800000000000001,0
857.191592,190,1638,0.7099999999999991,0
857.293028,569,1757,0.2400000000000002,0
857.39458,416,1738,0.4500000000000002,0
857.495658,227,1742,1.9600000000000002,0
857.596764,327,1817,0.7699999999999999,0
857.69825,231,1763,0.18999999999999995,0
857.799055,182,1724,0.1900000000000004,0
857.90009,252,1763,0.6500000000000004,0
858.002046,272,1738,0.6099999999999994,0
858.103418,198,1674,0.8200000000000003,0
858.204309,284,1706,0.5600000000000005,0
858.30564,380,1767,0.5099999999999998,0
858.407259,206,1706,1.0200000000000005,0
858.508342,298,1745,0.8399999999999999,0
858.610096,95,1662,0.9199999999999999,0
858.71112,277,1752,1.4000000000000004,0
858.812349,156,1702,1.9100000000000001,0
858.913545,113,1704,1.6600000000000001,0
859.014763,50,1650,1.13,0
859.115433,309,1746,1.3600000000000003,0
859.216633,259,1766,1.169999999999999,0
859.31766,229,1713,1.1600000000000001,0
859.419256,152,1710,0.5099999999999998,0
859.520309,172,1715,0.5100000000000007,0
859.621346,135,1701,0.1200000000000001,0
859.722257,615,1893,1.08,1
859.823958,526,1912,0.44999999999999973,1
859.925402,348,1868,1.75,0
860.026137,318,1741,0.47000000000000003,0
860.127326,145,1681,0.34,0
860.229068,197,1677,0.19,0
860.330271,196,1719,0.30999999999999994,0
860.431141,373,1797,0.21000000000000002,0
860.532396,394,1807,0.06,0
860.633455,204,1668,0.25,0
860.734683,202,1743,0.4,0
860.836212,241,1723,0.43,0
860.936617,83,1630,0.81,0
861.03823,466,1747,0.7000000000000001,0
861.139254,329,1723,0.69,0
861.240291,55,1643,0.38000000000000034,0
861.342172,197,1766,0.6499999999999999,0
861.443043,141,1749,0.5599999999999996,0
861.54362,229,1761,0.010000000000000231,0
861.644801,211,1765,0.040000000000000036,0
861.745664,67,1706,0.0,0
861.847236,108,1740,0.03999999999999915,0
861.948964,196,1810,0.5800000000000001,0
862.049455,99,1765,1.1000000000000014,0
862.150549,232,1809,0.14000000000000057,0
862.251553,83,1734,0.5299999999999994,0
862.352589,259,1857,1.0300000000000011,0
862.454393,628,1949,2.13,1
862.554772,338,1846,0.28000000000000025,0
862.655817,306,1824,0.16999999999999993,0
862.757114,222,1682,0.020000000000000018,0
862.858436,243,1685,0.25,0
862.959811,139,1651,0.36000000000000004,0
863.061188,97,1640,1.05,0
863.162209,189,1714,1.1400000000000001,0
863.263244,433,1703,0.3199999999999994,0
863.364679,199,1672,0.47000000000000064,0
863.465773,281,1714,0.4400000000000013,0
863.566768,390,1771,0.40000000000000036,0
863.667793,429,1772,0.08000000000000007,0
863.769258,41,1621,0.2400000000000002,0
863.870179,202,1710,0.47999999999999865,0
863.971192,151,1673,1.0299999999999994,0
864.072117,261,1774,1.25,0
864.173282,292,1722,1.1199999999999992,0
864.274164,289,1737,0.46999999999999886,0
864.37584,281,1743,0.5600000000000023,0
864.477302,177,1747,1.0699999999999967,0
864.577992,373,1745,0.049999999999998934,0
864.679268,171,1721,1.1599999999999993,0
864.781309,121,1702,1.1200000000000006,0
864.882143,109,1684,0.9500000000000002,0
864.983594,151,1699,0.95,0
865.084759,177,1732,0.8400000000000001,0
865.186083,197,1768,0.2799999999999998,0
865.287223,180,1766,0.2200000000000002,0
865.38866,161,1742,1.0899999999999999,0
865.48967,128,1758,0.20999999999999996,0
865.590581,130,1757,0.08999999999999986,0
865.691338,186,1765,0.3099999999999996,0
865.792827,206,1773,0.1900000000000004,0
865.893626,304,1818,0.07000000000000028,0
865.994965,70,1724,0.27,0
866.096214,87,1732,0.32999999999999996,0
866.19715,73,1720,0.39,0
866.298277,272,1806,0.040000000000000036,0
866.39962,112,1732,0.7,0
866.501119,132,1765,0.07999999999999996,0
866.602202,64,1726,0.0,0
866.702786,108,1758,0.03999999999999998,0
866.804029,161,1789,0.03,0
866.905084,123,1781,0.0,0
867.007124,107,1777,0.21000000000000002,0
867.107331,112,1782,0.11,0
867.208333,71,1747,0.14,0
867.309422,92,1755,0.22,0
867.410328,99,1769,0.14,0
867.51445,140,1786,0.25,0
867.615743,99,1759,0.0,0
867.71704,147,1778,0.7000000000000001,0
867.819099,238,1785,0.8200000000000003,0
867.920841,206,1750,0.16000000000000014,0
868.021743,192,1767,0.27999999999999936,0
868.125409,282,1754,0.05999999999999872,0
868.226322,141,1755,0.21999999999999886,0
868.328159,267,1716,0.5199999999999996,0
868.428648,289,1747,0.26000000000000156,0
868.532418,199,1725,0.1999999999999993,0
868.633528,197,1745,0.240000000000002,0
868.735009,166,1708,0.07000000000000028,0
868.836304,126,1694,0.030000000000001137,0
868.937339,161,1730,0.17999999999999972,0
869.03822,296,1763,0.14999999999999858,0
869.139431,173,1721,0.46999999999999886,0
869.240774,190,1711,0.0400000000000027,0
869.342377,186,1704,0.13000000000000256,0
869.443367,214,1727,0.33000000000000185,0
869.54368,276,1726,0.030000000000001137,0
869.645104,261,1759,0.9299999999999997,0
869.746029,236,1733,0.6499999999999986,0
869.847175,279,1736,0.14000000000000057,0
869.948639,320,1817,0.009999999999999787,0
870.049427,208,1783,1.0500000000000007,0
870.150299,212,1807,0.5899999999999999,0
870.251527,112,1712,0.08000000000000007,0
870.35238,161,1751,0.10000000000000142,0
870.454185,273,1749,0.39000000000000057,0
870.555054,406,1827,0.3899999999999988,1
870.65619,338,1839,0.9100000000000001,0
870.757324,316,1766,0.7199999999999989,0
870.858424,113,1702,0.22000000000000242,0
870.959348,107,1705,0.20000000000000284,0
871.060445,123,1700,0.00999999999999801,0
871.161292,143,1704,0.18999999999999773,0
871.262206,130,1688,0.10999999999999943,0
871.363309,210,1729,0.5799999999999983,0
871.464541,82,1686,0.33999999999999986,0
871.565254,128,1693,0.29999999999999716,0
871.666253,315,1792,0.4499999999999993,0
871.767362,144,1735,0.7100000000000009,0
871.868784,264,1823,0.120000000000001,0
871.970637,278,1852,0.3100000000000005,0
872.071395,210,1793,0.08000000000000007,0
872.172907,96,1734,0.2400000000000002,0
872.274108,200,1780,0.5499999999999989,0
872.375914,260,1842,0.6500000000000004,0
872.476455,216,1805,0.6600000000000001,0
872.577403,155,1748,0.2699999999999996,0
872.678435,110,1727,0.2599999999999998,0
872.779347,240,1769,0.14000000000000057,0
872.881168,136,1742,0.1899999999999995,0
872.982147,138,1758,0.5700000000000003,0
873.083239,148,1740,0.25,0
873.184635,193,1751,0.41999999999999993,0
873.286092,138,1782,0.5,0
873.387037,207,1777,0.2400000000000002,0
873.487652,201,1781,0.23000000000000043,0
873.589094,159,1792,0.07000000000000028,0
873.689575,140,1761,0.10000000000000142,0
873.791092,239,1785,0.11999999999999922,0
873.891896,177,1750,0.08999999999999986,0
873.99319,161,1723,0.29999999999999893,0
874.094297,231,1794,0.3199999999999985,0
874.196198,256,1799,0.4800000000000004,0
874.296804,329,1778,0.5399999999999991,0
874.398168,349,1754,0.5099999999999998,0
874.499301,237,1691,0.15000000000000036,0
874.600772,255,1696,0.0600000000000005,0
874.702404,184,1666,0.10999999999999943,0
874.802784,189,1652,0.4299999999999997,0
874.904406,260,1692,0.5199999999999996,0
875.005431,88,1638,0.34999999999999964,0
875.109021,191,1694,0.9299999999999997,0
875.210076,137,1663,0.5399999999999991,0
875.311198,286,1728,0.27999999999999936,0
875.41225,170,1697,0.3000000000000007,0
875.51344,208,1683,0.5099999999999998,0
875.61478,377,1837,0.2599999999999998,0
875.715587,284,1771,0.049999999999998934,0
875.816656,201,1711,0.1299999999999999,0
875.920407,161,1727,0.05999999999999961,0
876.021337,176,1734,0.08999999999999986,0
876.122286,77,1690,0.16000000000000014,0
876.223798,73,1692,0.25,0
876.32477,124,1729,0.3799999999999999,0
876.425623,169,1753,0.1900000000000004,0
876.526652,103,1723,0.35999999999999943,0
876.62813,107,1717,0.47999999999999954,0
876.731667,210,1768,0.35999999999999943,0
876.832833,512,1782,0.09999999999999964,0
876.93431,260,1757,0.120000000000001,0
877.035309,282,1715,0.379999999999999,0
877.136079,179,1687,0.16000000000000014,0
877.236837,168,1667,0.21000000000000085,0
877.338542,437,1748,0.2700000000000031,0
877.439314,194,1657,0.6799999999999997,0
877.541191,170,1649,0.5799999999999983,0
877.64203,236,1689,0.629999999999999,0
877.742794,147,1653,0.9800000000000004,0
877.844327,208,1700,0.7000000000000028,0
877.945028,171,1656,0.9699999999999989,0
878.045983,266,1699,1.120000000000001,0
878.147183,192,1704,0.8300000000000018,0
878.24828,144,1692,0.2699999999999996,0
878.349436,199,1744,0.8000000000000007,0
878.450229,271,1791,0.6999999999999993,0
878.551307,340,1883,0.7900000000000027,0
878.652329,282,1866,0.19000000000000128,0
878.753308,154,1818,0.3099999999999987,0
878.85464,99,1761,0.1999999999999993,0
878.955552,155,1802,0.0799999999999983,0
879.056287,214,1796,0.7100000000000009,0
879.157554,258,1833,0.6499999999999986,0
879.259026,168,1775,1.3599999999999994,0
879.360625,154,1797,1.3399999999999999,0
879.461067,87,1755,1.25,0
879.562173,98,1737,1.67,0
879.663343,119,1772,1.5299999999999994,0
879.764402,188,1800,1.5,0
879.865834,146,1738,1.7399999999999998,0
879.96659,77,1744,1.4499999999999997,0
880.067391,66,1725,1.4300000000000002,0
880.168608,161,1780,1.04,0
880.269643,86,1738,0.8,0
880.371449,142,1769,0.74,0
880.472064,172,1755,0.96,0
880.573313,154,1736,0.8400000000000003,0
880.674264,71,1703,0.81,0
880.775685,135,1713,0.46999999999999975,0
880.877273,181,1720,0.27999999999999936,0
880.978451,170,1723,0.20000000000000018,0
881.079329,205,1766,0.2799999999999998,0
881.181045,229,1724,0.2400000000000002,0
881.282329,178,1724,0.2200000000000002,0
881.383428,106,1692,0.06000000000000005,0
881.485145,139,1716,0.25,0
881.585897,363,1804,0.34999999999999964,0
881.687015,478,1853,0.7199999999999998,1
881.787776,215,1733,1.1000000000000005,0
881.889427,182,1717,0.7999999999999989,0
881.991167,131,1711,0.5500000000000007,0
882.091746,149,1696,0.4499999999999993,0
882.19282,179,1689,0.5500000000000007,0
882.29381,192,1678,0.7699999999999996,0
882.395192,184,1695,0.2699999999999996,0
882.496572,130,1682,0.7900000000000009,0
882.598015,167,1716,0.3100000000000005,0
882.699198,128,1709,0.620000000000001,0
882.800452,201,1748,0.07000000000000028,0
882.90122,297,1750,0.4599999999999991,0
883.002298,289,1698,0.9000000000000004,0
883.103584,201,1696,0.6400000000000006,0
883.204774,139,1683,0.3200000000000003,0
883.305823,138,1666,0.629999999999999,0
883.407155,176,1655,1.0899999999999999,0
883.508173,162,1677,0.9499999999999993,0
883.609451,223,1752,0.33999999999999986,0
883.710635,286,1783,0.9399999999999995,0
883.811781,502,1872,0.5999999999999996,1
883.913201,227,1766,0.040000000000000036,0
884.014332,134,1728,0.5999999999999996,0
884.115373,220,1757,0.2599999999999998,0
884.215982,100,1698,0.4299999999999997,0
884.317063,125,1702,0.10999999999999988,0
884.41861,135,1699,0.3599999999999999,0
884.522664,198,1741,0.19999999999999973,0
884.623952,134,1724,0.0,0
884.727838,108,1703,0.15000000000000036,0
884.82925,116,1690,0.019999999999999574,0
884.930196,171,1715,0.25,0
885.031476,316,1734,0.29000000000000004,0
885.132195,169,1744,0.33999999999999986,0
885.233759,242,1731,0.33999999999999986,0
885.335245,219,1767,0.03999999999999915,0
885.436148,233,1788,0.040000000000000924,0
885.537315,219,1769,0.049999999999998934,0
885.638181,152,1714,0.040000000000000924,0
885.739354,136,1662,0.15999999999999837,0
885.842583,194,1659,0.040000000000000924,0
885.944348,193,1695,0.3100000000000005,0
886.045201,123,1679,0.4499999999999993,0
886.146176,186,1697,0.4299999999999997,0
886.247397,162,1657,0.7200000000000006,0
886.348606,199,1695,0.33999999999999986,0
886.449448,234,1721,0.16000000000000014,0
886.550528,225,1710,0.3800000000000008,0
886.651564,227,1725,0.7099999999999991,0
886.752815,174,1713,0.5699999999999985,0
886.853916,316,1820,0.8399999999999999,0
886.954764,396,1838,0.0,0
887.055627,339,1780,0.23000000000000043,0
887.156867,279,1724,0.1800000000000006,0
887.258409,150,1714,0.18000000000000016,0
887.359242,144,1707,0.2599999999999998,0
887.460428,56,1667,0.029999999999999805,0
887.561622,112,1700,0.3799999999999999,0
887.662412,108,1699,0.26,0
887.763839,211,1746,0.24,0
887.865023,31,1665,0.49,0
887.965869,185,1728,0.47,0
888.067633,115,1691,0.34999999999999987,0
888.168279,123,1712,0.3999999999999999,0
888.269435,148,1739,0.0,0
888.370624,176,1756,0.26,0
888.472134,231,1756,0.18999999999999995,0
888.573169,204,1766,0.54,0
888.674333,253,1722,0.16000000000000014,0
888.776143,173,1758,0.1800000000000006,0
888.877085,137,1727,0.1200000000000001,0
888.978751,206,1724,0.34999999999999964,0
889.080335,182,1702,0.33000000000000007,0
889.1816,189,1678,0.1900000000000004,0
889.282408,206,1752,0.17999999999999972,0
889.383814,44,1643,0.05000000000000071,0
889.484532,183,1761,0.2599999999999998,0
889.586314,128,1729,0.1200000000000001,0
889.687311,153,1704,0.009999999999999787,0
889.789054,200,1744,0.4300000000000006,0
889.889783,146,1713,0.5000000000000009,0
889.990678,185,1765,0.03000000000000025,0
890.092233,160,1726,0.4500000000000002,0
890.19354,166,1729,0.019999999999999574,0
890.294941,399,1810,0.09999999999999964,0
890.395962,424,1854,0.030000000000001137,1
890.497237,280,1742,0.379999999999999,0
890.599032,211,1726,0.7699999999999996,0
890.699736,304,1719,0.75,0
890.800769,355,1783,0.25,0
890.902031,177,1722,0.5399999999999991,0
891.003569,141,1685,0.47999999999999865,0
891.104319,178,1739,0.6799999999999997,0
891.205308,250,1713,0.5900000000000007,0
891.306411,154,1686,0.7799999999999994,0
891.408577,81,1673,0.6799999999999997,0
891.509543,251,1732,0.45999999999999996,0
891.610575,248,1753,0.4099999999999997,0
891.711815,207,1691,0.41000000000000014,0
891.813322,288,1783,0.22999999999999998,0
891.914145,107,1653,0.7100000000000001,0
892.015076,203,1687,0.48999999999999994,0
892.116413,152,1671,0.36,0
892.217572,282,1793,0.5700000000000001,0
892.318826,412,1803,0.4399999999999995,1
892.419643,583,1821,1.8900000000000006,1
892.52066,377,1702,1.3200000000000003,0
892.621589,216,1658,0.9699999999999989,0
892.722452,164,1596,1.0700000000000003,0
892.823824,262,1618,1.4699999999999989,0
892.925141,247,1644,0.8500000000000014,0
893.026447,392,1728,1.7399999999999984,0
893.127079,400,1746,2.530000000000001,0
893.227763,170,1694,2.130000000000001,0
893.329538,352,1808,2.6400000000000006,0
893.430674,246,1787,1.8499999999999996,0
893.530938,307,1799,0.17999999999999972,0
893.632226,479,1818,0.07000000000000028,1
893.733175,562,1864,1.4499999999999993,1
893.83465,385,1823,0.7899999999999991,0
893.935092,192,1742,0.5700000000000003,0
894.036013,82,1724,0.4599999999999973,0
894.137012,71,1744,0.5300000000000011,0
894.238316,350,1851,1.5700000000000003,0
894.342219,301,1848,1.0700000000000003,0
894.443134,304,1809,1.67,0
894.544282,108,1768,1.53,0
894.645199,213,1801,1.8399999999999999,0
894.746146,189,1796,1.29,0
894.847409,54,1725,1.0,0
894.948639,107,1762,1.1400000000000001,0
895.049552,81,1756,1.0999999999999999,0
895.150195,114,1777,1.0299999999999998,0
895.251385,87,1762,1.1700000000000002,0
895.35226,125,1785,1.0699999999999998,0
895.454054,128,1753,1.9000000000000001,0
895.554087,116,1783,2.3100000000000005,0
895.655539,139,1775,0.35999999999999943,0
895.75633,163,1792,0.47000000000000064,0
895.8582,230,1749,1.1899999999999995,0
895.958654,276,1807,0.75,0
896.059755,414,1821,0.3899999999999988,1
896.160771,465,1842,1.0600000000000005,1
896.261765,147,1735,1.94,0
896.362799,130,1718,1.1700000000000002,0
896.463686,116,1697,0.9600000000000001,0
896.565078,172,1711,0.96,0
896.665687,95,1698,0.9700000000000001,0
896.766728,116,1701,0.6599999999999999,0
896.867984,189,1736,0.7,0
896.969138,180,1701,0.8399999999999999,0
897.070542,557,1917,0.5100000000000002,1
897.17126,136,1777,0.5800000000000001,0
897.272228,317,1866,0.6600000000000001,0
897.37377,149,1781,1.77,0
897.474943,384,1883,0.5300000000000002,0
897.575788,193,1780,0.43000000000000016,0
897.677016,194,1758,0.41999999999999993,0
897.777642,173,1748,0.8499999999999996,0
897.879211,119,1702,0.2400000000000002,0
897.98083,91,1690,0.33999999999999986,0
898.0816,175,1708,0.3599999999999999,0
898.183252,285,1766,0.51,0
898.284177,258,1755,1.23,0
898.385946,132,1702,1.02,0
898.486658,119,1674,0.61,0
898.58776,145,1683,0.78,0
898.688967,144,1686,0.39,0
898.790568,124,1724,0.44000000000000006,0
898.892181,146,1693,0.35000000000000003,0
898.993455,131,1715,0.0,0
899.094306,43,1687,0.52,0
899.195668,107,1707,0.0699999999999994,0
899.296265,75,1701,0.0,0
899.397323,54,1702,0.009999999999999787,0
899.498354,112,1722,0.3899999999999997,0
899.599849,141,1734,0.21999999999999975,0
899.701237,95,1734,0.6099999999999994,0
899.802071,84,1733,0.8500000000000005,0
899.903174,101,1738,0.9300000000000006,0
900.004373,74,1739,0.6800000000000006,0
900.106033,149,1766,0.5899999999999999,0
900.206682,78,1737,0.5,0
900.307917,99,1748,0.6899999999999995,0
900.409054,122,1759,0.45999999999999996,0
900.509689,149,1779,0.6500000000000004,0
900.611024,147,1772,0.33000000000000007,0
900.712318,61,1747,0.10999999999999943,0
900.813567,181,1804,0.3099999999999996,0
900.915029,121,1769,0.43999999999999995,0
901.01584,179,1779,0.32999999999999985,0
901.12001,201,1787,0.55,0
901.220541,104,1709,0.22999999999999998,0
901.322137,33,1662,0.13,0
901.422552,166,1719,0.26,0
901.526601,141,1686,0.42,0
901.62713,176,1700,0.020000000000000004,0
901.728291,220,1700,0.11,0
901.829588,259,1696,0.25,0
901.933265,293,1701,0.19,0
902.034138,294,1718,0.15,0
902.135288,167,1671,0.06,0
902.236249,165,1678,0.09,0
902.338191,154,1684,0.08,0
902.438848,324,1751,0.08,0
902.540017,266,1739,0.16,0
902.641602,119,1674,0.09,0
902.742163,201,1758,0.02,0
902.843575,260,1811,0.03,0
902.944622,171,1751,0.41000000000000003,0
903.046314,165,1755,0.12,0
903.146838,111,1759,0.20999999999999996,0
903.247843,99,1751,0.1200000000000001,0
903.349067,102,1758,0.10999999999999988,0
903.450442,126,1797,0.029999999999999805,0
903.55087,106,1778,0.009999999999999787,0
903.652155,154,1792,0.2999999999999998,0
903.753549,170,1782,0.33999999999999986,0
903.854371,82,1736,0.009999999999999787,0
903.956169,114,1762,0.020000000000000462,0
904.056649,129,1770,0.120000000000001,0
904.157402,145,1777,0.07000000000000028,0
904.258367,152,1751,0.2400000000000002,0
904.359368,190,1765,0.129999999999999,0
904.461282,105,1727,0.0,0
904.562291,144,1779,0.009999999999999787,0
904.662683,128,1749,0.2400000000000002,0
904.763993,199,1785,0.24,0
904.86524,240,1807,0.52,0
904.966025,302,1795,0.3600000000000003,0
905.067112,216,1726,0.33000000000000007,0
905.168441,168,1716,0.3900000000000001,0
905.269598,234,1741,0.029999999999999805,0
905.37133,132,1650,0.3599999999999999,0
905.471792,142,1665,0.019999999999999907,0
905.573174,290,1715,0.07999999999999996,0
905.674288,112,1602,0.11000000000000001,0
905.775828,450,1775,0.26,0
905.877314,335,1692,0.15,0
905.978554,302,1672,0.09,0
906.079547,201,1642,0.3,0
906.181283,436,1751,0.28,0
906.28311,190,1671,0.05,0
906.384337,316,1720,0.05,0
906.485415,308,1745,0.17,0
906.586787,320,1765,0.01,0
906.68856,213,1741,0.25,0
906.789353,275,1763,0.13,0
906.890443,279,1775,0.03,0
906.991616,319,1812,0.22,0
907.092651,130,1739,0.44,0
907.194602,190,1776,0.15,0
907.295274,134,1737,0.3,0
907.396553,113,1744,0.41999999999999993,0
907.498317,127,1720,0.12000000000000002,0
907.599128,89,1720,0.33999999999999997,0
907.700895,94,1714,0.2,0
907.801537,149,1737,0.06,0
907.902663,80,1711,0.36,0
908.003559,55,1699,0.07,0
908.107235,65,1705,0.37,0
908.208166,19,1679,0.07999999999999996,0
908.309214,107,1724,0.14999999999999997,0
908.410333,82,1715,0.14,0
908.513984,68,1717,0.06999999999999995,0
908.615128,145,1760,0.41999999999999993,0
908.716214,16,1698,0.010000000000000009,0
908.817401,122,1761,0.0,0
908.921383,55,1730,0.10999999999999988,0
909.02232,71,1732,0.020000000000000018,0
909.123559,43,1730,0.1999999999999993,0
909.22509,102,1742,0.34999999999999964,0
909.325954,172,1781,0.22999999999999998,0
909.426603,117,1742,0.06999999999999984,0
909.527628,99,1736,0.08999999999999986,0
909.629497,130,1740,0.20000000000000018,0
909.730226,105,1722,0.2699999999999998,0
909.832017,103,1724,0.14000000000000012,0
909.932632,205,1772,0.21999999999999997,0
910.033386,63,1710,0.050000000000000044,0
910.13517,119,1722,0.020000000000000018,0
910.235773,174,1752,0.29000000000000004,0
910.337896,101,1723,0.09000000000000008,0
910.439255,50,1707,0.18999999999999995,0
910.540265,49,1720,0.33999999999999997,0
910.641042,126,1762,0.36,0
910.742243,70,1732,0.15999999999999992,0
910.84364,136,1737,0.33999999999999986,0
910.94428,50,1687,0.03000000000000025,0
911.045313,152,1740,0.11999999999999966,0
911.146305,203,1706,0.25,0
911.247549,196,1703,0.2400000000000002,0
911.34843,249,1770,0.019999999999999574,0
911.449539,118,1682,0.13999999999999968,0
911.551224,199,1733,0.3899999999999997,0
911.651998,153,1685,0.20999999999999996,0
911.753021,244,1770,0.1200000000000001,0
911.854143,169,1747,0.08000000000000007,0
911.955378,242,1714,0.2400000000000002,0
912.056016,181,1691,0.3000000000000007,0
912.156906,236,1698,0.3100000000000005,0
912.257825,303,1712,0.3000000000000007,0
912.359147,227,1757,0.3100000000000005,0
912.460631,168,1717,0.40000000000000036,0
912.561196,156,1703,0.7600000000000016,0
912.662124,164,1708,0.46000000000000085,0
912.763436,139,1704,0.879999999999999,0
912.864824,194,1742,0.8999999999999986,0
912.966311,270,1800,0.08000000000000007,0
913.067068,144,1735,0.8300000000000001,0
913.168164,264,1754,1.2400000000000002,0
913.269044,411,1803,0.009999999999999787,1
913.37002,359,1810,0.6500000000000004,0
913.471505,279,1831,0.4399999999999995,0
913.572075,123,1745,0.47000000000000064,0
913.673201,54,1696,0.5999999999999996,0
913.774607,181,1743,0.1899999999999995,0
913.875627,376,1807,0.47000000000000064,0
913.977191,406,1844,0.41999999999999993,1
914.077676,172,1724,0.3199999999999994,0
914.179113,185,1739,0.22999999999999954,0
914.280135,202,1709,0.4299999999999997,0
914.38182,306,1705,0.16000000000000014,0
914.48248,213,1778,0.4099999999999997,0
914.583632,199,1727,0.24,0
914.684674,329,1764,0.27,0
914.786182,356,1760,0.18999999999999995,0
914.88705,309,1766,0.35,0
914.988636,177,1729,0.2,0
915.089368,218,1727,0.49000000000000005,0
915.190332,234,1758,0.6699999999999999,0
915.291367,290,1795,0.8099999999999999,0
915.392673,253,1832,0.24,0
915.494174,409,1918,1.0699999999999998,1
915.595048,611,1950,0.45,1
915.695771,402,1869,0.73,1
915.796791,330,1896,0.86,0
915.898235,320,1891,0.16999999999999998,0
915.999611,254,1811,0.28,0
916.101173,163,1760,0.06999999999999984,0
916.20207,106,1750,1.1199999999999997,0
916.303652,220,1795,0.71,0
916.404554,342,1800,0.6099999999999999,0
916.505755,338,1873,0.26000000000000023,0
916.607141,251,1796,0.29999999999999993,0
916.710808,192,1782,0.26999999999999996,0
916.81142,115,1769,0.16999999999999998,0
916.912827,110,1754,0.15999999999999998,0
917.013778,99,1726,0.47000000000000003,0
917.117417,251,1747,1.01,0
917.218282,150,1685,1.1199999999999999,0
917.319336,211,1721,0.5,0
917.42077,85,1663,0.65,0
917.524331,129,1698,0.67,0
917.625366,189,1716,0.58,0
917.727224,155,1681,0.66,0
917.828838,159,1671,0.47,0
917.929246,237,1807,0.22,0
918.030232,217,1721,0.7,0
918.131371,299,1730,0.76,0
918.232237,259,1768,1.01,0
918.33344,241,1764,0.41,0
918.434413,217,1789,0.07,0
918.535528,129,1724,0.06,0
918.636532,182,1764,0.12,0
918.738139,185,1773,0.15,0
918.839205,151,1761,0.05,0
918.940232,195,1760,0.13,0
919.040985,130,1739,0.1,0
919.142156,143,1767,0.33,0
919.243429,139,1777,0.62,0
919.34434,150,1780,0.82,0
919.445176,287,1826,0.41,0
919.545903,135,1727,0.59,0
919.647032,337,1844,0.99,0
919.748183,294,1810,0.97,0
919.849246,266,1793,0.83,0
919.950335,238,1797,0.0,0
920.051229,98,1714,0.22,0
920.152179,157,1781,0.36,0
920.253302,301,1852,0.68,0
920.354844,182,1802,0.35,0
920.45689,199,1761,0.17,0
920.557599,153,1708,0.44,0
920.658762,320,1738,0.23,0
920.760393,213,1736,0.14,0
920.861629,126,1686,0.13,0
920.962323,225,1777,0.2,0
921.063349,66,1663,0.05,0
921.164783,412,1800,0.35,0
921.266264,399,1778,0.54,0
921.367286,257,1705,0.32,0
921.468454,157,1691,0.18,0
921.569612,183,1725,0.05,0
921.671348,360,1768,0.2,0
921.771965,303,1769,0.12,0
921.873411,470,1837,0.29,1
921.974753,367,1809,0.04,0
922.075999,168,1744,0.23,0
922.177671,167,1719,0.38,0
922.278529,238,1723,0.3999999999999999,0
922.380241,339,1756,0.10999999999999988,0
922.481564,207,1771,1.1999999999999997,0
922.582196,90,1691,0.1200000000000001,0
922.68332,198,1717,0.44000000000000017,0
922.78467,193,1686,0.15999999999999992,0
922.886367,196,1687,0.25,0
922.987238,183,1722,0.5900000000000001,0
923.088396,217,1753,0.08,0
923.190102,360,1808,0.18,0
923.29111,248,1789,0.21,0
923.392527,193,1762,0.29,0
923.493567,121,1676,1.06,0
923.594763,292,1789,0.15000000000000036,0
923.696216,143,1739,0.7099999999999991,0
923.797034,240,1794,0.23000000000000043,0
923.898373,117,1692,0.5399999999999991,0
923.999445,326,1823,0.34000000000000163,0
924.100771,201,1741,0.2699999999999996,0
924.201971,344,1853,0.35999999999999943,0
924.302995,147,1737,0.03999999999999915,0
924.403908,244,1834,0.030000000000001137,0
924.50532,288,1876,0.019999999999999574,0
924.606669,244,1839,0.00999999999999801,0
924.707769,134,1765,0.5500000000000007,0
924.809036,68,1741,0.6900000000000013,0
924.910199,102,1744,0.9499999999999993,0
925.011381,32,1706,1.4499999999999993,0
925.11221,22,1704,1.6999999999999993,0
925.213375,80,1740,1.759999999999998,0
925.314367,59,1735,1.6999999999999993,0
925.416054,58,1731,1.4899999999999984,0
925.519792,67,1732,1.5,0
925.620601,155,1780,1.3599999999999994,0
925.72205,125,1738,1.490000000000002,0
925.822588,242,1812,0.34999999999999787,0
925.926438,188,1741,0.8399999999999999,0
926.02784,112,1712,2.6599999999999993,0
926.129114,135,1706,2.2,0
926.230212,64,1673,2.0300000000000002,0
926.33133,210,1743,1.4400000000000002,0
926.432404,369,1817,2.05,0
926.532901,126,1703,1.75,0
926.634093,77,1705,1.21,0
926.735618,73,1719,1.2400000000000002,0
926.836794,36,1704,0.8,0
926.938095,159,1771,0.06000000000000005,0
927.038912,131,1757,1.0499999999999998,0
927.140214,55,1694,0.6699999999999999,0
927.24165,168,1777,0.33000000000000007,0
927.342649,119,1754,0.5600000000000005,0
927.443398,98,1716,0.2400000000000002,0
927.544625,109,1729,0.0,0
927.645544,101,1751,0.08000000000000007,0
927.74681,80,1722,0.33999999999999986,0
927.847619,164,1749,0.8200000000000003,0
927.949185,152,1741,0.6700000000000004,0
928.049662,123,1776,1.15,0
928.150615,101,1729,0.8999999999999999,0
928.251606,123,1748,0.6000000000000001,0
928.35295,143,1766,0.41999999999999993,0
928.454097,201,1797,0.23999999999999977,0
928.554999,35,1720,0.5699999999999994,0
928.656372,421,1845,0.96,1
928.757643,647,1893,0.2999999999999998,1
928.859043,158,1665,0.56,0
928.960308,259,1729,0.29000000000000004,0
929.061692,204,1711,1.2999999999999998,0
929.162074,406,1804,0.08000000000000007,1
929.26334,476,1844,0.07000000000000028,1
929.365309,263,1766,0.41000000000000014,0
929.466369,338,1812,0.9299999999999997,0
929.566795,384,1850,0.02999999999999936,0
929.667675,622,1901,1.23,1
929.768864,211,1746,0.009999999999999787,0
929.8698,215,1789,1.0600000000000005,0
929.971941,156,1725,0.629999999999999,0
930.072428,163,1717,0.5099999999999998,0
930.173411,140,1725,0.08999999999999986,0
930.274448,111,1705,0.1200000000000001,0
930.376166,81,1684,0.25,0
930.47736,232,1734,1.0,0
930.578635,275,1750,1.06,0
930.679863,228,1743,0.09999999999999998,0
930.781987,107,1693,0.019999999999999962,0
930.882537,125,1703,0.22,0
930.984241,112,1700,0.05999999999999997,0
931.085338,162,1733,0.6399999999999999,0
931.18682,234,1770,0.14000000000000057,0
931.287838,113,1720,0.0,0
931.388792,104,1695,0.75,0
931.490107,179,1740,0.20999999999999996,0
931.591638,111,1712,0.09999999999999964,0
931.692771,180,1735,0.009999999999999787,0
931.793619,91,1696,0.77,0
931.895125,123,1709,0.45,0
931.996381,166,1725,0.35000000000000003,0
932.098247,170,1739,0.11000000000000001,0
932.198662,95,1697,0.04000000000000001,0
932.299651,106,1709,0.04,0
932.401477,85,1688,0.22,0
932.502214,86,1691,0.08,0
932.603272,36,1673,0.66,0
932.704365,102,1719,0.33000000000000007,0
932.80609,77,1690,0.0,0
932.907456,50,1692,0.11999999999999966,0
933.008158,34,1687,0.03000000000000025,0
933.109138,131,1730,0.0,0
933.210134,49,1709,0.2300000000000001,0
933.311574,55,1702,0.18999999999999997,0
933.412532,76,1714,0.07999999999999999,0
933.513358,102,1723,0.020000000000000004,0
933.614555,48,1697,0.05,0
933.715681,78,1727,0.09999999999999998,0
933.817181,138,1750,0.18000000000000016,0
933.918212,132,1748,0.6000000000000001,0
934.019034,64,1703,0.22999999999999998,0
934.120215,118,1734,0.2599999999999998,0
934.221281,90,1718,0.5099999999999998,0
934.325304,138,1737,0.1599999999999997,0
934.426347,137,1733,0.20999999999999996,0
934.528088,103,1711,0.36,0
934.629098,96,1704,0.08000000000000002,0
934.732824,181,1762,0.5599999999999999,0
934.834314,135,1726,0.2799999999999998,0
934.935311,192,1738,0.21999999999999975,0
935.036407,115,1724,0.1900000000000004,0
935.137294,206,1775,0.16000000000000014,0
935.238554,158,1727,0.009999999999999787,0
935.340596,228,1715,0.129999999999999,0
935.441382,194,1730,0.41000000000000014,0
935.541996,138,1727,0.08000000000000007,0
935.643245,201,1740,0.1800000000000015,0
935.74457,152,1736,0.08000000000000007,0
935.846213,219,1731,0.040000000000000924,0
935.947053,187,1708,0.11999999999999744,0
936.0478,194,1756,0.1999999999999993,0
936.149001,178,1695,0.22000000000000242,0
936.250078,171,1770,0.26000000000000156,0
936.351616,322,1748,0.129999999999999,0
936.452282,141,1741,0.370000000000001,0
936.553639,164,1716,0.36999999999999744,0
936.65479,189,1715,0.15000000000000213,0
936.755834,151,1697,0.060000000000002274,0
936.856985,235,1786,0.28000000000000114,0
936.958233,284,1728,0.5900000000000016,0
937.059875,225,1801,0.16999999999999815,0
937.160436,183,1749,0.509999999999998,0
937.261456,199,1779,0.4200000000000017,0
937.363394,242,1824,0.14999999999999858,0
937.464659,132,1752,0.05000000000000071,0
937.565764,146,1731,0.34999999999999787,0
937.666772,120,1709,0.4499999999999993,0
937.768042,96,1707,0.129999999999999,0
937.869374,184,1716,0.14999999999999858,0
937.970369,96,1723,0.490000000000002,0
938.071354,196,1733,0.36999999999999744,0
938.172615,137,1722,0.379999999999999,0
938.274065,246,1776,0.05999999999999872,0
938.375594,175,1747,0.040000000000000924,0
938.476287,147,1727,0.40000000000000036,0
938.577992,166,1732,0.05000000000000071,0
938.67865,148,1744,0.040000000000000924,0
938.780132,117,1719,0.03999999999999915,0
938.88139,126,1734,0.23000000000000043,0
938.983075,183,1739,0.3099999999999987,0
939.084213,187,1741,0.22000000000000064,0
939.186159,99,1723,0.0,0
939.287174,148,1741,0.029999999999997584,0
939.388284,134,1731,0.17999999999999972,0
939.489355,157,1740,0.20000000000000107,0
939.590316,152,1750,0.16000000000000014,0
939.691295,202,1774,0.23000000000000043,0
939.79276,254,1807,0.2599999999999998,0
939.894218,280,1751,0.07000000000000028,0
939.995216,179,1762,0.2400000000000002,0
940.096297,119,1733,0.11000000000000121,0
940.197361,146,1727,0.08000000000000007,0
940.298811,75,1687,0.1899999999999995,0
940.400333,330,1836,0.4599999999999991,0
940.501706,189,1705,0.9699999999999998,0
940.602294,181,1683,1.37,0
940.703203,228,1739,0.10000000000000053,0
940.804441,178,1705,0.21999999999999975,0
940.90578,271,1774,0.15000000000000036,0
941.007145,127,1677,0.15999999999999992,0
941.107839,208,1747,0.6299999999999999,0
941.209111,703,1889,1.38,1
941.31011,480,1867,1.44,1
941.411286,179,1782,2.71,0
941.514562,319,1879,2.4699999999999998,0
941.615754,148,1737,0.4800000000000004,0
941.716646,191,1761,0.08999999999999986,0
941.818331,126,1689,0.9599999999999991,0
941.919299,137,1732,0.6099999999999994,0
942.020177,330,1785,0.03999999999999915,0
942.121096,227,1781,0.8900000000000006,0
942.222337,387,1812,0.29000000000000004,0
942.324068,162,1726,1.5899999999999999,0
942.425179,142,1695,0.73,0
942.526019,133,1711,0.33999999999999997,0
942.627439,149,1718,0.009999999999999981,0
942.728382,112,1687,0.8699999999999999,0
942.830175,234,1759,1.4400000000000004,0
942.930603,63,1688,1.04,0
943.032091,422,1852,1.2899999999999991,1
943.13274,297,1793,0.9299999999999997,0
943.234047,142,1745,0.5199999999999996,0
943.335278,400,1840,0.07000000000000028,0
943.436431,449,1828,0.41000000000000014,1
943.537334,301,1753,0.20000000000000107,0
943.638456,207,1776,0.019999999999999574,0
943.73954,156,1744,0.02000000000000135,0
943.841218,209,1732,0.11000000000000121,0
943.942569,366,1745,0.5,0
944.043169,315,1761,0.2699999999999996,0
944.144348,162,1729,0.030000000000001137,0
944.245435,83,1700,0.10999999999999943,0
944.346644,167,1755,0.34999999999999964,0
944.447781,192,1734,0.6299999999999999,0
944.5488,142,1733,0.6099999999999994,0
944.650292,44,1687,0.5200000000000005,0
944.75133,112,1731,0.39000000000000057,0
944.852624,98,1726,0.29000000000000004,0
944.954362,199,1790,0.27000000000000046,0
945.055775,176,1790,0.5600000000000005,0
945.156981,166,1773,0.6600000000000001,0
945.258134,162,1782,0.3700000000000001,0
945.359195,316,1835,0.2400000000000002,0
945.460608,211,1808,0.06999999999999984,0
945.561293,362,1779,0.75,0
945.66239,308,1791,1.25,0
945.764131,381,1729,0.1900000000000004,0
945.865387,221,1715,0.5800000000000001,0
945.966248,93,1682,0.4900000000000002,0
946.066794,84,1670,0.3000000000000007,0
946.168357,257,1721,0.33999999999999986,0
946.269233,174,1673,0.47000000000000064,0
946.371261,222,1691,0.5400000000000009,0
946.471804,255,1775,0.47999999999999865,0
946.573192,161,1709,0.5699999999999985,0
946.67412,312,1771,0.1999999999999993,0
946.77611,170,1743,1.570000000000002,0
946.877861,242,1806,1.2200000000000006,0
946.978569,130,1737,0.08999999999999986,0
947.079341,275,1807,0.15000000000000036,0
947.18062,339,1851,0.040000000000000924,0
947.281441,199,1776,0.15000000000000036,0
947.382825,232,1816,0.2599999999999998,0
947.484007,186,1778,0.26000000000000156,0
947.585353,183,1777,0.3699999999999992,0
947.687125,156,1765,0.5299999999999994,0
947.788126,166,1770,0.6699999999999999,0
947.889192,173,1762,0.5300000000000011,0
947.990676,188,1801,0.620000000000001,0
948.091315,168,1799,0.5900000000000016,0
948.193032,124,1768,0.6800000000000006,0
948.29381,90,1736,0.7200000000000006,0
948.395262,84,1727,0.8099999999999996,0
948.496413,226,1767,0.9199999999999999,0
948.5976,181,1779,0.019999999999999574,0
948.699151,61,1718,1.17,0
948.800111,228,1764,0.51,0
948.901165,303,1856,1.8399999999999999,0
949.002188,157,1797,1.0500000000000003,0
949.103419,204,1754,1.04,0
949.204172,209,1811,1.33,0
949.305261,226,1801,0.9199999999999999,0
949.406333,169,1762,0.8899999999999997,0
949.508097,120,1767,0.9000000000000004,0
949.608991,125,1782,0.7000000000000002,0
949.709546,186,1807,0.5299999999999994,0
949.81063,200,1804,1.0599999999999987,0
949.911762,151,1742,1.08,0
950.013258,254,1755,0.7699999999999996,0
950.114098,112,1714,0.7199999999999989,0
950.215347,95,1710,0.7100000000000009,0
950.319191,147,1725,0.9299999999999997,0
950.420328,268,1798,1.049999999999999,0
950.521299,265,1792,1.049999999999999,0
950.622338,224,1743,0.9199999999999999,0
950.72623,121,1702,0.9199999999999999,0
950.827421,100,1725,0.6299999999999999,0
950.928556,108,1732,0.3199999999999994,0
951.030258,137,1743,0.5199999999999996,0
951.130759,178,1739,0.8300000000000001,0
951.232267,241,1761,1.08,0
951.333556,130,1715,0.8400000000000007,0
951.434342,208,1782,0.15000000000000036,0
951.535911,197,1764,0.2599999999999998,0
951.636773,201,1718,0.7799999999999994,0
951.737672,373,1785,0.9299999999999997,0
951.84133,341,1792,1.2999999999999998,0
951.942176,172,1743,0.73,0
952.043309,93,1678,0.7199999999999998,0
952.143948,302,1768,1.1600000000000001,0
952.245385,153,1676,0.8600000000000003,0
952.346553,160,1702,0.8199999999999998,0
952.447555,88,1671,0.25,0
952.549219,204,1759,0.34999999999999987,0
952.650062,122,1709,0.17999999999999994,0
952.751147,224,1761,0.1100000000000001,0
952.85231,74,1687,0.4500000000000002,0
952.953428,142,1717,0.34999999999999987,0
953.054942,119,1703,0.020000000000000018,0
953.155617,179,1711,0.16999999999999993,0
953.256604,180,1680,0.31000000000000005,0
953.358451,143,1722,0.3900000000000001,0
953.459324,147,1709,0.17999999999999972,0
953.560428,211,1736,0.6399999999999997,0
953.661587,184,1744,0.8599999999999999,0
953.762609,245,1762,1.12,0
953.863995,218,1758,0.8300000000000001,0
953.96461,190,1751,0.3600000000000003,0
954.065613,137,1741,0.3999999999999999,0
954.166442,100,1710,0.43999999999999995,0
954.267608,148,1714,0.5800000000000001,0
954.36902,245,1741,0.3600000000000003,0
954.469873,55,1677,0.020000000000000018,0
954.571085,189,1773,0.2200000000000002,0
954.672414,221,1776,0.4500000000000002,0
954.773421,235,1808,0.4500000000000002,0
954.875245,293,1819,1.0299999999999998,0
954.975681,381,1838,1.1800000000000002,0
955.077018,243,1820,0.6499999999999999,0
955.178198,133,1744,0.75,0
955.279432,176,1748,0.6299999999999994,0
955.381,146,1726,0.5700000000000003,0
955.481686,119,1742,0.7199999999999998,0
955.582647,194,1744,0.71,0
955.683599,171,1739,0.6499999999999999,0
955.784707,170,1770,0.9899999999999998,0
955.886199,257,1791,1.52,0
955.986891,254,1813,1.5699999999999998,0
956.087816,192,1799,1.1099999999999999,0
956.188707,100,1733,0.8600000000000003,0
956.289651,211,1791,0.96,0
956.391077,100,1729,0.9300000000000002,0
956.492385,246,1763,0.13999999999999968,0
956.593218,211,1810,0.05999999999999961,0
956.69416,178,1809,0.44999999999999973,0
956.795576,197,1817,1.04,0
956.897005,146,1786,0.5099999999999998,0
956.998082,305,1841,0.25,0
957.099258,363,1805,0.1599999999999997,0
957.200359,160,1731,0.34999999999999964,0
957.301211,119,1730,0.48999999999999977,0
957.402455,319,1726,0.019999999999999574,0
957.503325,341,1771,0.5999999999999996,0
957.604622,128,1710,0.33999999999999986,0
957.705688,143,1718,0.10000000000000053,0
957.807424,316,1758,0.41000000000000014,0
957.90821,307,1717,0.5599999999999987,0
958.009152,199,1713,1.4399999999999995,0
958.110155,116,1689,0.8100000000000005,0
958.211063,114,1715,0.3800000000000008,0
958.312755,179,1734,0.47000000000000064,0
958.413581,186,1691,0.5299999999999994,0
958.514678,179,1716,0.7599999999999998,0
958.616243,94,1666,0.120000000000001,0
958.716969,290,1793,0.3000000000000007,0
958.817796,201,1696,0.10000000000000142,0
958.918995,149,1725,0.39000000000000057,0
959.020284,200,1743,0.19000000000000128,0
959.124378,212,1776,0.07000000000000028,0
959.224779,240,1805,0.2699999999999996,0
959.325758,186,1729,0.14000000000000057,0
959.427082,193,1767,0.33999999999999986,0
959.530745,247,1802,0.6400000000000006,0
959.632185,355,1749,1.2500000000000018,0
959.733326,141,1721,1.1800000000000015,0
959.834423,151,1706,0.25,0
959.93824,264,1776,0.40000000000000036,0
960.039043,175,1726,1.0199999999999996,0
960.14067,144,1724,0.8200000000000003,0
960.241338,317,1800,0.9500000000000002,0
960.342818,324,1842,1.7399999999999998,0
960.444016,523,1936,2.19,1
960.545083,548,1896,1.04,1
960.646269,546,1868,1.3599999999999994,1
960.747135,363,1784,1.4300000000000006,0
960.848074,115,1719,1.089999999999999,0
960.949101,175,1729,0.9100000000000001,0
961.050134,110,1728,0.7199999999999998,0
961.151482,234,1749,1.0899999999999999,0
961.252396,173,1729,1.1999999999999993,0
961.354206,140,1730,0.8600000000000012,0
961.45532,118,1726,0.8300000000000001,0
961.556635,104,1711,0.8800000000000008,0
961.657627,114,1694,0.9199999999999999,0
961.758842,184,1746,0.8899999999999988,0
961.860099,134,1748,0.6799999999999997,0
961.960637,124,1727,0.8999999999999986,0
962.062221,109,1702,0.9199999999999999,0
962.162569,124,1728,0.9499999999999993,0
962.264159,159,1759,0.5099999999999998,0
962.365145,164,1747,0.3200000000000003,0
962.466216,169,1773,0.4800000000000004,0
962.567387,289,1820,0.13999999999999968,0
962.669289,443,1881,0.3700000000000001,1
962.770209,473,1912,0.2400000000000002,1
962.871409,232,1794,0.25,0
962.972441,210,1781,0.009999999999999787,0
963.07406,248,1769,0.41000000000000014,0
963.174821,161,1739,0.8499999999999996,0
963.276098,121,1716,0.27000000000000046,0
963.37836,240,1803,0.5800000000000001,0
963.478631,121,1736,0.27000000000000046,0
963.580261,148,1720,0.1800000000000006,0
963.680614,165,1757,0.6699999999999999,0
963.782076,219,1788,0.6400000000000001,0
963.882827,124,1727,0.52,0
963.984861,153,1710,0.2599999999999998,0
964.086566,181,1720,0.0,0
964.187202,174,1735,0.3799999999999999,0
964.288296,127,1715,0.16999999999999993,0
964.390039,147,1698,0.31000000000000005,0
964.491289,246,1773,0.2400000000000002,0
964.592249,274,1781,0.29000000000000004,0
964.693382,265,1748,0.6299999999999999,0
964.79454,123,1702,0.41000000000000014,0
964.895771,194,1730,0.4299999999999997,0
964.997144,159,1726,0.27000000000000046,0
965.098316,197,1748,0.41000000000000014,0
965.200157,167,1762,0.39000000000000057,0
965.300804,181,1764,0.4300000000000006,0
965.402592,170,1723,0.46999999999999975,0
965.504035,216,1732,0.6600000000000001,0
965.604579,175,1735,0.33999999999999986,0
965.706038,421,1831,0.4800000000000004,1
965.807426,464,1812,0.47999999999999954,1
965.908528,415,1856,0.4500000000000002,1
966.009531,264,1829,0.16999999999999993,0
966.11341,159,1744,0.22000000000000064,0
966.214383,216,1761,0.4800000000000004,0
966.316017,157,1756,0.4900000000000002,0
966.417305,179,1722,0.04999999999999982,0
966.521088,151,1722,0.34000000000000075,0
966.622241,213,1734,0.29000000000000004,0
966.723342,152,1708,0.14000000000000057,0
966.825221,244,1717,0.04999999999999982,0
966.925817,173,1724,0.4299999999999997,0
967.02697,94,1703,0.20000000000000018,0
967.127922,190,1729,0.040000000000000036,0
967.229255,174,1738,0.20000000000000018,0
967.333165,234,1758,0.4899999999999993,0
967.434057,286,1781,0.7800000000000002,0
967.535447,215,1756,0.5300000000000002,0
967.636351,157,1722,0.1900000000000004,0
967.738115,168,1703,0.03000000000000025,0
967.839352,121,1687,0.07000000000000028,0
967.940334,134,1714,0.0,0
968.041568,217,1751,0.40999999999999925,0
968.142521,101,1703,0.15000000000000036,0
968.244334,146,1708,0.5599999999999996,0
968.345369,303,1783,0.29000000000000004,0
968.446111,238,1734,0.16999999999999993,0
968.547009,230,1795,0.29000000000000004,0
968.64818,198,1722,0.5,0
968.749513,142,1698,0.41999999999999993,0
968.850275,263,1761,1.1900000000000013,0
968.951444,422,1845,0.47000000000000064,1
969.052437,161,1714,0.3100000000000005,0
969.153481,332,1747,0.2699999999999996,0
969.254775,284,1707,0.35999999999999943,0
969.355808,118,1675,0.4299999999999997,0
969.457061,154,1666,0.10999999999999943,0
969.55845,478,1756,0.8599999999999994,0
969.660231,291,1753,1.0500000000000007,0
969.760984,284,1760,1.25,0
969.862065,398,1783,0.9000000000000021,0
969.963657,84,1681,1.0900000000000034,0
970.064565,279,1774,1.4299999999999997,0
970.166344,193,1770,0.5199999999999996,0
970.266656,339,1845,0.6099999999999994,0
970.368299,50,1718,0.6499999999999986,0
970.469023,243,1808,0.23000000000000043,0
970.570393,166,1758,0.5300000000000011,0
970.671115,220,1810,0.9299999999999997,0
970.772304,224,1786,0.6199999999999992,0
970.87356,251,1793,0.2599999999999998,0
970.97441,331,1882,1.9500000000000002,0
971.075658,264,1786,1.06,0
971.176423,174,1776,1.64,0
971.277456,133,1790,1.01,0
971.379125,160,1822,1.3,0
971.480308,83,1753,1.6099999999999999,0
971.582016,152,1820,1.4300000000000002,0
971.683355,204,1789,0.7899999999999999,0
971.785021,151,1765,1.13,0
971.886255,252,1842,0.75,0
971.987447,250,1850,0.4500000000000002,0
972.088657,257,1855,1.63,0
972.189755,244,1834,1.5099999999999998,0
972.291056,230,1848,1.3500000000000005,0
972.392044,129,1733,1.4000000000000004,0
972.493082,120,1735,0.9699999999999989,0
972.594085,127,1754,0.6100000000000012,0
972.695362,104,1714,0.6500000000000004,0
972.797143,182,1768,0.3699999999999992,0
972.897675,152,1722,0.7400000000000002,0
972.998751,224,1750,0.9299999999999997,0
973.100116,128,1736,0.9299999999999997,0
973.201528,188,1730,0.7900000000000009,0
973.302267,195,1728,0.33000000000000007,0
973.404174,106,1689,0.2599999999999998,0
973.505318,243,1730,0.33999999999999986,0
973.605769,331,1768,0.35999999999999943,0
973.707106,259,1724,0.5700000000000003,0
973.808223,279,1729,0.8500000000000014,0
973.909212,203,1731,0.5800000000000018,0
974.010232,162,1686,0.6799999999999997,0
974.111198,218,1693,0.8199999999999967,0
974.21232,238,1691,0.7600000000000016,0
974.315999,269,1707,0.39000000000000057,0
974.416817,192,1729,0.5400000000000009,0
974.517771,195,1720,0.5,0
974.619285,223,1762,0.2599999999999998,0
974.723059,248,1777,0.2400000000000002,0
974.824031,213,1707,0.4499999999999993,0
974.925208,108,1675,0.2900000000000009,0
975.026255,212,1739,0.35999999999999943,0
975.130094,216,1756,0.6099999999999994,0
975.230966,306,1754,0.8000000000000007,0
975.33237,194,1712,0.8800000000000008,0
975.433613,72,1670,0.8000000000000007,0
975.534115,446,1838,0.4900000000000002,1
975.635233,99,1718,0.39000000000000057,0
975.736357,179,1775,0.0,0
975.838226,30,1706,0.3100000000000005,0
975.939366,130,1747,0.08000000000000007,0
976.040096,238,1758,0.34999999999999964,0
976.141209,253,1830,0.5200000000000005,0
976.24218,240,1753,0.3600000000000003,0
976.343669,112,1745,0.35000000000000053,0
976.444311,106,1755,0.1200000000000001,0
976.544851,186,1794,0.04999999999999982,0
976.645844,118,1760,0.6200000000000001,0
976.74666,104,1749,0.08999999999999986,0
976.848543,137,1765,0.16000000000000014,0
976.949816,143,1767,0.040000000000000036,0
977.051082,69,1735,0.019999999999999574,0
977.152219,117,1753,0.27999999999999936,0
977.253244,152,1753,0.20000000000000018,0
977.354761,80,1735,0.14000000000000057,0
977.455439,161,1745,0.34999999999999964,0
977.556976,117,1743,0.35999999999999943,0
977.65767,146,1738,0.8299999999999992,0
977.759255,211,1764,0.2699999999999996,0
977.861064,91,1719,0.03000000000000025,0
977.962109,89,1723,0.15000000000000036,0
978.06276,89,1719,0.04999999999999982,0
978.164592,212,1783,0.0699999999999994,0
978.26576,237,1786,0.2599999999999998,0
978.367456,231,1797,0.0,0
978.467792,167,1760,0.08000000000000007,0
978.569225,204,1775,0.11999999999999922,0
978.67017,186,1781,0.22999999999999865,0
978.771106,165,1718,0.39000000000000057,0
978.87224,193,1769,0.07000000000000028,0
978.973802,114,1716,0.10000000000000142,0
979.074912,103,1704,0.1899999999999995,0
979.176819,163,1738,0.010000000000001563,0
979.277839,364,1829,0.09999999999999964,0
979.379212,135,1721,0.9100000000000001,0
979.480186,169,1782,1.0199999999999996,0
979.581157,181,1789,0.7199999999999998,0
979.682226,147,1755,0.8600000000000003,0
979.78308,181,1754,0.3600000000000003,0
979.884221,192,1739,0.3199999999999994,0
979.985309,154,1715,0.16000000000000014,0
980.08724,152,1732,0.4800000000000004,0
980.188589,226,1797,0.2999999999999998,0
980.289409,262,1777,1.06,0
980.391273,289,1830,1.67,0
980.491631,151,1746,0.63,0
980.593134,150,1726,0.6399999999999999,0
980.694099,117,1689,0.68,0
980.795239,118,1709,0.53,0
980.896794,81,1685,0.09000000000000008,0
980.997751,265,1722,0.7800000000000002,0
981.098597,180,1741,1.0199999999999996,0
981.199861,165,1701,0.7999999999999998,0
981.30138,272,1705,0.7400000000000002,0
981.402283,418,1765,1.08,0
981.503324,132,1685,0.47999999999999954,0
981.604401,255,1729,0.16000000000000014,0
981.705599,230,1704,0.3899999999999997,0
981.806429,224,1704,0.5199999999999996,0
981.907524,127,1692,0.40000000000000036,0
982.008433,145,1720,0.7799999999999994,0
982.109407,207,1741,0.7000000000000011,0
982.210594,127,1705,0.8900000000000006,0
982.312055,259,1766,1.0899999999999999,0
982.412815,218,1743,0.870000000000001,0
982.513774,123,1706,0.3600000000000012,0
982.615422,152,1712,0.3100000000000005,0
982.719174,216,1743,0.14000000000000057,0
982.820119,175,1707,0.15000000000000036,0
982.921457,154,1689,0.4499999999999993,0
983.022527,167,1737,0.6099999999999994,0
983.123618,105,1686,0.33000000000000007,0
983.224453,190,1748,0.370000000000001,0
983.32566,296,1732,0.00999999999999801,0
983.427296,240,1719,0.7199999999999989,0
983.527771,142,1697,0.25,0
983.628971,316,1776,0.35999999999999943,0
983.730182,178,1729,0.0,0
983.831629,132,1710,0.23999999999999844,0
983.932251,149,1720,0.019999999999999574,0
984.033595,196,1735,0.379999999999999,0
984.13503,88,1716,0.060000000000002274,0
984.236008,93,1721,0.05999999999999872,0
984.337594,129,1738,0.46999999999999886,0
984.438349,207,1745,0.14000000000000057,0
984.539242,184,1733,0.360000000000003,0
984.640332,199,1737,0.129999999999999,0
984.741596,154,1708,0.4499999999999993,0
984.842826,187,1740,0.17999999999999972,0
984.944352,186,1733,0.28999999999999915,0
985.044736,497,1844,0.26000000000000156,1
985.146038,245,1773,0.120000000000001,0
985.247189,131,1736,0.47000000000000064,0
985.348374,251,1784,0.7400000000000002,0
985.449647,217,1828,0.879999999999999,0
985.550814,99,1761,0.3100000000000005,0
985.651557,131,1780,0.0600000000000005,0
985.753268,146,1814,0.2599999999999998,0
985.8536,202,1810,0.1899999999999995,0
985.955094,134,1791,0.5800000000000001,0
986.056207,216,1793,0.6699999999999999,0
986.157296,148,1800,0.5499999999999989,0
986.258943,212,1794,0.6400000000000006,0
986.360283,224,1812,0.7200000000000006,0
986.461378,178,1783,0.5800000000000001,0
986.562282,225,1806,0.4900000000000002,0
986.663914,228,1782,0.5700000000000003,0
986.764593,181,1750,0.7699999999999996,0
986.865436,211,1762,0.7400000000000002,0
986.966804,141,1717,0.8100000000000005,0
987.067832,101,1721,0.9699999999999989,0
987.169395,276,1785,0.0600000000000005,0
987.270236,252,1799,0.13000000000000078,0
987.371202,207,1775,0.010000000000001563,0
987.472283,147,1691,0.7600000000000016,0
987.573319,269,1744,0.8900000000000006,0
987.674629,255,1736,1.0900000000000016,0
987.775451,203,1700,0.5399999999999991,0
987.876582,183,1683,0.4800000000000004,0
987.978899,190,1689,0.9100000000000001,0
988.079578,143,1667,0.46000000000000085,0
988.181196,143,1690,0.5,0
988.281942,201,1701,0.6500000000000021,0
988.38361,190,1702,0.5500000000000007,0
988.485152,234,1725,0.4700000000000024,0
988.586332,178,1676,0.7199999999999989,0
988.687398,142,1659,1.0899999999999999,0
988.789012,217,1669,0.759999999999998,0
988.890436,336,1725,1.4699999999999989,0
988.991523,407,1861,1.0399999999999991,1
989.092684,454,1940,2.360000000000001,1
989.194085,433,1950,0.23999999999999844,1
989.295013,116,1738,0.23000000000000043,0
989.39644,170,1728,0.25,0
989.497401,135,1708,1.0,0
989.598658,108,1729,0.9199999999999999,0
989.699525,165,1777,0.4900000000000002,0
989.800972,188,1850,0.96,0
989.902065,150,1833,0.8300000000000001,0
990.00409,284,1885,0.26,0
990.104608,194,1855,0.20999999999999996,0
990.205658,180,1865,0.25,0
990.307243,206,1839,0.8099999999999996,0
990.408215,172,1824,0.4299999999999997,0
990.509602,175,1840,0.3200000000000003,0
990.610525,214,1866,0.16000000000000014,0
990.711585,153,1788,0.3999999999999986,0
990.813255,215,1831,0.17999999999999972,0
990.914051,150,1773,0.9299999999999997,0
991.015329,184,1756,0.6799999999999997,0
991.116293,357,1724,0.28999999999999915,0
991.217631,102,1648,0.22000000000000242,0
991.319153,339,1737,0.4499999999999993,0
991.420829,257,1672,0.8000000000000007,0
991.521588,290,1663,0.9899999999999984,0
991.622289,321,1732,0.379999999999999,0
991.723527,212,1662,0.7800000000000011,0
991.82448,228,1703,0.7799999999999994,0
991.928293,97,1639,0.5499999999999989,0
992.02928,236,1695,0.5800000000000001,0
992.130665,295,1756,0.33000000000000007,0
992.231658,365,1735,0.2400000000000002,0
992.333277,364,1726,0.08999999999999986,0
992.434116,251,1707,0.05000000000000071,0
992.535197,361,1789,0.27000000000000046,0
992.636383,494,1847,0.6400000000000001,1
992.737616,350,1835,1.15,0
992.839296,280,1821,1.02,0
992.940235,333,1862,0.39,0
993.041573,269,1791,0.41999999999999993,0
993.142187,357,1866,1.41,0
993.243531,341,1840,1.94,0
993.344964,313,1828,2.01,0
993.445748,237,1747,1.92,0
993.547124,167,1768,1.870000000000001,0
993.64779,228,1791,2.01,0
993.749171,277,1816,2.6099999999999994,0
993.850066,733,1950,2.09,1
993.951264,87,1703,1.7599999999999998,0
994.052593,354,1705,2.2200000000000006,0
994.153212,656,1812,2.6900000000000013,1
994.254343,510,1795,2.9700000000000006,0
994.356181,330,1781,2.25,0
994.457394,296,1736,1.6899999999999995,0
994.559276,186,1725,1.7299999999999986,0
994.659832,137,1669,1.2799999999999994,0
994.761004,221,1735,1.4700000000000006,0
994.862032,249,1786,1.5899999999999999,0
994.963408,229,1783,1.620000000000001,0
995.064188,103,1694,1.790000000000001,0
995.165437,173,1722,1.3300000000000018,0
995.266814,335,1804,1.17,0
995.367607,290,1766,1.2100000000000009,0
995.469348,104,1714,1.8599999999999977,0
995.570555,167,1748,1.799999999999999,0
995.671674,205,1787,1.1400000000000006,0
995.773213,275,1843,0.19000000000000128,0
995.874415,209,1796,0.7200000000000006,0
995.975652,176,1754,0.7400000000000002,0
996.07701,343,1833,0.9599999999999991,0
996.177763,364,1861,1.0999999999999996,0
996.279156,245,1810,0.28000000000000114,0
996.380455,241,1854,0.370000000000001,0
996.481143,395,1842,0.8899999999999988,0
996.582787,508,1889,1.2400000000000002,1
996.683648,468,1868,1.129999999999999,1
996.785996,235,1822,0.7799999999999994,0
996.886426,199,1813,0.3199999999999985,0
996.987597,115,1769,0.5500000000000007,0
997.088679,137,1772,0.7100000000000009,0
997.189807,122,1769,0.7200000000000006,0
997.291174,208,1747,0.009999999999999787,0
997.392439,339,1805,0.6300000000000008,0
997.493303,262,1804,0.27999999999999936,0
997.595048,194,1761,0.17999999999999972,0
997.695245,136,1720,0.5500000000000007,0
997.796321,168,1751,0.34999999999999964,0
997.897686,178,1743,0.33000000000000007,0
997.999115,225,1770,0.7599999999999998,0
998.100454,239,1759,0.5700000000000003,0
998.201838,129,1712,0.08999999999999986,0
998.302543,160,1727,0.05000000000000071,0
998.40382,115,1714,0.4399999999999995,0
998.504556,107,1682,0.17999999999999972,0
998.605945,160,1725,0.3899999999999997,0
998.706749,245,1764,0.20999999999999996,0
998.808616,112,1693,0.19999999999999973,0
998.909367,180,1729,0.33000000000000007,0
999.010208,199,1737,0.42000000000000015,0
999.111245,142,1708,0.09999999999999987,0
999.212361,149,1711,0.26,0
999.313524,172,1699,0.32999999999999985,0
999.414573,119,1687,0.42000000000000004,0
999.518239,275,1765,0.9500000000000001,0
999.619328,320,1780,0.8200000000000001,0
999.720298,331,1804,0.13999999999999999,0
999.821381,242,1766,0.39,0
999.92523,222,1731,0.43000000000000005,0
1000.026226,130,1684,0.69,0
1000.127621,227,1661,0.27999999999999997,0
1000.229182,498,1718,0.08,0
1000.33044,418,1773,0.5,0
1000.431242,317,1771,0.3,0
1000.532028,261,1774,0.46,0
1000.633226,304,1739,0.05,0
1000.734321,219,1734,0.35,0
1000.835186,180,1685,0.34,0
1000.936227,176,1724,0.33,0
1001.037236,244,1765,0.37,0
1001.138983,309,1780,0.51,0
1001.239817,155,1694,0.56,0
1001.341411,264,1766,0.20999999999999996,0
1001.44211,475,1843,0.77,1
1001.542582,264,1749,0.49,0
1001.644212,162,1741,0.1200000000000001,0
1001.744582,130,1734,0.24,0
1001.845987,193,1743,0.3800000000000001,0
1001.946791,212,1777,0.68,0
1002.048072,182,1723,0.7200000000000002,0
1002.149335,124,1713,0.71,0
1002.249919,151,1719,0.5900000000000003,0
1002.351228,183,1726,0.29000000000000004,0
1002.452222,166,1719,0.5100000000000002,0
1002.553297,190,1744,0.73,0
1002.654985,117,1733,0.7,0
1002.755396,165,1761,0.9099999999999999,0
1002.857038,148,1761,0.87,0
1002.958741,243,1763,0.91,0
1003.059453,335,1809,0.21999999999999997,0
1003.161089,192,1716,0.10000000000000009,0
1003.262187,206,1789,1.38,0
1003.363455,200,1769,0.9199999999999999,0
1003.464427,146,1741,0.9900000000000002,0
1003.566321,121,1767,1.1099999999999994,0
1003.66713,152,1787,1.0099999999999998,0
1003.768325,84,1757,0.9699999999999989,0
1003.869642,109,1761,0.870000000000001,0
1003.970807,124,1777,0.9800000000000004,0
1004.071823,130,1767,1.0099999999999998,0
1004.173172,125,1794,0.8099999999999987,0
1004.274349,167,1788,0.9599999999999991,0
1004.375449,155,1773,1.0300000000000011,0
1004.476949,133,1768,0.8399999999999999,0
1004.57834,102,1756,0.6300000000000008,0
1004.679099,125,1757,0.41999999999999993,0
1004.78033,117,1732,0.5800000000000001,0
1004.881632,227,1742,0.7699999999999996,0
1004.983211,137,1700,0.9299999999999997,0
1005.084244,175,1723,0.8399999999999999,0
1005.185583,207,1726,0.6400000000000006,0
1005.28665,145,1673,0.5299999999999976,0
1005.388553,332,1711,0.21000000000000085,0
1005.489585,341,1705,0.7100000000000009,0
1005.591456,361,1750,0.9400000000000013,0
1005.692252,220,1739,0.7300000000000004,0
1005.793282,248,1661,0.759999999999998,0
1005.895226,197,1699,0.259999999999998,0
1005.995799,224,1714,0.38000000000000256,0
1006.096598,329,1689,0.3100000000000023,0
1006.198023,173,1682,0.10999999999999943,0
1006.29883,143,1640,0.08999999999999986,0
1006.400814,193,1657,0.030000000000001137,0
1006.501593,267,1691,0.10999999999999943,0
1006.602582,199,1661,0.16999999999999815,0
1006.703753,185,1670,0.3299999999999983,0
1006.805136,322,1748,0.7800000000000011,0
1006.906335,216,1736,0.8299999999999983,0
1007.007109,187,1738,1.2900000000000027,0
1007.107546,382,1830,0.7999999999999972,0
1007.209246,132,1671,0.8800000000000026,0
1007.310214,88,1691,0.6099999999999994,0
1007.41153,138,1696,0.26000000000000156,0
1007.512569,150,1718,0.6999999999999993,0
1007.613445,137,1724,0.8900000000000006,0
1007.717141,252,1803,1.3300000000000018,0
1007.818177,61,1725,0.33999999999999986,0
1007.919204,225,1806,0.09999999999999787,0
1008.020323,219,1798,0.6000000000000014,0
1008.124249,73,1753,0.21000000000000085,0
1008.22525,177,1791,0.5,0
1008.326151,141,1777,0.23999999999999844,0
1008.427362,188,1803,0.5699999999999967,0
1008.528617,166,1775,0.6000000000000014,0
1008.630093,116,1733,0.9499999999999993,0
1008.733778,116,1722,0.990000000000002,0
1008.8352,230,1839,1.1400000000000006,0
1008.93627,257,1829,1.0199999999999996,0
1009.037274,354,1903,2.129999999999999,0
1009.138077,310,1847,3.0100000000000016,0
1009.239311,160,1803,1.839999999999998,0
1009.340595,80,1753,1.2399999999999984,0
1009.44144,71,1754,1.0899999999999999,0
1009.543067,263,1812,1.1600000000000001,0
1009.643751,230,1804,0.6100000000000012,0
1009.744685,188,1811,0.5900000000000016,0
1009.846257,181,1795,0.23000000000000043,0
1009.947232,248,1826,0.28000000000000114,0
1010.048354,103,1748,0.629999999999999,0
1010.148902,110,1754,0.5899999999999999,0
1010.250186,165,1765,0.5600000000000005,0
1010.351349,194,1762,0.27000000000000135,0
1010.452451,175,1740,0.5500000000000007,0
1010.554187,111,1748,0.019999999999999574,0
1010.65528,121,1740,0.08000000000000007,0
1010.756148,123,1742,0.26000000000000156,0
1010.856632,118,1740,0.25,0
1010.958073,117,1750,0.15000000000000036,0
1011.059579,116,1758,0.41000000000000014,0
1011.160913,172,1753,0.009999999999999787,0
1011.261608,150,1760,0.11999999999999922,0
1011.362781,97,1714,0.05999999999999872,0
1011.464049,165,1746,0.05000000000000071,0
1011.56515,167,1753,0.4400000000000013,0
1011.666329,324,1785,0.6400000000000006,0
1011.767186,315,1755,0.75,0
1011.868169,270,1792,1.209999999999999,0
1011.969639,190,1717,0.7699999999999996,0
1012.070641,199,1710,0.2999999999999998,0
1012.171525,204,1681,0.6200000000000001,0
1012.273126,382,1738,0.8000000000000003,0
1012.373671,219,1688,0.51,0
1012.474974,217,1671,0.73,0
1012.576309,103,1644,0.67,0
1012.677351,205,1710,0.9100000000000001,0
1012.779445,284,1717,1.13,0
1012.880277,226,1670,1.18,0
1012.981323,350,1717,1.2,0
1013.08218,431,1772,1.21,0
1013.183656,196,1686,1.01,0
1013.284656,244,1710,1.47,0
1013.386545,91,1685,1.16,0
1013.487628,161,1737,1.0099999999999998,0
1013.589297,180,1728,0.23999999999999932,0
1013.690137,310,1821,1.3599999999999994,0
1013.79156,218,1728,1.08,0
1013.892654,218,1806,0.23999999999999844,0
1013.993611,207,1788,0.120000000000001,0
1014.095187,196,1773,0.5700000000000003,0
1014.196041,250,1783,0.5300000000000011,0
1014.297246,149,1725,1.0,0
1014.398816,185,1759,1.5,0
1014.499627,186,1759,1.7600000000000016,0
1014.601117,231,1750,2.110000000000003,0
1014.70217,203,1747,2.3299999999999983,0
1014.80313,238,1756,2.2699999999999996,0
1014.9044,145,1729,2.5599999999999987,0
1015.005662,116,1728,1.8500000000000014,0
1015.106355,172,1747,1.9200000000000017,0
1015.207363,111,1728,0.5499999999999989,0
1015.308614,356,1928,3.17,0
1015.410558,465,1887,3.5700000000000003,1
1015.511101,441,1907,1.4200000000000008,1
1015.61231,278,1808,1.4400000000000004,0
1015.713622,171,1794,1.58,0
1015.814545,210,1769,1.63,0
1015.91837,154,1753,1.5900000000000007,0
1016.019103,88,1728,1.0099999999999998,0
1016.120258,121,1749,0.5899999999999999,0
1016.22124,132,1707,0.5500000000000003,0
1016.325021,107,1709,0.7999999999999998,0
1016.42601,272,1805,1.21,0
1016.527685,433,1813,1.8400000000000003,1
1016.629347,460,1843,1.66,1
1016.730391,222,1741,0.17000000000000015,0
1016.831424,282,1776,0.24,0
1016.932271,476,1918,2.76,1
1017.033247,458,1889,2.8400000000000003,1
1017.133866,455,1922,0.7699999999999996,1
1017.235135,259,1811,0.6999999999999993,0
1017.336593,125,1691,0.4800000000000004,0
1017.438262,117,1678,0.33000000000000007,0
1017.538814,84,1672,0.5,0
1017.640207,401,1827,1.1199999999999992,1
1017.741117,380,1834,0.7800000000000002,0
1017.842596,141,1750,1.5,0
1017.943909,195,1812,0.26,0
1018.045121,113,1736,0.4,0
1018.14561,107,1741,0.41000000000000003,0
1018.247128,180,1775,0.16,0
1018.348171,110,1763,0.6599999999999999,0
1018.449198,141,1800,0.30000000000000004,0
1018.550448,146,1796,0.27,0
1018.652071,189,1823,0.17,0
1018.753171,126,1793,0.26,0
1018.854231,145,1799,0.31,0
1018.955103,173,1806,0.3,0
1019.056075,173,1789,0.14,0
1019.15738,224,1779,0.08,0
1019.259023,63,1679,0.4,0
1019.360189,243,1752,0.3,0
1019.461114,207,1736,0.16,0
1019.562035,168,1711,0.13,0
1019.663193,226,1714,0.14,0
1019.763795,204,1691,0.09,0
1019.865132,153,1703,0.0,0
1019.966222,213,1737,0.14,0
1020.067265,163,1696,0.04,0
1020.168346,173,1732,0.02,0
1020.269666,137,1695,0.11,0
1020.371483,180,1770,0.14,0
1020.472205,143,1739,0.13,0
1020.573188,117,1724,0.23,0
1020.674129,164,1768,0.25,0
1020.775786,153,1748,0.05,0
1020.876757,179,1784,0.18,0
1020.978444,183,1734,0.22,0
1021.080102,188,1727,0.56,0
1021.181216,100,1693,0.41,0
1021.282439,181,1735,0.34,0
1021.383107,155,1708,0.26,0
1021.484259,180,1719,0.3900000000000001,0
1021.585651,302,1755,0.06999999999999984,0
1021.686995,193,1710,0.41999999999999993,0
1021.788594,228,1714,0.08999999999999986,0
1021.890227,222,1704,0.28999999999999915,0
1021.990831,132,1676,0.019999999999999574,0
1022.092259,294,1757,0.4299999999999997,0
1022.193314,221,1718,0.0600000000000005,0
1022.294363,194,1689,0.28999999999999915,0
1022.396044,175,1673,0.2900000000000009,0
1022.496745,242,1707,0.16999999999999993,0
1022.597763,220,1711,0.21000000000000085,0
1022.699411,153,1689,0.33000000000000007,0
1022.800371,176,1698,0.1800000000000015,0
1022.901426,219,1746,0.35999999999999943,0
1023.002528,139,1686,0.41000000000000014,0
1023.103736,170,1718,0.20000000000000107,0
1023.204834,149,1709,0.1899999999999995,0
1023.306146,184,1715,0.4900000000000002,0
1023.407305,244,1771,0.15000000000000036,0
1023.508884,128,1709,0.10000000000000142,0
1023.609782,128,1699,0.120000000000001,0
1023.710986,101,1704,0.9399999999999995,0
1023.811955,190,1753,0.0600000000000005,0
1023.91309,178,1767,0.3800000000000008,0
1024.014294,201,1729,0.629999999999999,0
1024.115354,194,1783,0.1899999999999995,0
1024.216541,147,1743,0.2600000000000007,0
1024.317839,171,1773,0.07000000000000028,0
1024.419345,164,1787,0.1200000000000001,0
1024.520244,170,1789,0.08000000000000007,0
1024.621217,207,1781,0.14999999999999947,0
1024.722272,152,1753,0.2999999999999998,0
1024.823204,125,1748,0.13999999999999968,0
1024.924266,135,1721,0.029999999999999805,0
1025.025318,92,1692,0.3400000000000001,0
1025.129149,164,1741,0.32000000000000006,0
1025.23022,205,1764,0.020000000000000018,0
1025.331346,151,1738,0.14,0
1025.432309,223,1763,0.06000000000000005,0
1025.536007,190,1736,0.4,0
1025.637158,204,1692,0.020000000000000018,0
1025.738537,199,1710,0.18999999999999997,0
1025.84229,135,1668,0.09000000000000002,0
1025.943152,255,1778,0.08000000000000002,0
1026.044302,221,1768,0.09999999999999998,0
1026.145304,277,1728,0.8,0
1026.246339,182,1744,0.07,0
1026.347318,346,1909,0.09999999999999998,0
1026.448842,311,1804,0.08999999999999986,0
1026.549235,327,1768,0.8600000000000003,0
1026.650208,204,1780,0.2599999999999998,0
1026.750899,300,1834,0.41000000000000014,0
1026.85218,361,1795,0.7700000000000005,0
1026.953976,324,1801,1.0099999999999998,0
1027.054557,448,1752,1.3500000000000005,0
1027.155605,199,1697,0.33999999999999986,0
1027.256693,297,1759,0.08000000000000007,0
1027.358158,142,1647,0.7899999999999991,0
1027.459662,301,1696,1.200000000000001,0
1027.561191,293,1676,1.3399999999999999,0
1027.661985,70,1548,1.5899999999999999,0
1027.762586,311,1667,1.129999999999999,0
1027.863794,188,1599,1.8000000000000007,0
1027.965026,286,1619,1.5099999999999998,0
1028.06606,294,1637,1.160000000000002,0
1028.167332,181,1607,1.3599999999999977,0
1028.268171,406,1700,1.4799999999999986,0
1028.369107,113,1632,1.3599999999999994,0
1028.470277,297,1711,1.629999999999999,0
1028.57144,235,1724,2.1999999999999993,0
1028.672551,253,1757,2.3499999999999996,0
1028.77337,130,1735,1.6099999999999994,0
1028.874632,275,1847,1.4399999999999995,0
1028.975585,280,1871,1.1600000000000001,0
1029.077038,250,1825,1.08,0
1029.178372,182,1775,0.33999999999999986,0
1029.279159,146,1766,0.47000000000000064,0
1029.380444,161,1796,1.1400000000000006,0
1029.481732,217,1759,1.040000000000001,0
1029.583153,36,1697,0.9599999999999991,0
1029.684127,226,1779,0.9299999999999997,0
1029.785566,110,1727,0.9700000000000006,0
1029.886083,103,1735,0.7900000000000009,0
1029.987457,101,1737,1.040000000000001,0
1030.088583,61,1708,1.42,0
1030.190443,44,1699,1.5,0
1030.29137,42,1702,1.1600000000000001,0
1030.392584,76,1718,0.9900000000000002,0
1030.493862,211,1778,0.8399999999999999,0
1030.594834,63,1720,1.5199999999999996,0
1030.695931,132,1761,1.5,0
1030.797204,105,1747,1.9100000000000001,0
1030.898365,196,1811,2.049999999999999,0
1030.999372,345,1847,2.130000000000001,0
1031.101151,238,1822,1.9300000000000006,0
1031.202211,241,1796,1.5300000000000002,0
1031.304041,132,1774,1.38,0
1031.404772,204,1791,2.0,0
1031.505719,70,1730,1.06,0
1031.606564,160,1761,1.3199999999999998,0
1031.707689,213,1791,1.23,0
1031.80929,153,1778,0.78,0
1031.91062,133,1754,0.07999999999999999,0
1032.011968,423,1860,0.18,1
1032.11305,58,1687,0.98,0
1032.214012,183,1690,0.08,0
1032.317572,182,1653,0.52,0
1032.418549,224,1682,0.23,0
1032.519796,236,1699,0.17,0
1032.621241,203,1695,0.02,0
1032.721899,113,1644,0.01,0
1032.822978,153,1662,0.28,0
1032.926549,177,1714,0.3,0
1033.027308,208,1713,0.0,0
1033.129132,152,1695,0.52,0
1033.229802,176,1680,0.07,0
1033.334127,293,1729,0.28,0
1033.434872,159,1675,0.49,0
1033.536094,234,1692,0.20999999999999996,0
1033.637213,317,1692,0.12,0
1033.737883,286,1676,0.56,0
1033.839477,207,1688,0.19999999999999996,0
1033.94053,256,1757,0.5299999999999998,0
1034.041534,117,1678,0.17999999999999972,0
1034.142638,90,1645,0.6299999999999999,0
1034.243896,154,1684,0.06000000000000005,0
1034.345146,253,1790,0.040000000000000036,0
1034.446172,178,1735,0.49,0
1034.547228,236,1787,0.43000000000000016,0
1034.64809,87,1717,1.2799999999999998,0
1034.749162,212,1798,0.9199999999999999,0
1034.850276,299,1843,1.33,0
1034.95159,190,1773,0.37999999999999945,0
1035.052811,224,1838,0.9500000000000002,0
1035.153536,123,1753,0.9099999999999993,0
1035.254586,73,1728,0.7199999999999998,0
1035.356236,122,1740,0.4400000000000004,0
1035.457581,113,1737,0.5899999999999999,0
1035.558395,120,1739,0.6099999999999994,0
1035.65932,81,1707,0.20999999999999996,0
1035.760433,189,1764,0.6299999999999999,0
1035.861458,108,1725,0.4500000000000002,0
1035.963161,93,1709,0.009999999999999787,0
1036.064066,71,1689,0.13000000000000012,0
1036.165149,156,1736,0.10999999999999999,0
1036.266141,118,1709,0.19,0
1036.367332,176,1706,0.32999999999999996,0
1036.468432,323,1793,0.3600000000000003,0
1036.570074,162,1728,0.3199999999999994,0
1036.671206,122,1699,0.08999999999999986,0
1036.771773,156,1715,0.28000000000000025,0
1036.873229,151,1738,0.2699999999999996,0
1036.97445,115,1705,0.6299999999999999,0
1037.076149,54,1670,0.29000000000000004,0
1037.177071,67,1678,0.5700000000000001,0
1037.278279,74,1682,0.56,0
1037.380595,111,1694,0.33,0
1037.481374,95,1716,0.27,0
1037.582636,202,1720,0.24,0
1037.684229,180,1730,1.02,0
1037.785189,268,1727,0.34999999999999964,0
1037.886178,105,1709,0.2999999999999998,0
1037.987537,186,1782,0.15000000000000036,0
1038.088564,135,1729,0.27,0
1038.190449,164,1746,0.74,0
1038.291298,128,1714,0.4899999999999999,0
1038.392921,91,1719,0.71,0
1038.493833,67,1690,0.33999999999999997,0
1038.595256,89,1707,0.07,0
1038.696025,186,1737,0.30999999999999994,0
1038.796755,71,1705,0.3799999999999999,0
1038.898107,78,1703,0.009999999999999787,0
1038.99953,145,1725,0.010000000000000231,0
1039.100272,116,1718,0.06999999999999984,0
1039.201361,110,1718,0.010000000000000231,0
1039.302291,73,1706,0.15000000000000013,0
1039.404236,70,1695,0.21999999999999997,0
1039.504877,85,1702,0.32999999999999996,0
1039.606234,143,1724,0.01999999999999999,0
1039.707218,183,1738,0.009999999999999995,0
1039.808549,118,1702,0.12000000000000001,0
1039.910043,155,1718,0.07,0
1040.011004,148,1710,0.1,0
1040.112125,160,1719,0.02,0
1040.213246,97,1691,0.26,0
1040.314368,109,1702,0.35,0
1040.416161,87,1696,0.21,0
1040.516803,141,1714,0.04,0
1040.618137,111,1704,0.01,0
1040.719304,273,1775,0.49,0
1040.820646,187,1757,0.2999999999999998,0
1040.921279,95,1720,0.08999999999999986,0
1041.022267,92,1708,0.009999999999999787,0
1041.123269,85,1709,0.5100000000000002,0
1041.224325,211,1766,0.009999999999999787,0
1041.328155,94,1710,0.3200000000000003,0
1041.42882,86,1716,0.20999999999999996,0
1041.529663,90,1709,0.16000000000000014,0
1041.63115,163,1739,0.120000000000001,0
1041.734754,120,1717,0.010000000000001563,0
1041.836305,301,1827,0.35999999999999943,0
1041.937153,187,1727,0.41000000000000014,0
1042.038133,118,1735,0.7600000000000007,0
1042.139677,142,1755,0.33000000000000007,0
1042.239991,118,1706,0.0799999999999983,0
1042.341456,100,1713,0.030000000000001137,0
1042.442323,171,1766,0.08000000000000007,0
1042.543408,67,1697,0.15000000000000036,0
1042.644656,113,1702,0.3000000000000007,0
1042.745434,109,1740,0.41000000000000014,0
1042.846533,77,1713,0.009999999999999787,0
1042.948337,85,1688,0.33999999999999986,0
1043.049111,169,1763,0.3999999999999999,0
1043.150272,106,1701,0.16000000000000014,0
1043.25124,93,1692,0.11000000000000032,0
1043.352385,85,1713,0.010000000000000231,0
1043.454107,68,1693,0.34999999999999964,0
1043.554661,69,1691,0.3899999999999997,0
1043.655649,114,1709,0.54,0
1043.757173,114,1701,0.3899999999999997,0
1043.858443,104,1696,0.39000000000000057,0
1043.960191,123,1733,0.1299999999999999,0
1044.060839,145,1723,0.4800000000000004,0
1044.162038,157,1736,0.45999999999999996,0
1044.262833,101,1721,0.1499999999999999,0
1044.364443,93,1712,0.13000000000000034,0
1044.465017,77,1696,0.029999999999999805,0
1044.566443,59,1688,0.08999999999999986,0
1044.667994,50,1693,0.16999999999999993,0
1044.76944,72,1693,0.0,0
1044.870623,78,1692,0.3599999999999999,0
1044.97183,48,1692,0.1900000000000004,0
1045.072606,104,1719,0.1899999999999995,0
1045.174289,22,1679,0.29999999999999893,0
1045.274523,45,1693,0.05000000000000071,0
1045.37623,33,1691,0.019999999999999574,0
1045.477211,61,1703,0.06999999999999851,0
1045.578963,41,1695,0.14000000000000057,0
1045.680548,49,1684,0.28000000000000114,0
1045.781242,34,1689,0.28999999999999915,0
1045.88222,25,1687,0.4800000000000004,0
1045.983668,94,1728,0.71,0
1046.085088,87,1722,0.6100000000000012,0
1046.186219,47,1702,0.5299999999999994,0
1046.287177,53,1704,0.5800000000000001,0
1046.38848,114,1734,0.629999999999999,0
1046.489604,64,1702,0.5400000000000009,0
1046.591317,36,1684,0.3999999999999986,0
1046.692574,55,1702,0.5700000000000003,0
1046.79403,76,1702,0.39000000000000057,0
1046.895675,71,1693,0.4399999999999995,0
1046.996548,65,1697,0.3699999999999992,0
1047.097609,125,1730,0.4499999999999993,0
1047.199203,72,1699,0.41999999999999993,0
1047.299793,141,1734,0.34999999999999964,0
1047.401541,81,1713,0.370000000000001,0
1047.502043,111,1724,0.5,0
1047.603206,151,1746,0.47000000000000064,0
1047.704283,69,1705,0.1899999999999995,0
1047.805244,87,1716,0.3500000000000014,0
1047.907046,88,1712,0.0600000000000005,0
1048.007567,126,1738,0.4599999999999991,0
1048.108527,90,1720,0.3600000000000012,0
1048.2098,55,1686,0.35999999999999943,0
1048.310603,145,1746,0.23000000000000043,0
1048.412188,79,1711,0.16999999999999993,0
1048.513224,140,1747,0.22999999999999954,0
1048.614189,42,1694,0.020000000000000462,0
1048.715454,111,1741,0.3099999999999996,0
1048.816323,122,1736,0.13999999999999968,0
1048.920401,111,1730,0.019999999999999574,0
1049.021338,85,1710,0.14999999999999947,0
1049.125018,110,1731,0.20999999999999996,0
1049.226197,145,1752,0.20999999999999996,0
1049.327646,165,1771,0.4299999999999997,0
1049.429231,96,1705,0.13999999999999968,0
1049.530261,155,1756,0.25,0
1049.631018,77,1706,0.17000000000000082,0
1049.731808,153,1748,0.07000000000000028,0
1049.833135,121,1733,0.25,0
1049.936772,102,1699,0.05999999999999961,0
1050.037444,182,1765,0.1899999999999995,0
1050.13862,90,1710,0.2999999999999998,0
1050.239757,148,1751,0.019999999999999574,0
1050.341414,95,1705,0.020000000000000462,0
1050.442278,89,1711,0.3100000000000005,0
1050.543131,161,1757,0.17999999999999972,0
1050.64418,87,1703,0.08000000000000007,0
1050.74503,176,1761,0.3099999999999996,0
1050.84642,103,1690,0.04999999999999982,0
1050.948262,86,1716,0.1200000000000001,0
1051.049442,122,1728,0.16000000000000014,0
1051.150282,95,1710,0.16999999999999993,0
1051.251236,103,1709,0.08000000000000007,0
1051.352241,144,1726,0.040000000000000036,0
1051.453381,92,1694,0.02999999999999936,0
1051.554885,100,1714,0.08000000000000007,0
1051.655308,93,1692,0.020000000000000462,0
1051.756331,173,1758,0.3199999999999994,0
1051.857569,112,1703,0.1299999999999999,0
1051.959213,185,1761,0.1200000000000001,0
1052.060541,111,1713,0.17000000000000082,0
1052.161164,140,1741,0.05999999999999961,0
1052.262163,215,1777,0.08000000000000007,0
1052.363099,189,1745,0.11000000000000032,0
1052.464212,145,1731,0.33999999999999986,0
1052.565205,145,1742,0.17999999999999972,0
1052.665813,220,1789,0.08999999999999986,0
1052.767686,144,1753,0.08999999999999986,0
1052.869013,129,1718,0.11000000000000032,0
1052.970431,185,1768,0.11000000000000032,0
1053.070859,120,1717,0.08000000000000007,0
1053.172134,154,1750,0.020000000000000462,0
1053.273347,162,1759,0.1200000000000001,0
1053.374576,102,1721,0.2400000000000002,0
1053.475746,131,1739,0.2999999999999998,0
1053.577099,106,1721,0.4400000000000004,0
1053.678451,110,1696,0.3200000000000003,0
1053.779648,188,1777,0.16000000000000014,0
1053.881111,66,1703,0.4500000000000002,0
1053.981956,90,1726,0.16999999999999993,0
1054.082816,106,1730,0.14999999999999947,0
1054.184404,139,1753,0.020000000000000462,0
1054.285033,177,1766,0.1999999999999993,0
1054.386637,54,1697,0.29000000000000004,0
1054.48757,175,1731,0.23000000000000043,0
1054.588556,57,1696,0.2699999999999996,0
1054.689804,84,1703,0.40000000000000036,0
1054.790599,69,1690,0.3899999999999997,0
1054.89166,126,1725,0.5200000000000005,0
1054.993312,107,1714,0.17999999999999972,0
1055.094782,165,1768,0.11000000000000032,0
1055.196177,109,1743,0.08999999999999986,0
1055.297279,79,1684,0.08999999999999986,0
1055.398673,153,1746,0.3700000000000001,0
1055.499923,70,1682,0.1200000000000001,0
1055.60082,121,1738,0.019999999999999574,0
1055.702169,115,1740,0.019999999999999574,0
1055.803334,139,1757,0.27000000000000046,0
1055.904096,194,1761,0.3700000000000001,0
1056.005653,137,1734,0.3000000000000007,0
1056.106812,148,1725,0.07000000000000028,0
1056.208249,133,1741,0.33999999999999986,0
1056.309144,161,1755,0.16000000000000014,0
1056.410168,214,1788,0.25,0
1056.51379,182,1755,0.28000000000000114,0
1056.614902,165,1755,0.08999999999999986,0
1056.716228,128,1715,0.03999999999999915,0
1056.817677,160,1702,0.13000000000000078,0
1056.918545,179,1697,0.05000000000000071,0
1057.01958,95,1669,0.009999999999999787,0
1057.123365,105,1691,0.019999999999999574,0
1057.224281,200,1760,0.28999999999999915,0
1057.325439,151,1722,0.16999999999999993,0
1057.426662,205,1781,0.21999999999999886,0
1057.527449,127,1704,0.040000000000000924,0
1057.628383,145,1743,0.10000000000000142,0
1057.729423,252,1808,0.030000000000001137,0
1057.830622,170,1756,0.21999999999999886,0
1057.932124,205,1790,0.2400000000000002,0
1058.032749,136,1714,0.040000000000000924,0
1058.134392,156,1720,0.17999999999999972,0
1058.235965,149,1747,0.009999999999999787,0
1058.337442,182,1770,0.08000000000000007,0
1058.438418,107,1726,0.22000000000000064,0
1058.539253,133,1748,0.22999999999999954,0
1058.640195,114,1710,0.3000000000000007,0
1058.741623,207,1794,0.1299999999999999,0
1058.842344,187,1775,0.019999999999999574,0
1058.943405,183,1779,0.08999999999999986,0
1059.044549,169,1745,0.22000000000000064,0
1059.145569,123,1733,0.11999999999999922,0
1059.247234,117,1716,0.0,0
1059.348412,181,1778,0.3700000000000001,0
1059.44932,221,1798,0.17999999999999972,0
1059.55058,145,1737,0.1999999999999993,0
1059.651315,123,1716,0.1299999999999999,0
1059.75289,240,1779,0.07000000000000028,0
1059.853546,186,1775,0.1899999999999995,0
1059.954618,134,1726,0.1200000000000001,0
1060.055632,140,1700,0.010000000000000675,0
1060.156967,173,1758,0.17999999999999972,0
1060.257837,130,1727,0.27999999999999936,0
1060.359452,146,1699,0.7699999999999996,0
1060.460245,58,1686,0.2300000000000002,0
1060.561372,253,1775,0.22999999999999998,0
1060.662685,115,1710,0.25,0
1060.763593,142,1750,0.34999999999999964,0
1060.865364,122,1742,0.47999999999999865,0
1060.966143,40,1686,0.129999999999999,0
1061.067264,218,1796,0.21000000000000085,0
1061.168766,146,1774,0.010000000000001563,0
1061.269833,98,1754,0.029999999999997584,0
1061.372204,143,1747,0.6099999999999994,0
1061.472989,43,1698,0.6900000000000013,0
1061.574395,289,1849,0.9700000000000006,0
1061.675671,155,1748,0.15000000000000036,0
1061.776391,55,1718,0.9000000000000004,0
1061.877543,226,1787,1.0700000000000003,0
1061.978606,123,1751,1.2,0
1062.079595,127,1739,1.4400000000000002,0
1062.181378,122,1726,1.44,0
1062.281974,78,1705,0.6799999999999999,0
1062.383594,94,1715,0.5499999999999999,0
1062.485083,54,1692,0.7,0
1062.585831,49,1696,0.59,0
1062.687184,84,1701,0.6,0
1062.787985,66,1693,0.56,0
1062.889212,96,1705,0.36,0
1062.991059,83,1705,0.07999999999999996,0
1063.092015,89,1701,0.3900000000000001,0
1063.193423,79,1706,0.5600000000000005,0
1063.294755,103,1717,0.2400000000000002,0
1063.396225,68,1698,0.2599999999999998,0
1063.497223,119,1722,0.3899999999999997,0
1063.598586,33,1681,0.33000000000000007,0
1063.700282,31,1683,0.14999999999999947,0
1063.801082,96,1713,0.20000000000000018,0
1063.9022,77,1707,0.21999999999999975,0
1064.00367,50,1698,0.17999999999999972,0
1064.103985,51,1700,0.030000000000001137,0
1064.205225,83,1723,0.33000000000000007,0
1064.306219,123,1743,0.2900000000000009,0
1064.407407,16,1686,0.28000000000000114,0
1064.508819,9,1684,0.16999999999999993,0
1064.610334,94,1728,0.27000000000000046,0
1064.711559,124,1749,0.5900000000000007,0
1064.812393,86,1707,0.25,0
1064.91427,151,1741,0.5800000000000001,0
1065.014449,47,1705,0.1200000000000001,0
1065.115669,72,1705,0.34999999999999964,0
1065.217075,52,1699,0.2599999999999998,0
1065.318213,109,1719,0.05000000000000071,0
1065.4196,125,1725,0.16999999999999993,0
1065.520606,53,1694,0.1200000000000001,0
1065.622046,36,1688,0.16999999999999993,0
1065.723079,67,1699,0.019999999999999574,0
1065.824214,48,1688,0.1299999999999999,0
1065.925343,36,1681,0.08999999999999986,0
1066.026094,44,1692,0.2699999999999996,0
1066.12728,53,1697,0.25,0
1066.228799,72,1706,0.1900000000000004,0
1066.329606,79,1715,0.20000000000000018,0
1066.430412,83,1733,0.010000000000000675,0
1066.531552,84,1732,0.2599999999999998,0
1066.632454,61,1709,0.16000000000000014,0
1066.736022,79,1707,0.09999999999999964,0
1066.837153,151,1724,0.28999999999999915,0
1066.938441,66,1684,0.3800000000000008,0
1067.039593,80,1678,0.3000000000000007,0
1067.140282,186,1747,0.20000000000000107,0
1067.241315,122,1695,0.2599999999999998,0
1067.342776,161,1699,0.28000000000000114,0
1067.443647,65,1662,0.40999999999999925,0
1067.545147,128,1705,0.16000000000000014,0
1067.645545,136,1695,0.33999999999999986,0
1067.747113,124,1681,0.02999999999999936,0
1067.8478,117,1684,0.04999999999999982,0
1067.948995,190,1736,0.09999999999999876,0
1068.050087,87,1695,0.02999999999999936,0
1068.150885,75,1680,0.16999999999999993,0
1068.252422,167,1714,0.3899999999999997,0
1068.354115,142,1705,0.4200000000000008,0
1068.45518,128,1715,0.17999999999999972,0
1068.556034,134,1694,0.3899999999999988,0
1068.657134,152,1714,0.6900000000000004,0
1068.758572,166,1740,0.27999999999999936,0
1068.86,185,1741,0.3699999999999992,0
1068.961441,128,1714,0.2599999999999998,0
1069.062084,110,1704,0.25,0
1069.163126,210,1748,0.3699999999999992,0
1069.264325,140,1716,0.16000000000000014,0
1069.365347,202,1740,0.33999999999999986,0
1069.467041,99,1697,0.08999999999999986,0
1069.56779,181,1736,0.21999999999999886,0
1069.66881,125,1690,0.120000000000001,0
1069.770541,112,1674,0.2699999999999996,0
1069.871327,219,1734,0.09999999999999964,0
1069.972536,153,1661,0.11999999999999922,0
1070.073433,163,1718,0.0600000000000005,0
1070.174701,275,1780,0.0600000000000005,0
1070.2758,293,1798,0.3200000000000003,0
1070.376672,300,1823,0.16999999999999993,0
1070.477537,232,1761,0.1200000000000001,0
1070.579194,258,1795,0.23999999999999932,0
1070.679605,239,1778,0.08000000000000007,0
1070.781401,272,1795,0.3800000000000008,0
1070.88204,164,1724,0.8099999999999996,0
1070.983081,219,1742,0.7799999999999994,0
1071.084208,245,1770,0.6499999999999986,0
1071.186203,222,1724,0.9100000000000001,0
1071.286454,190,1735,0.6799999999999997,0
1071.388662,163,1713,0.5900000000000016,0
1071.489405,120,1710,0.7899999999999991,0
1071.590901,200,1779,0.29000000000000004,0
1071.692147,187,1768,0.35000000000000053,0
1071.793616,199,1758,0.17999999999999972,0
1071.8952,167,1743,0.41000000000000014,0
1071.996758,198,1751,0.5700000000000003,0
1072.097776,132,1745,0.4299999999999997,0
1072.198628,228,1787,0.25,0
1072.299781,156,1749,0.15000000000000036,0
1072.401283,159,1739,0.40000000000000036,0
1072.501977,156,1748,0.41999999999999993,0
1072.603199,201,1757,0.4399999999999995,0
1072.704258,82,1698,0.3600000000000012,0
1072.805346,150,1740,0.34999999999999964,0
1072.906646,138,1736,0.4399999999999995,0
1073.007432,170,1745,0.3800000000000008,0
1073.108338,142,1723,0.33000000000000007,0
1073.20938,177,1732,0.41999999999999993,0
1073.31062,83,1690,0.5800000000000001,0
1073.412433,151,1710,0.3899999999999988,0
1073.513334,142,1698,0.5,0
1073.614192,113,1695,0.47000000000000064,0
1073.715177,102,1710,0.5,0
1073.816457,71,1690,0.5800000000000001,0
1073.92044,135,1719,0.20999999999999908,0
1074.021599,158,1733,0.13999999999999968,0
1074.12277,75,1694,0.3200000000000003,0
1074.223609,73,1691,0.33000000000000007,0
1074.32742,173,1733,0.09000000000000075,0
1074.428232,79,1701,0.15000000000000036,0
1074.529266,80,1699,0.05999999999999961,0
1074.630472,171,1761,0.09000000000000075,0
1074.73134,76,1692,0.03000000000000025,0
1074.832342,106,1729,0.0600000000000005,0
1074.933535,81,1710,0.1299999999999999,0
1075.035184,92,1724,0.1200000000000001,0
1075.136067,87,1703,0.010000000000000675,0
1075.236818,134,1738,0.16999999999999993,0
1075.338295,119,1723,0.040000000000000036,0
1075.439435,53,1676,0.5200000000000005,0
1075.541066,187,1729,0.019999999999999574,0
1075.641751,183,1730,0.26,0
1075.743139,359,1775,0.050000000000000044,0
1075.844005,116,1703,0.09,0
1075.945227,43,1683,0.29999999999999993,0
1076.046545,72,1696,0.18999999999999995,0
1076.147591,158,1738,0.48999999999999977,0
1076.249042,52,1705,0.17000000000000037,0
1076.350173,69,1715,0.06000000000000005,0
1076.450988,99,1746,0.2400000000000002,0
1076.552036,66,1748,0.050000000000000044,0
1076.65286,75,1752,0.20000000000000007,0
1076.754566,101,1741,0.6699999999999999,0
1076.855129,90,1736,0.73,0
1076.956169,88,1756,0.54,0
1077.057509,137,1787,0.23,0
1077.158421,161,1795,0.4,0
1077.260223,127,1762,0.4,0
1077.361289,203,1775,0.56,0
1077.462293,151,1742,0.64,0
1077.564134,90,1747,0.44000000000000006,0
1077.66515,165,1819,0.18,0
1077.766394,207,1857,0.19999999999999998,0
1077.86758,117,1776,0.5,0
1077.968776,132,1785,0.43,0
1078.070555,110,1783,0.27,0
1078.171156,166,1815,0.16,0
1078.272236,166,1812,0.14,0
1078.374328,120,1781,0.25,0
1078.474653,104,1752,0.28,0
1078.576253,89,1721,0.03,0
1078.677242,151,1766,0.17,0
1078.778435,76,1710,0.01,0
1078.880364,223,1737,0.020000000000000004,0
1078.981418,79,1661,0.4,0
1079.082747,241,1710,0.37,0
1079.184016,122,1631,0.020000000000000018,0
1079.28498,219,1670,0.09999999999999998,0
1079.386582,201,1661,0.16,0
1079.48775,313,1703,0.14,0
1079.58909,330,1710,0.08000000000000002,0
1079.690005,384,1747,0.09,0
1079.791149,453,1785,0.0,0
1079.892274,230,1706,0.16999999999999998,0
1079.993581,227,1708,0.039999999999999994,0
1080.094644,432,1804,0.07999999999999999,1
1080.19625,287,1773,0.01999999999999999,0
1080.297429,203,1745,0.09,0
1080.399266,168,1746,0.08,0
1080.500361,85,1716,0.16,0
1080.601177,171,1766,0.01,0
1080.702151,92,1718,0.47,0
1080.803105,229,1790,0.08999999999999997,0
1080.904481,157,1742,0.06999999999999984,0
1081.005249,277,1765,0.6000000000000001,0
1081.10627,237,1730,1.1399999999999997,0
1081.207557,151,1671,0.41000000000000014,0
1081.308555,182,1673,0.2699999999999996,0
1081.409607,137,1660,0.5899999999999999,0
1081.510763,205,1705,0.5,0
1081.611829,171,1687,0.1999999999999993,0
1081.712629,106,1665,0.05999999999999872,0
1081.814376,278,1749,0.2599999999999998,0
1081.916029,211,1713,0.1999999999999993,0
1082.017311,164,1696,0.5700000000000003,0
1082.118399,172,1770,0.5499999999999989,0
1082.219335,191,1713,0.6899999999999995,0
1082.320639,128,1723,0.45999999999999996,0
1082.421659,189,1719,0.5500000000000003,0
1082.522766,270,1752,0.6000000000000001,0
1082.623789,149,1691,0.47,0
1082.727366,108,1698,0.29000000000000004,0
1082.828522,77,1674,0.26,0
1082.930219,71,1671,0.22,0
1083.031141,227,1738,0.15000000000000002,0
1083.135162,411,1753,0.009999999999999787,0
1083.236025,242,1671,0.11000000000000032,0
1083.337204,283,1714,0.08000000000000007,0
1083.438364,194,1702,0.1299999999999999,0
1083.539685,197,1708,0.3899999999999988,0
1083.640614,157,1699,0.009999999999999787,0
1083.741416,264,1745,0.049999999999998934,0
1083.842541,269,1740,0.23000000000000043,0
1083.943966,200,1724,0.010000000000000675,0
1084.045231,68,1676,0.2400000000000002,0
1084.145778,116,1704,0.3700000000000001,0
1084.247105,174,1742,0.33000000000000007,0
1084.348578,155,1754,0.6300000000000001,0
1084.450229,140,1736,0.19999999999999996,0
1084.550759,147,1744,0.44,0
1084.652308,173,1734,0.09,0
1084.753387,151,1736,0.17,0
1084.854297,90,1710,0.25,0
1084.956147,370,1811,0.37,0
1085.057037,311,1782,0.060000000000000005,0
1085.158148,190,1699,0.01,0
1085.259237,159,1693,0.040000000000000036,0
1085.360447,456,1821,0.06000000000000005,1
1085.462244,81,1664,0.5299999999999998,0
1085.563161,249,1756,0.13999999999999968,0
1085.663607,230,1751,0.009999999999999787,0
1085.764756,178,1745,0.33999999999999986,0
1085.866114,182,1759,0.24,0
1085.967564,130,1740,0.13999999999999996,0
1086.068446,180,1762,0.31999999999999995,0
1086.16939,161,1735,0.029999999999999805,0
1086.270684,120,1715,0.45999999999999996,0
1086.371548,164,1751,0.23000000000000043,0
1086.473254,162,1729,0.39999999999999947,0
1086.574375,138,1718,0.0600000000000005,0
1086.675563,131,1725,0.11000000000000032,0
1086.777092,85,1697,0.20000000000000018,0
1086.878384,55,1685,0.16000000000000014,0
1086.980013,103,1708,0.20999999999999996,0
1087.080782,171,1737,0.2400000000000002,0
1087.182062,100,1703,0.25,0
1087.283033,110,1718,0.29000000000000004,0
1087.384051,91,1707,0.33999999999999986,0
1087.485296,72,1697,0.5699999999999994,0
1087.587154,91,1696,0.4800000000000004,0
1087.688806,150,1721,0.7400000000000002,0
1087.789772,54,1676,0.44999999999999973,0
1087.890552,93,1693,0.41999999999999993,0
1087.992549,56,1677,0.5100000000000002,0
1088.093231,142,1722,0.7199999999999998,0
1088.194395,129,1722,0.6299999999999999,0
1088.295083,93,1711,0.1999999999999993,0
1088.396101,67,1698,0.03999999999999915,0
1088.497242,91,1710,0.040000000000000036,0
1088.598386,90,1703,0.3799999999999999,0
1088.700425,101,1719,0.40000000000000036,0
1088.801224,57,1699,0.009999999999999787,0
1088.902161,90,1710,0.10000000000000053,0
1089.004373,180,1762,0.5499999999999998,0
1089.10463,98,1716,0.40000000000000036,0
1089.206297,122,1732,0.34999999999999964,0
1089.307286,48,1688,0.2999999999999998,0
1089.408679,48,1687,0.1999999999999993,0
1089.50959,80,1700,0.2999999999999998,0
1089.610613,160,1739,0.20999999999999996,0
1089.71168,21,1670,0.040000000000000036,0
1089.813283,26,1669,0.19999999999999973,0
1089.914365,27,1671,0.009999999999999787,0
1090.015668,67,1702,0.17999999999999972,0
1090.116762,90,1699,0.10000000000000009,0
1090.218196,177,1740,0.31999999999999984,0
1090.319416,111,1707,0.020000000000000018,0
1090.420164,114,1719,0.1399999999999999,0
1090.521066,115,1733,0.16999999999999993,0
1090.622127,39,1679,0.08000000000000007,0
1090.725816,92,1701,0.18000000000000016,0
1090.826418,127,1723,0.24,0
1090.92756,169,1726,0.22999999999999998,0
1091.02838,59,1690,0.3400000000000001,0
1091.132181,129,1701,0.27,0
1091.233165,108,1710,0.030000000000000027,0
1091.334578,95,1702,0.08000000000000007,0
1091.43554,140,1737,0.2999999999999998,0
1091.539161,181,1749,0.3400000000000003,0
1091.640049,236,1765,0.10000000000000053,0
1091.740803,139,1742,0.1900000000000004,0
1091.84236,131,1714,0.07000000000000028,0
1091.942996,74,1707,0.3200000000000003,0
1092.044177,66,1691,0.1900000000000004,0
1092.145082,82,1698,0.23000000000000043,0
1092.24593,123,1720,0.03000000000000025,0
1092.347277,80,1694,0.009999999999999787,0
1092.448625,99,1711,0.27000000000000046,0
1092.549387,94,1706,0.10999999999999943,0
1092.650403,102,1711,0.0,0
1092.751371,152,1744,0.2400000000000002,0
1092.852345,85,1702,0.009999999999999787,0
1092.953832,87,1716,0.20000000000000018,0
1093.05461,126,1726,0.20000000000000018,0
1093.155745,65,1670,0.27999999999999936,0
1093.256773,106,1694,0.33999999999999986,0
1093.358189,67,1692,0.2999999999999998,0
1093.459406,100,1700,0.25,0
1093.560215,86,1691,0.009999999999999787,0
1093.661356,190,1743,0.25,0
1093.763052,137,1715,0.3500000000000001,0
1093.864217,224,1748,0.4900000000000002,0
1093.965129,44,1660,0.1499999999999999,0
1094.066318,74,1670,0.040000000000000036,0
1094.167202,99,1684,0.07000000000000028,0
1094.268543,174,1716,0.21999999999999975,0
1094.36956,57,1668,0.5800000000000001,0
1094.472683,109,1693,0.48,0
1094.574159,148,1702,0.0,0
1094.675306,132,1716,0.1,0
1094.776948,188,1725,0.24,0
1094.877867,193,1750,0.3400000000000003,0
1094.97954,127,1702,0.2400000000000002,0
1095.080765,99,1716,0.3200000000000003,0
1095.182441,176,1743,0.34999999999999964,0
1095.283255,227,1787,0.3200000000000003,0
1095.384605,257,1792,0.10999999999999988,0
1095.485647,190,1751,0.10000000000000009,0
1095.587164,211,1765,0.13000000000000012,0
1095.687887,199,1764,0.04000000000000001,0
1095.78912,180,1744,0.06999999999999995,0
1095.890042,195,1779,0.17999999999999994,0
1095.991481,220,1806,0.1399999999999999,0
1096.09303,244,1800,0.03000000000000025,0
1096.194399,197,1800,0.08999999999999986,0
1096.295342,159,1777,0.6299999999999999,0
1096.396372,194,1775,0.7000000000000002,0
1096.497525,81,1719,0.7699999999999996,0
1096.598901,80,1713,1.13,0
1096.700264,37,1678,0.6500000000000004,0
1096.801276,122,1725,0.33000000000000007,0
1096.902116,138,1742,0.7199999999999998,0
1097.003199,61,1679,0.9399999999999995,0
1097.104132,63,1686,0.8499999999999996,0
1097.205111,59,1701,0.39999999999999947,0
1097.306156,122,1736,0.4800000000000004,0
1097.407061,105,1704,0.6600000000000001,0
1097.508198,51,1694,0.5599999999999996,0
1097.609058,71,1707,0.5700000000000003,0
1097.71028,153,1748,0.7599999999999998,0
1097.811225,290,1785,0.6799999999999997,0
1097.912244,321,1798,0.75,0
1098.01332,177,1738,0.41999999999999993,0
1098.116791,86,1691,0.20000000000000107,0
1098.217561,43,1678,0.02000000000000135,0
1098.318811,70,1683,0.16999999999999993,0
1098.419706,207,1741,0.19000000000000128,0
1098.523382,328,1792,0.1999999999999993,0
1098.624354,209,1751,0.15000000000000036,0
1098.725439,142,1720,0.21000000000000085,0
1098.826601,169,1740,0.7299999999999986,0
1098.930928,98,1719,0.34999999999999964,0
1099.031954,118,1715,0.22000000000000064,0
1099.133208,137,1715,0.14000000000000057,0
1099.234004,146,1744,0.3099999999999987,0
1099.335786,176,1728,0.4900000000000002,0
1099.436943,47,1685,0.34999999999999964,0
1099.537881,121,1703,0.1999999999999993,0
1099.639254,329,1826,0.6600000000000001,0
1099.740326,102,1712,0.40000000000000036,0
1099.841771,211,1749,0.09999999999999964,0
1099.942568,236,1783,0.07000000000000028,0
1100.043335,124,1723,0.28999999999999915,0
1100.144648,129,1725,0.2699999999999996,0
1100.245166,61,1692,0.2400000000000002,0
1100.346654,39,1679,0.19000000000000128,0
1100.447948,110,1709,0.23000000000000043,0
1100.548761,110,1721,0.4400000000000013,0
1100.649336,55,1685,0.17999999999999972,0
1100.750557,143,1733,0.4599999999999991,0
1100.851615,123,1711,0.40000000000000036,0
1100.952792,120,1706,0.16000000000000014,0
1101.054098,126,1721,0.16000000000000014,0
1101.15462,130,1710,0.11999999999999922,0
1101.255737,104,1709,0.4399999999999995,0
1101.356718,115,1709,0.08000000000000007,0
1101.458225,218,1742,0.1999999999999993,0
1101.559844,240,1733,0.3800000000000008,0
1101.660563,63,1675,0.39000000000000057,0
1101.761425,108,1706,0.47999999999999865,0
1101.8624,126,1711,0.5399999999999991,0
1101.963834,160,1730,0.3100000000000005,0
1102.06475,56,1679,0.19000000000000128,0
1102.166042,145,1720,0.25,0
1102.26662,305,1807,0.33999999999999986,0
1102.367783,100,1695,0.129999999999999,0
1102.469198,135,1717,0.08000000000000007,0
1102.570136,90,1683,0.16000000000000014,0
1102.671153,48,1675,0.05000000000000071,0
1102.772167,76,1678,0.14000000000000057,0
1102.87334,132,1699,0.2400000000000002,0
1102.975312,115,1705,0.14000000000000057,0
1103.076201,95,1689,0.040000000000000924,0
1103.177413,129,1717,0.09000000000000163,0
1103.279115,229,1766,0.21999999999999886,0
1103.380619,87,1677,0.08999999999999986,0
1103.481592,126,1700,0.2600000000000007,0
1103.582433,173,1718,0.4300000000000006,0
1103.683792,124,1700,0.3699999999999992,0
1103.784579,89,1699,0.1800000000000006,0
1103.886167,211,1735,0.29000000000000004,0
1103.987783,104,1699,0.20000000000000018,0
1104.088626,101,1688,0.03000000000000025,0
1104.190369,149,1702,0.1299999999999999,0
1104.291334,129,1698,0.33000000000000007,0
1104.393209,201,1744,0.019999999999999574,0
1104.49373,98,1691,0.010000000000000675,0
1104.594832,104,1705,0.040000000000000036,0
1104.696099,174,1739,0.10999999999999943,0
1104.797292,122,1706,0.20999999999999996,0
1104.898565,182,1735,0.1900000000000004,0
1105.000204,152,1751,0.15000000000000036,0
1105.10089,126,1725,0.03000000000000025,0
1105.201905,163,1741,0.1899999999999995,0
1105.302699,111,1719,0.14999999999999947,0
1105.404015,210,1761,0.1900000000000004,0
1105.505172,241,1777,0.09999999999999964,0
1105.606747,186,1719,0.23000000000000043,0
1105.707942,140,1708,0.3899999999999997,0
1105.809402,195,1764,0.22999999999999954,0
1105.910175,221,1771,0.08999999999999986,0
1106.011456,200,1757,0.020000000000000462,0
1106.112443,212,1769,0.03000000000000025,0
1106.21405,169,1740,0.11000000000000032,0
1106.314563,164,1745,0.28999999999999915,0
1106.415728,197,1777,0.41000000000000014,0
1106.516528,189,1749,0.3600000000000003,0
1106.61776,217,1767,0.15000000000000036,0
1106.719304,203,1777,0.29000000000000004,0
1106.820204,244,1811,0.34999999999999964,0
1106.921315,299,1792,0.13999999999999968,0
1107.022968,240,1817,0.09999999999999964,0
1107.123378,195,1775,0.2699999999999996,0
1107.224629,189,1775,0.29000000000000004,0
1107.325578,145,1742,0.3200000000000003,0
1107.427166,191,1770,0.16999999999999993,0
1107.528067,154,1757,0.2599999999999998,0
1107.629101,169,1766,0.33000000000000007,0
1107.730084,145,1750,0.46999999999999975,0
1107.831329,142,1745,0.5999999999999996,0
1107.934669,108,1736,0.2599999999999998,0
1108.035776,161,1765,0.3199999999999994,0
1108.136815,159,1763,0.20999999999999996,0
1108.238292,82,1703,0.4500000000000002,0
1108.341564,136,1749,0.2799999999999998,0
1108.44265,174,1767,0.050000000000000266,0
1108.543645,133,1747,0.33000000000000007,0
1108.644737,82,1707,0.3900000000000001,0
1108.745707,119,1715,0.04999999999999982,0
1108.84678,168,1715,0.2999999999999998,0
1108.94824,179,1734,0.5800000000000001,0
1109.049216,153,1717,0.20999999999999996,0
1109.151052,122,1724,0.03000000000000025,0
1109.251618,130,1746,0.020000000000000462,0
1109.352738,100,1723,0.14000000000000012,0
1109.454157,123,1744,0.16999999999999993,0
1109.555061,285,1749,0.3700000000000001,0
1109.656781,149,1716,0.010000000000000009,0
1109.757434,283,1807,0.67,0
1109.85874,505,1849,0.37999999999999995,1
1109.959945,438,1852,0.71,1
1110.060787,350,1862,0.39999999999999997,0
1110.162094,178,1763,0.5,0
1110.262695,82,1707,0.3699999999999999,0
1110.363612,140,1724,0.16000000000000014,0
1110.464834,187,1746,0.40000000000000036,0
1110.566237,269,1814,0.08000000000000007,0
1110.66693,258,1776,0.7599999999999998,0
1110.76776,83,1729,0.5599999999999987,0
1110.868787,60,1698,0.28000000000000114,0
1110.970811,125,1734,0.28000000000000114,0
1111.071719,74,1719,0.3200000000000003,0
1111.173549,101,1729,1.0,0
1111.274913,49,1698,0.8999999999999986,0
1111.377414,71,1704,0.6500000000000004,0
1111.478253,60,1700,0.6999999999999993,0
1111.579271,159,1746,1.0999999999999996,0
1111.68035,36,1692,0.9299999999999997,0
1111.781364,205,1752,1.370000000000001,0
1111.883079,201,1767,1.120000000000001,0
1111.984622,74,1693,1.25,0
1112.085702,123,1728,1.08,0
1112.186868,55,1682,0.8099999999999987,0
1112.288307,223,1777,0.6900000000000004,0
1112.38971,167,1755,1.2199999999999998,0
1112.490731,217,1765,1.1600000000000001,0
1112.592273,148,1739,1.0899999999999999,0
1112.693444,155,1733,0.8200000000000003,0
1112.794453,142,1749,1.0300000000000002,0
1112.895726,173,1747,0.7699999999999996,0
1112.997458,226,1748,0.75,0
1113.09914,248,1768,0.79,0
1113.199609,363,1801,0.5599999999999996,0
1113.300747,183,1720,0.4900000000000002,0
1113.402677,143,1726,0.9199999999999999,0
1113.504053,105,1690,0.89,0
1113.604652,167,1733,0.99,0
1113.705674,86,1692,0.75,0
1113.807299,122,1702,0.44999999999999996,0
1113.908781,92,1696,0.4,0
1114.010093,208,1754,0.29000000000000004,0
1114.11114,210,1754,0.49,0
1114.212739,138,1721,0.26,0
1114.314536,72,1688,0.33000000000000007,0
1114.41544,58,1684,0.24,0
1114.516605,133,1700,0.26,0
1114.617843,195,1786,0.08000000000000007,0
1114.719112,156,1711,0.19999999999999973,0
1114.820764,168,1745,0.21999999999999997,0
1114.922099,103,1689,0.0900000000000003,0
1115.023051,153,1734,0.0,0
1115.124223,156,1713,0.20999999999999996,0
1115.225415,113,1715,0.010000000000000231,0
1115.327276,118,1716,0.04999999999999982,0
1115.428119,135,1720,0.39999999999999997,0
1115.531818,73,1688,0.04999999999999999,0
1115.633162,105,1709,1.05,0
1115.734525,265,1782,0.5999999999999996,0
1115.8363,382,1830,0.5700000000000003,0
1115.937052,97,1705,0.040000000000000036,0
1116.037829,146,1737,0.2200000000000002,0
1116.139052,149,1746,0.34999999999999964,0
1116.240057,152,1755,0.42000000000000015,0
1116.341736,79,1692,0.48,0
1116.44224,179,1727,0.43,0
1116.543386,98,1746,0.26,0
1116.644558,167,1781,0.64,0
1116.745599,239,1791,0.33999999999999997,0
1116.847118,108,1750,0.35000000000000003,0
1116.947618,138,1758,0.42,0
1117.049199,236,1805,0.51,0
1117.150046,182,1756,0.86,0
1117.251686,339,1855,1.09,0
1117.352148,68,1701,0.08999999999999986,0
1117.4534,226,1811,0.010000000000000009,0
1117.555205,299,1779,0.52,0
1117.656375,100,1717,0.5800000000000001,0
1117.757663,255,1763,0.45000000000000007,0
1117.859072,156,1725,0.49,0
1117.960319,208,1789,0.3,0
1118.061381,268,1753,0.7900000000000001,0
1118.162388,230,1722,0.7999999999999998,0
1118.263242,188,1714,0.46999999999999975,0
1118.364369,146,1708,0.29999999999999893,0
1118.466037,144,1738,0.09999999999999964,0
1118.566977,148,1736,0.13000000000000078,0
1118.667642,104,1719,0.13000000000000078,0
1118.768634,95,1696,0.3100000000000005,0
1118.870048,173,1746,0.3799999999999999,0
1118.971217,115,1712,0.9500000000000002,0
1119.072335,79,1704,0.5199999999999996,0
1119.173226,132,1712,0.5900000000000003,0
1119.274239,121,1705,0.6100000000000003,0
1119.3753,100,1720,0.8700000000000001,0
1119.476684,122,1731,0.5,0
1119.57783,66,1696,0.6200000000000001,0
1119.678582,96,1704,0.4500000000000002,0
1119.77987,88,1709,0.48,0
1119.881141,118,1719,0.44999999999999996,0
1119.982534,54,1689,0.6100000000000001,0
1120.083126,114,1725,0.58,0
1120.184831,81,1695,1.11,0
1120.286125,158,1760,0.29000000000000004,0
1120.387817,151,1730,0.1899999999999995,0
1120.488766,65,1700,0.25,0
1120.591327,145,1742,0.3799999999999999,0
1120.691655,86,1714,0.20999999999999996,0
1120.793123,86,1710,0.08000000000000007,0
1120.894135,85,1707,0.02999999999999936,0
1120.996168,119,1723,0.21999999999999975,0
1121.097455,144,1736,0.22999999999999954,0
1121.197874,58,1691,0.20999999999999996,0
1121.299133,61,1698,0.41999999999999993,0
1121.400223,82,1717,0.41000000000000014,0
1121.501343,101,1717,0.3700000000000001,0
1121.603179,123,1719,0.08999999999999986,0
1121.703373,81,1680,0.5099999999999998,0
1121.804582,73,1694,0.20999999999999996,0
1121.906386,80,1714,0.2599999999999998,0
1122.007211,73,1707,0.33000000000000007,0
1122.108345,111,1717,0.4499999999999993,0
1122.209789,88,1715,0.3799999999999999,0
1122.311685,103,1728,0.45999999999999996,0
1122.412804,83,1712,0.5,0
1122.514019,95,1708,0.5499999999999998,0
1122.615233,119,1736,0.8099999999999996,0
1122.716215,142,1742,0.7599999999999998,0
1122.818351,103,1718,0.20999999999999996,0
1122.919386,136,1741,0.8099999999999996,0
1123.020299,116,1726,0.5599999999999996,0
1123.121413,154,1753,0.5500000000000003,0
1123.222663,73,1707,0.30000000000000027,0
1123.323672,157,1753,0.5899999999999999,0
1123.425298,84,1704,0.16999999999999993,0
1123.529345,134,1727,0.41000000000000014,0
1123.630354,77,1698,0.08999999999999986,0
1123.731203,67,1700,0.1499999999999999,0
1123.832684,106,1725,0.27,0
1123.933442,178,1760,0.29000000000000004,0
1124.034627,21,1675,0.08000000000000007,0
1124.136242,49,1690,0.04999999999999982,0
1124.237525,43,1682,0.040000000000000036,0
1124.33836,70,1695,0.019999999999999574,0
1124.439333,43,1689,0.3099999999999996,0
1124.540412,133,1741,0.03000000000000025,0
1124.64154,78,1718,0.21999999999999975,0
1124.742568,84,1706,0.02999999999999936,0
1124.844032,72,1714,0.10000000000000053,0
1124.945132,76,1710,0.05999999999999961,0
1125.046115,47,1687,0.1299999999999999,0
1125.147255,34,1690,0.14999999999999947,0
1125.248443,138,1744,0.3600000000000003,0
1125.350244,69,1711,0.21999999999999975,0
1125.450661,44,1682,0.08000000000000007,0
1125.551955,137,1743,0.41000000000000014,0
1125.652944,149,1742,0.17999999999999972,0
1125.754016,56,1697,0.019999999999999574,0
1125.855352,49,1692,0.13999999999999968,0
1125.956233,138,1735,0.47999999999999954,0
1126.057352,132,1732,0.3999999999999999,0
1126.158414,82,1699,0.2400000000000002,0
1126.259409,64,1691,0.19999999999999973,0
1126.361245,106,1724,0.22999999999999998,0
1126.462244,53,1680,0.06000000000000005,0
1126.562796,56,1689,0.18000000000000016,0
1126.664156,163,1749,0.3500000000000001,0
1126.7652,87,1707,0.08000000000000007,0
1126.866618,75,1681,0.009999999999999787,0
1126.967317,122,1731,0.08000000000000007,0
1127.068561,107,1719,0.15000000000000036,0
1127.170138,62,1692,0.10000000000000053,0
1127.271243,86,1701,0.3700000000000001,0
1127.372176,85,1713,0.08000000000000007,0
1127.473531,88,1717,0.05999999999999961,0
1127.575441,132,1743,0.07000000000000028,0
1127.67677,58,1703,0.08000000000000007,0
1127.778835,75,1705,0.019999999999999574,0
1127.879605,106,1710,0.10000000000000053,0
1127.981438,77,1701,0.019999999999999574,0
1128.082636,69,1690,0.21999999999999975,0
1128.184058,113,1723,0.05000000000000071,0
1128.285371,115,1727,0.0699999999999994,0
1128.386601,123,1733,0.3099999999999996,0
1128.487889,49,1690,0.07000000000000028,0
1128.590017,67,1696,0.20000000000000018,0
1128.690617,117,1725,0.27000000000000046,0
1128.791972,75,1692,0.07000000000000028,0
1128.892758,141,1737,0.1299999999999999,0
1128.994653,145,1740,0.1800000000000006,0
1129.095837,79,1709,0.11000000000000032,0
1129.197106,60,1696,0.040000000000000036,0
1129.298401,90,1704,0.019999999999999574,0
1129.40038,140,1740,0.02999999999999936,0
1129.501122,208,1782,0.22999999999999954,0
1129.602682,153,1754,0.21999999999999975,0
1129.704038,131,1733,0.17999999999999972,0
1129.804889,147,1764,0.21999999999999975,0
1129.905951,186,1770,0.2400000000000002,0
1130.007197,124,1727,0.20999999999999996,0
1130.10852,109,1704,0.09999999999999964,0
1130.210383,150,1747,0.04999999999999982,0
1130.311008,125,1739,0.2599999999999998,0
1130.412389,129,1742,0.07000000000000028,0
1130.513539,185,1766,0.16000000000000014,0
1130.614595,169,1753,0.0,0
1130.718362,219,1794,0.2999999999999998,0
1130.819684,179,1734,0.04999999999999982,0
1130.921077,162,1706,0.019999999999999574,0
1131.021787,164,1735,0.0600000000000005,0
1131.125348,167,1737,0.05000000000000071,0
1131.226407,174,1765,0.20000000000000018,0
1131.328243,132,1744,0.07000000000000028,0
1131.428805,120,1725,0.28000000000000025,0
1131.532384,207,1779,0.1200000000000001,0
1131.633533,182,1773,0.0600000000000005,0
1131.734781,140,1734,0.09999999999999964,0
1131.836312,185,1781,0.020000000000000462,0
1131.939578,108,1713,0.13999999999999968,0
1132.040613,191,1780,0.2400000000000002,0
1132.141568,165,1758,0.009999999999999787,0
1132.242762,131,1727,0.16999999999999993,0
1132.344326,100,1715,0.15000000000000036,0
1132.444769,155,1743,0.1200000000000001,0
1132.545651,116,1717,0.08999999999999986,0
1132.647074,132,1737,0.1299999999999999,0
1132.748051,105,1719,0.20000000000000018,0
1132.849454,137,1736,0.05999999999999961,0
1132.950108,92,1709,0.3200000000000003,0
1133.05118,262,1783,0.0699999999999994,0
1133.152266,137,1731,0.14999999999999947,0
1133.253352,112,1724,0.3299999999999992,0
1133.354278,148,1724,0.03000000000000025,0
1133.455391,183,1731,0.16999999999999993,0
1133.55641,84,1694,0.4900000000000002,0
1133.657757,124,1736,0.1299999999999999,0
1133.759134,147,1746,0.17999999999999972,0
1133.860217,110,1718,0.009999999999999787,0
1133.961033,111,1720,0.3199999999999994,0
1134.062134,144,1747,0.05000000000000071,0
1134.163524,113,1734,0.21999999999999975,0
1134.264009,123,1742,0.0699999999999994,0
1134.365086,79,1706,0.34999999999999964,0
1134.466387,159,1752,0.08000000000000007,0
1134.567544,118,1706,0.22999999999999954,0
1134.669145,145,1753,0.08999999999999986,0
1134.770371,112,1716,0.1899999999999995,0
1134.87128,168,1776,0.04999999999999982,0
1134.972433,88,1721,0.08999999999999986,0
1135.074068,65,1693,0.25,0
1135.175125,133,1714,0.07000000000000028,0
1135.276228,144,1736,0.16999999999999993,0
1135.377336,126,1700,0.54,0
1135.479075,109,1730,0.3600000000000003,0
1135.580339,107,1692,0.5299999999999994,0
1135.681456,196,1762,0.29000000000000004,0
1135.782457,92,1696,0.6699999999999999,0
1135.884146,59,1682,0.5899999999999999,0
1135.984858,125,1722,0.33000000000000007,0
1136.086105,78,1695,0.5200000000000005,0
1136.186986,105,1696,0.40000000000000036,0
1136.288481,122,1726,0.4499999999999993,0
1136.390368,112,1715,0.39999999999999947,0
1136.491448,128,1716,0.3799999999999999,0
1136.592794,72,1693,0.46999999999999975,0
1136.693335,103,1711,0.4899999999999993,0
1136.794329,39,1674,0.34999999999999964,0
1136.895432,96,1704,0.08999999999999986,0
1136.997059,122,1725,0.08999999999999986,0
1137.098597,118,1733,0.08999999999999986,0
1137.199682,85,1705,0.1899999999999995,0
1137.300587,81,1688,0.33999999999999986,0
1137.401792,105,1728,0.03000000000000025,0
1137.502411,101,1733,0.019999999999999574,0
1137.604138,104,1701,0.2600000000000007,0
1137.704332,101,1715,0.03000000000000025,0
1137.805392,112,1737,0.04999999999999982,0
1137.906362,89,1693,0.11999999999999922,0
1138.007786,122,1737,0.08999999999999986,0
1138.109254,57,1699,0.1200000000000001,0
1138.210188,64,1684,0.23000000000000043,0
1138.311372,56,1684,0.1900000000000004,0
1138.412151,68,1692,0.2999999999999998,0
1138.516062,128,1726,0.2999999999999998,0
1138.61723,57,1682,0.41999999999999993,0
1138.718755,65,1689,0.41999999999999993,0
1138.819854,89,1702,0.4300000000000006,0
1138.921451,108,1714,0.4899999999999993,0
1139.022185,83,1699,0.47999999999999954,0
1139.123377,76,1691,0.20000000000000018,0
1139.224352,70,1683,0.08000000000000007,0
1139.328391,82,1712,0.20000000000000018,0
1139.429166,102,1723,0.1899999999999995,0
1139.529979,70,1695,0.17999999999999972,0
1139.631668,70,1694,0.04999999999999982,0
1139.732975,116,1724,0.16999999999999993,0
1139.834571,54,1696,0.09999999999999964,0
1139.935126,67,1683,0.019999999999999574,0
1140.036228,61,1702,0.16999999999999993,0
1140.136996,151,1747,0.3799999999999999,0
1140.237754,73,1685,0.05999999999999961,0
1140.339522,80,1701,0.1900000000000004,0
1140.440124,151,1758,0.28000000000000025,0
1140.541543,120,1715,0.020000000000000462,0
1140.642102,140,1755,0.2600000000000007,0
1140.743071,115,1703,0.03000000000000025,0
1140.844258,89,1702,0.05999999999999961,0
1140.945151,127,1726,0.09999999999999964,0
1141.046364,148,1746,0.040000000000000036,0
1141.147041,139,1737,0.41999999999999993,0
1141.248302,114,1707,0.1200000000000001,0
1141.349596,113,1692,0.04999999999999982,0
1141.450894,176,1725,0.45999999999999996,0
1141.552131,369,1784,0.8800000000000003,0
1141.652627,529,1827,0.050000000000000044,1
1141.754049,531,1851,0.13,1
1141.855339,431,1815,0.03999999999999998,1
1141.956317,486,1801,0.29000000000000004,1
1142.058249,366,1766,0.42,0
1142.15917,196,1746,0.43,0
1142.260242,245,1749,0.5,0
1142.36129,193,1730,0.93,0
1142.462413,120,1715,0.54,0
1142.563287,170,1756,0.59,0
1142.664528,101,1698,0.32,0
1142.766529,69,1670,0.14,0
1142.867532,236,1769,0.02,0
1142.969646,393,1836,0.35000000000000003,0
1143.07026,693,1913,1.02,1
1143.171785,323,1855,0.94,0
1143.27316,173,1787,0.7000000000000002,0
1143.374197,203,1768,0.5699999999999998,0
1143.47525,86,1729,0.6699999999999999,0
1143.575912,91,1731,0.0,0
1143.677303,127,1743,0.3600000000000003,0
1143.779332,203,1773,0.17999999999999972,0
1143.880664,93,1725,0.2999999999999998,0
1143.981412,120,1754,0.040000000000000036,0
1144.082319,63,1727,0.3799999999999999,0
1144.184223,71,1724,0.23000000000000043,0
1144.284562,98,1751,0.20999999999999996,0
1144.386285,81,1742,0.10000000000000053,0
1144.487335,70,1731,0.3100000000000005,0
1144.588181,70,1728,0.2999999999999998,0
1144.689417,155,1757,0.76,0
1144.791005,103,1762,0.47,0
1144.892242,119,1753,0.48,0
1144.993176,223,1795,0.37,0
1145.0942,330,1839,0.6,0
1145.195422,100,1705,0.2,0
1145.296444,122,1711,0.56,0
1145.398715,162,1738,0.43000000000000005,0
1145.499365,276,1789,0.21999999999999975,0
1145.600601,212,1723,0.8999999999999995,0
1145.702244,334,1811,0.120000000000001,0
1145.803113,282,1790,0.33999999999999986,0
1145.904575,206,1704,0.27999999999999936,0
1146.005787,233,1726,0.27999999999999936,0
1146.107122,187,1722,0.0600000000000005,0
1146.20853,174,1715,0.08000000000000007,0
1146.309598,189,1743,0.030000000000001137,0
1146.411129,145,1694,0.47999999999999865,0
1146.512122,176,1712,0.27999999999999936,0
1146.612961,145,1715,0.4399999999999995,0
1146.714101,259,1737,0.03999999999999915,0
1146.815399,373,1825,0.16000000000000014,0
1146.916049,264,1721,0.41999999999999993,0
1147.016828,211,1749,0.8799999999999999,0
1147.118085,167,1715,0.43000000000000005,0
1147.219065,179,1729,0.46,0
1147.323073,148,1710,0.20999999999999996,0
1147.424087,208,1741,0.48999999999999977,0
1147.525022,155,1732,0.21999999999999975,0
1147.626076,165,1756,0.23999999999999977,0
1147.730023,189,1741,0.07999999999999963,0
1147.830821,178,1741,0.029999999999999805,0
1147.931792,149,1738,0.25,0
1148.032548,101,1719,0.27,0
1148.136361,167,1763,0.10000000000000009,0
1148.237306,149,1734,0.06000000000000005,0
1148.338835,143,1740,0.06000000000000005,0
1148.439872,168,1764,0.16999999999999993,0
1148.541888,192,1744,0.020000000000000018,0
1148.642327,154,1726,0.03000000000000025,0
1148.743391,185,1758,0.18999999999999995,0
1148.844672,115,1721,0.040000000000000036,0
1148.946173,192,1751,0.0,0
1149.04757,164,1755,0.2100000000000004,0
1149.148242,182,1763,0.1299999999999999,0
1149.249438,169,1761,0.020000000000000018,0
1149.350871,161,1730,0.1200000000000001,0
1149.451776,108,1706,0.3200000000000003,0
1149.552814,203,1760,0.21999999999999975,0
1149.65358,145,1734,0.3799999999999999,0
1149.755043,147,1726,0.23999999999999977,0
1149.856198,189,1730,0.20999999999999996,0
1149.956973,169,1726,0.1200000000000001,0
1150.058429,310,1794,0.22999999999999998,0
1150.159564,414,1839,0.26,1
1150.260786,198,1739,0.02999999999999997,0
1150.362399,52,1621,0.33000000000000007,0
1150.462832,230,1697,0.08999999999999997,0
1150.564189,282,1737,0.26,0
1150.665087,242,1703,0.27,0
1150.766333,288,1721,0.010000000000000009,0
1150.868138,321,1743,0.26,0
1150.969584,184,1690,0.32,0
1151.070424,355,1774,0.26,0
1151.172203,352,1784,0.030000000000000027,0
1151.273338,391,1786,0.050000000000000044,0
1151.374144,322,1769,0.04999999999999982,0
1151.475334,183,1720,0.1200000000000001,0
1151.577024,331,1812,0.23999999999999977,0
1151.677457,133,1698,0.20999999999999996,0
1151.779045,183,1756,0.3799999999999999,0
1151.880296,215,1733,0.41999999999999993,0
1151.982138,122,1698,0.3599999999999999,0
1152.08241,132,1720,0.5800000000000001,0
1152.185085,94,1690,0.21999999999999975,0
1152.285541,159,1747,0.13999999999999968,0
1152.387683,241,1746,0.21999999999999975,0
1152.488441,154,1744,0.10000000000000009,0
1152.590214,134,1724,0.029999999999999805,0
1152.691222,131,1734,0.13000000000000034,0
1152.792649,132,1721,0.11999999999999966,0
1152.893533,161,1726,0.27000000000000046,0
1152.995411,127,1728,0.07000000000000028,0
1153.097119,91,1717,0.1200000000000001,0
1153.198329,181,1739,0.3200000000000003,0
1153.299391,117,1716,0.0600000000000005,0
1153.401388,103,1719,0.22000000000000064,0
1153.502128,74,1701,0.16999999999999993,0
1153.602993,51,1703,0.2400000000000002,0
1153.704234,169,1751,0.09999999999999964,0
1153.805283,97,1722,0.2599999999999998,0
1153.906365,80,1721,0.3100000000000005,0
1154.007662,88,1728,0.2599999999999998,0
1154.108663,60,1713,0.23000000000000043,0
1154.209637,160,1772,0.28000000000000025,0
1154.311114,116,1726,0.07000000000000028,0
1154.412134,58,1712,0.71,0
1154.513325,75,1730,0.41999999999999993,0
1154.614193,50,1720,0.20000000000000018,0
1154.715401,48,1707,0.04999999999999982,0
1154.816617,95,1728,0.16999999999999993,0
1154.918065,75,1721,0.009999999999999787,0
1155.01962,133,1753,0.3200000000000003,0
1155.120804,39,1692,0.04999999999999982,0
1155.221332,48,1696,0.22000000000000064,0
1155.322426,105,1717,0.29000000000000004,0
1155.424137,16,1677,0.02999999999999936,0
1155.525566,27,1685,0.07000000000000028,0
1155.626849,22,1677,0.09999999999999964,0
1155.727612,38,1690,0.1499999999999999,0
1155.830179,61,1698,0.16999999999999993,0
1155.931019,112,1720,0.23999999999999977,0
1156.032119,77,1696,0.040000000000000036,0
1156.133085,67,1685,0.050000000000000266,0
1156.234122,18,1673,0.020000000000000018,0
1156.335521,44,1676,0.03000000000000025,0
1156.436299,23,1672,0.10000000000000009,0
1156.537665,27,1673,0.11999999999999988,0
1156.638402,103,1717,0.26,0
1156.739357,146,1716,0.42999999999999994,0
1156.840633,26,1666,0.1399999999999999,0
1156.942176,36,1675,0.03000000000000025,0
1157.043177,37,1681,0.20000000000000018,0
1157.143674,99,1703,0.03000000000000025,0
1157.244803,114,1713,0.25,0
1157.346358,126,1724,0.1499999999999999,0
1157.447033,91,1705,0.2999999999999998,0
1157.548045,64,1694,0.08000000000000007,0
1157.649025,106,1711,0.29000000000000004,0
1157.750246,86,1704,0.1200000000000001,0
1157.851995,73,1698,0.18999999999999995,0
1157.953096,53,1686,0.06000000000000005,0
1158.054232,38,1676,0.09999999999999964,0
1158.155728,104,1709,0.16999999999999993,0
1158.256352,127,1708,0.3999999999999999,0
1158.357451,122,1720,0.33000000000000007,0
1158.459062,37,1669,0.19999999999999973,0
1158.559757,79,1675,0.10000000000000009,0
1158.661287,74,1689,0.4800000000000004,0
1158.762321,140,1726,0.41999999999999993,0
1158.863383,89,1699,0.20999999999999996,0
1158.965118,95,1694,0.0,0
1159.066392,78,1687,0.19999999999999973,0
1159.166949,103,1705,0.040000000000000036,0
1159.267806,93,1695,0.09999999999999964,0
1159.369395,81,1688,0.08999999999999986,0
1159.470275,139,1712,0.0,0
1159.571888,66,1688,0.16000000000000014,0
1159.672795,50,1670,0.05999999999999961,0
1159.773544,29,1669,0.040000000000000036,0
1159.874749,68,1693,0.009999999999999787,0
1159.975763,92,1706,0.07000000000000028,0
1160.07714,139,1745,0.040000000000000036,0
1160.178314,84,1704,0.009999999999999787,0
1160.279855,148,1744,0.05999999999999961,0
1160.380989,109,1707,0.14999999999999947,0
1160.482135,179,1769,0.17999999999999972,0
1160.583388,153,1733,0.040000000000000036,0
1160.684412,161,1751,0.2400000000000002,0
1160.786061,226,1783,0.27000000000000046,0
1160.886757,199,1771,0.4499999999999993,0
1160.988155,208,1773,0.14999999999999947,0
1161.08895,152,1729,0.14000000000000057,0
1161.190846,185,1774,0.14999999999999947,0
1161.291785,200,1787,0.02999999999999936,0
1161.392962,213,1771,0.1299999999999999,0
1161.494432,176,1770,0.14999999999999947,0
1161.59481,170,1738,0.21999999999999975,0
1161.696092,164,1736,0.11000000000000032,0
1161.797336,204,1786,0.14999999999999947,0
1161.898968,191,1777,0.05999999999999961,0
1161.99962,171,1744,0.22999999999999954,0
1162.101423,136,1718,0.019999999999999574,0
1162.201665,130,1738,0.4299999999999997,0
1162.303035,159,1761,0.25,0
1162.404623,129,1744,0.04999999999999982,0
1162.506019,111,1719,0.27999999999999936,0
1162.607233,188,1771,0.04999999999999982,0
1162.708545,69,1694,0.20000000000000018,0
1162.809162,172,1761,0.05999999999999961,0
1162.910105,103,1718,0.009999999999999787,0
1163.011352,208,1770,0.010000000000000231,0
1163.115228,118,1719,0.03000000000000025,0
1163.215787,136,1734,0.1299999999999999,0
1163.317207,129,1733,0.020000000000000018,0
1163.41833,136,1739,0.23999999999999977,0
1163.52219,152,1738,0.08999999999999986,0
1163.623355,183,1773,0.28000000000000025,0
1163.724412,114,1718,0.04999999999999982,0
1163.82545,109,1705,0.4099999999999997,0
1163.929277,118,1737,0.21999999999999975,0
1164.030221,108,1720,0.20999999999999996,0
1164.131402,139,1755,0.27000000000000046,0
1164.232456,126,1745,0.2599999999999998,0
1164.336397,133,1749,0.33000000000000007,0
1164.437337,126,1709,0.4500000000000002,0
1164.538549,168,1768,0.2999999999999998,0
1164.63942,118,1710,0.2400000000000002,0
1164.740619,111,1742,0.41000000000000014,0
1164.842455,156,1773,0.07000000000000028,0
1164.943279,114,1729,0.17999999999999972,0
1165.044604,179,1774,0.009999999999999787,0
1165.14501,67,1698,0.09000000000000075,0
1165.24612,126,1732,0.0699999999999994,0
1165.347083,162,1763,0.07000000000000028,0
1165.4483,129,1725,0.15000000000000036,0
1165.549851,114,1736,0.23000000000000043,0
1165.650559,115,1730,0.1299999999999999,0
1165.752253,95,1715,0.28000000000000025,0
1165.853262,68,1704,0.1299999999999999,0
1165.954311,136,1740,0.15000000000000036,0
1166.055409,79,1683,0.3699999999999992,0
1166.156207,170,1759,0.0,0
1166.257682,97,1699,0.3299999999999992,0
1166.358545,119,1740,0.08000000000000007,0
1166.46182,93,1697,0.16000000000000014,0
1166.563148,128,1740,0.17999999999999972,0
1166.664438,84,1712,0.040000000000000036,0
1166.765251,145,1734,0.10000000000000053,0
1166.866297,89,1690,0.20000000000000018,0
1166.967364,192,1755,0.05999999999999961,0
1167.069234,63,1679,0.10999999999999943,0
1167.1702,112,1702,0.020000000000000462,0
1167.271338,179,1717,0.009999999999999787,0
1167.372786,227,1723,0.1899999999999995,0
1167.473475,212,1738,0.08999999999999986,0
1167.574795,190,1711,0.11999999999999922,0
1167.675662,135,1705,0.0,0
1167.77719,119,1687,0.009999999999999787,0
1167.878635,160,1717,0.10999999999999943,0
1167.980241,168,1748,0.19000000000000128,0
1168.080573,118,1723,0.07000000000000028,0
1168.18181,248,1808,0.14000000000000057,0
1168.283044,210,1750,0.02000000000000135,0
1168.384556,169,1752,0.14000000000000057,0
1168.485551,140,1730,0.08999999999999986,0
1168.586413,125,1750,0.03999999999999915,0
1168.68745,191,1786,0.33000000000000007,0
1168.789582,116,1735,0.14000000000000057,0
1168.890547,132,1738,0.07000000000000028,0
1168.991443,102,1722,0.15000000000000036,0
1169.092426,195,1774,0.15000000000000036,0
1169.193673,103,1694,0.16999999999999993,0
1169.294681,206,1764,0.030000000000001137,0
1169.395765,101,1710,0.14000000000000057,0
1169.496723,167,1754,0.0600000000000005,0
1169.598249,90,1701,0.05999999999999872,0
1169.699196,159,1740,0.010000000000001563,0
1169.800026,87,1692,0.10999999999999943,0
1169.901603,171,1742,0.08000000000000007,0
1170.002581,89,1681,0.3100000000000005,0
1170.103551,203,1744,0.030000000000001137,0
1170.204522,133,1709,0.33999999999999986,0
1170.305722,85,1692,0.22000000000000064,0
1170.407203,193,1745,0.17999999999999972,0
1170.508154,199,1745,0.08999999999999986,0
1170.609213,98,1694,0.2699999999999996,0
1170.710426,145,1714,0.08999999999999986,0
1170.811217,178,1733,0.07000000000000028,0
1170.913153,59,1681,0.3699999999999992,0
1171.01339,55,1684,0.28000000000000114,0
1171.114681,199,1748,0.05000000000000071,0
1171.21607,110,1711,0.41000000000000014,0
1171.317112,63,1689,0.5899999999999999,0
1171.418755,193,1716,0.04999999999999982,0
1171.519849,286,1742,0.20999999999999996,0
1171.620663,320,1776,0.21999999999999975,0
1171.721759,231,1733,0.20000000000000018,0
1171.823137,136,1740,0.5,0
1171.925012,319,1770,0.08000000000000007,0
1172.02613,343,1800,0.31999999999999984,0
1172.127032,358,1767,0.22999999999999998,0
1172.228367,93,1712,0.010000000000000009,0
1172.332585,337,1846,0.1200000000000001,0
1172.434082,208,1817,0.55,0
1172.53731,100,1695,0.17000000000000004,0
1172.638287,38,1682,0.04999999999999999,0
1172.742137,146,1768,0.01999999999999999,0
1172.843229,93,1697,0.16,0
1172.943756,147,1749,0.15000000000000002,0
1173.045019,158,1739,0.09999999999999998,0
1173.146221,154,1738,0.2400000000000002,0
1173.247103,112,1719,0.040000000000000036,0
1173.349071,66,1696,0.2699999999999996,0
1173.449577,116,1733,0.09999999999999964,0
1173.551338,97,1721,0.20999999999999908,0
1173.651628,69,1703,0.1399999999999988,0
1173.753195,119,1727,0.05000000000000071,0
1173.854313,52,1687,0.11000000000000121,0
1173.955542,137,1732,0.16999999999999993,0
1174.057177,152,1740,0.20999999999999908,0
1174.157766,91,1717,0.16999999999999993,0
1174.258691,202,1770,0.2599999999999998,0
1174.360367,82,1692,0.08999999999999986,0
1174.461911,108,1702,0.09999999999999964,0
1174.562785,129,1724,0.28000000000000025,0
1174.66348,160,1722,0.21999999999999975,0
1174.765568,203,1755,0.3799999999999999,0
1174.86637,122,1693,0.3500000000000001,0
1174.968691,201,1750,0.48000000000000004,0
1175.069384,121,1698,0.26,0
1175.170537,113,1690,0.14,0
1175.27217,157,1724,0.33,0
1175.373064,92,1688,0.11,0
1175.474288,187,1741,0.31,0
1175.575038,142,1718,0.22,0
1175.676146,95,1697,0.16,0
1175.777569,184,1740,0.34,0
1175.879163,117,1716,0.07,0
1175.980228,219,1766,0.14,0
1176.081349,134,1703,0.14,0
1176.182611,178,1745,0.37,0
1176.283993,120,1720,0.58,0
1176.38553,123,1718,0.050000000000000266,0
1176.48617,43,1684,0.17000000000000037,0
1176.587749,128,1728,0.040000000000000036,0
1176.689754,223,1767,0.15000000000000036,0
1176.790654,141,1724,0.31000000000000005,0
1176.891613,59,1679,0.14999999999999947,0
1176.992682,100,1707,0.20999999999999996,0
1177.094021,67,1694,0.5300000000000002,0
1177.19616,139,1733,0.6400000000000001,0
1177.296666,67,1695,0.3699999999999992,0
1177.39782,153,1734,0.40000000000000036,0
1177.499115,124,1718,0.5100000000000002,0
1177.601148,90,1715,0.7600000000000002,0
1177.701979,118,1728,0.6200000000000006,0
1177.803314,107,1724,0.4500000000000002,0
1177.904382,122,1727,0.43000000000000016,0
1178.006001,157,1734,0.9,0
1178.106846,173,1729,0.7799999999999999,0
1178.208433,215,1754,0.18999999999999995,0
1178.309898,274,1780,0.7700000000000005,0
1178.410452,123,1695,0.7699999999999996,0
1178.512018,159,1729,0.5700000000000003,0
1178.61254,209,1749,0.31000000000000005,0
1178.714176,188,1737,0.13000000000000012,0
1178.814549,92,1688,0.24,0
1178.915772,174,1739,0.06000000000000005,0
1179.016759,153,1733,0.19,0
1179.117981,186,1747,0.28,0
1179.219313,107,1709,0.13,0
1179.320352,112,1726,0.32999999999999996,0
1179.421621,69,1703,0.2,0
1179.522349,195,1762,0.08000000000000007,0
1179.624303,92,1701,0.5100000000000002,0
1179.725067,106,1706,0.51,0
1179.82614,160,1718,0.17000000000000004,0
1179.92703,128,1704,0.16000000000000003,0
1180.028513,115,1711,0.16,0
1180.129407,137,1725,0.15000000000000002,0
1180.230381,133,1721,0.08000000000000002,0
1180.332151,58,1685,0.32999999999999996,0
1180.432599,272,1778,0.33999999999999997,0
1180.536211,163,1718,0.08000000000000007,0
1180.637169,204,1747,0.6599999999999999,0
1180.738426,63,1678,0.23,0
1180.842323,129,1736,0.04000000000000001,0
1180.943362,48,1691,0.10999999999999999,0
1181.044427,215,1757,0.4,0
1181.145652,125,1730,0.14000000000000012,0
1181.246613,327,1816,0.09999999999999998,0
1181.347696,150,1737,0.10999999999999999,0
1181.448834,87,1707,0.28,0
1181.550124,104,1730,0.05,0
1181.651159,102,1724,0.05,0
1181.751994,68,1699,0.43999999999999995,0
1181.853302,132,1725,0.2599999999999998,0
1181.955096,99,1716,0.41000000000000014,0
1182.055711,110,1724,0.25,0
1182.157393,67,1704,0.019999999999999574,0
1182.258694,112,1727,0.25,0
1182.360649,94,1717,0.2699999999999996,0
1182.461558,50,1694,0.14999999999999947,0
1182.563392,55,1702,0.03000000000000025,0
1182.664061,32,1689,0.0,0
1182.765141,61,1699,0.10000000000000053,0
1182.866296,30,1683,0.15000000000000036,0
1182.967787,22,1677,0.22999999999999954,0
1183.069205,38,1679,0.20999999999999996,0
1183.169766,58,1695,0.3100000000000005,0
1183.270858,51,1697,0.2699999999999996,0
1183.372217,46,1694,0.1200000000000001,0
1183.473171,142,1751,0.13999999999999968,0
1183.574645,99,1724,0.04999999999999982,0
1183.675151,36,1695,0.5299999999999994,0
1183.775989,61,1694,0.41000000000000014,0
1183.877248,67,1698,0.3700000000000001,0
1183.978765,112,1718,0.2599999999999998,0
1184.080797,84,1699,0.2799999999999998,0
1184.181696,103,1705,0.3700000000000001,0
1184.282451,92,1699,0.27,0
1184.384432,22,1675,0.29000000000000004,0
1184.485649,42,1689,0.09999999999999964,0
1184.5874,57,1699,0.15000000000000036,0
1184.688455,88,1714,0.25,0
1184.789557,100,1718,0.22999999999999998,0
1184.891315,106,1719,0.2599999999999998,0
1184.992409,82,1707,0.1200000000000001,0
1185.093709,55,1681,0.2400000000000002,0
1185.195378,45,1680,0.20999999999999996,0
1185.296678,62,1704,0.029999999999999805,0
1185.398319,60,1684,0.18999999999999995,0
1185.499136,107,1696,0.019999999999999574,0
1185.600365,63,1694,0.0,0
1185.701264,120,1732,0.10999999999999988,0
1185.802985,74,1697,0.0,0
1185.904123,140,1722,0.20000000000000018,0
1186.005091,111,1725,0.45999999999999996,0
1186.106205,142,1729,0.3699999999999999,0
1186.207073,47,1687,0.2799999999999998,0
1186.308821,66,1706,0.32000000000000006,0
1186.410156,95,1711,0.40000000000000013,0
1186.511407,108,1720,0.1299999999999999,0
1186.612698,96,1720,0.1399999999999999,0
1186.71403,60,1687,0.17999999999999994,0
1186.815101,57,1692,0.06000000000000005,0
1186.916255,40,1681,0.07999999999999985,0
1187.01752,298,1799,0.81,0
1187.118766,171,1757,0.7700000000000005,0
1187.220335,179,1770,0.6199999999999992,0
1187.321563,68,1708,0.27,0
1187.422776,65,1692,0.20000000000000018,0
1187.52383,60,1703,0.06999999999999984,0
1187.624954,125,1745,0.25,0
1187.728361,80,1694,0.10000000000000009,0
1187.82957,91,1713,0.020000000000000018,0
1187.930682,112,1729,0.1499999999999999,0
1188.031427,52,1686,0.14000000000000012,0
1188.135179,99,1727,0.08999999999999986,0
1188.236166,97,1726,0.06000000000000005,0
1188.33836,30,1682,0.16000000000000014,0
1188.439052,37,1690,0.06999999999999984,0
1188.540276,49,1686,0.010000000000000231,0
1188.640995,49,1696,0.029999999999999805,0
1188.742054,86,1704,0.11999999999999966,0
1188.843358,99,1701,0.009999999999999787,0
1188.945192,97,1716,0.22999999999999998,0
1189.045755,29,1675,0.1499999999999999,0
1189.146635,92,1715,0.10999999999999988,0
1189.247671,105,1724,0.010000000000000231,0
1189.349059,36,1686,0.2999999999999998,0
1189.450409,74,1703,0.23999999999999977,0
1189.551045,58,1694,0.2899999999999996,0
1189.651969,64,1697,0.22999999999999998,0
1189.753573,69,1698,0.10000000000000053,0
1189.854392,33,1684,0.040000000000000036,0
1189.955577,70,1711,0.2999999999999998,0
1190.057066,70,1709,0.010000000000000675,0
1190.157612,89,1710,0.03000000000000025,0
1190.258763,222,1763,0.21999999999999975,0
1190.360599,96,1701,0.08999999999999986,0
1190.461561,56,1689,0.27000000000000046,0
1190.562405,55,1701,0.0,0
1190.663457,26,1676,0.1200000000000001,0
1190.764366,67,1706,0.009999999999999787,0
1190.866088,173,1745,0.21999999999999975,0
1190.966806,177,1752,0.16999999999999993,0
1191.068204,112,1717,0.15000000000000036,0
1191.168779,22,1682,0.03000000000000025,0
1191.270233,20,1674,0.03000000000000025,0
1191.371341,45,1685,0.05999999999999961,0
1191.472576,45,1691,0.040000000000000036,0
1191.574097,45,1682,0.16999999999999993,0
1191.675576,14,1674,0.10999999999999988,0
1191.776315,70,1685,0.18999999999999995,0
1191.877395,77,1696,0.07000000000000028,0
1191.979808,173,1748,0.20999999999999996,0
1192.080839,86,1703,0.08000000000000007,0
1192.181958,65,1700,0.0699999999999994,0
1192.282848,130,1726,0.22999999999999954,0
1192.384578,90,1705,0.07000000000000028,0
1192.48581,74,1694,0.05999999999999961,0
1192.587406,84,1701,0.11999999999999922,0
1192.687823,49,1685,0.009999999999999787,0
1192.7891,34,1680,0.040000000000000036,0
1192.89019,31,1674,0.020000000000000462,0
1192.992199,44,1689,0.1200000000000001,0
1193.092581,127,1734,0.3700000000000001,0
1193.193758,88,1708,0.13999999999999968,0
1193.294835,49,1673,0.15999999999999925,0
1193.39617,68,1686,0.2699999999999996,0
1193.497213,96,1716,0.07000000000000028,0
1193.598218,61,1697,0.02999999999999936,0
1193.699303,199,1756,0.15000000000000036,0
1193.799918,195,1741,0.15000000000000036,0
1193.901364,42,1686,0.04999999999999982,0
1194.00319,52,1693,0.040000000000000036,0
1194.104065,51,1689,0.16999999999999993,0
1194.205147,108,1719,0.29000000000000004,0
1194.305806,141,1744,0.27000000000000046,0
1194.407345,105,1711,0.6000000000000005,0
1194.5088,90,1693,0.5899999999999999,0
1194.609586,62,1693,0.34999999999999964,0
1194.711165,58,1690,0.20999999999999996,0
1194.811592,58,1685,0.03000000000000025,0
1194.913009,73,1697,0.04999999999999982,0
1195.013654,95,1701,0.2900000000000009,0
1195.114792,110,1731,0.25,0
1195.215395,172,1741,0.22000000000000064,0
1195.316845,195,1779,0.1399999999999988,0
1195.417783,95,1717,0.4499999999999993,0
1195.521936,173,1750,0.41999999999999993,0
1195.62316,38,1691,0.34999999999999964,0
1195.724193,190,1736,0.3200000000000003,0
1195.825543,182,1766,0.08000000000000007,0
1195.926596,73,1697,0.03999999999999915,0
1196.027786,125,1732,0.16999999999999993,0
1196.129133,47,1684,0.15000000000000036,0
1196.22998,84,1705,0.08999999999999986,0
1196.334102,110,1718,0.1399999999999988,0
1196.43464,167,1762,0.05000000000000071,0
1196.536032,143,1760,0.2599999999999998,0
1196.6371,167,1765,0.3999999999999986,0
1196.738185,194,1767,0.40000000000000036,0
1196.839548,138,1729,0.129999999999999,0
1196.940399,164,1742,0.23000000000000043,0
1197.041367,243,1800,0.3100000000000005,0
1197.142771,187,1752,0.3200000000000003,0
1197.24381,185,1760,0.33000000000000007,0
1197.344987,177,1744,0.41999999999999993,0
1197.446312,223,1803,0.3200000000000003,0
1197.548074,339,1832,0.11999999999999922,0
1197.648617,239,1801,0.1999999999999993,0
1197.750234,225,1797,0.2599999999999998,0
1197.851077,218,1780,0.13000000000000078,0
1197.952276,187,1768,0.009999999999999787,0
1198.053301,154,1762,0.0,0
1198.154594,131,1741,0.16999999999999993,0
1198.255432,176,1788,0.049999999999998934,0
1198.356825,218,1801,0.049999999999998934,0
1198.458219,203,1785,0.019999999999999574,0
1198.559323,200,1788,0.010000000000001563,0
1198.660219,196,1779,0.2400000000000002,0
1198.761045,168,1753,0.34999999999999964,0
1198.862143,174,1744,0.39000000000000057,0
1198.963163,190,1750,0.5599999999999987,0
1199.063817,184,1779,0.3200000000000003,0
1199.164646,142,1754,0.17999999999999972,0
1199.266013,163,1771,0.3200000000000003,0
1199.366748,181,1743,0.1999999999999993,0
1199.468269,118,1707,0.35999999999999943,0
1199.569289,131,1731,0.39000000000000057,0
1199.670448,209,1791,0.009999999999999787,0
1199.771586,178,1771,0.11999999999999922,0
1199.87319,91,1719,0.16000000000000014,0
1199.97376,85,1708,0.34999999999999964,0
1200.075171,169,1752,0.22000000000000064,0
1200.176543,133,1689,0.5,0
1200.278154,166,1755,0.08999999999999986,0
1200.379374,104,1709,0.3199999999999985,0
1200.480422,93,1715,0.5099999999999998,0
1200.582073,221,1777,0.0600000000000005,0
1200.683155,87,1683,0.2599999999999998,0
1200.784242,159,1747,0.22999999999999865,0
1200.885243,144,1714,0.08999999999999986,0
1200.986849,229,1737,0.08000000000000007,0
1201.088477,91,1693,0.2699999999999996,0
1201.189076,183,1768,0.1200000000000001,0
1201.289762,195,1775,0.11000000000000032,0
1201.390748,200,1760,0.0,0
1201.492066,181,1782,0.020000000000000462,0
1201.593286,101,1712,0.03000000000000025,0
1201.694014,98,1731,0.2400000000000002,0
1201.7952,179,1748,0.08000000000000007,0
1201.896161,115,1709,0.009999999999999787,0
1201.998056,185,1747,0.03000000000000025,0
1202.098826,103,1709,0.27000000000000046,0
1202.200213,186,1733,0.11000000000000032,0
1202.301129,132,1701,0.22999999999999998,0
1202.40212,205,1730,0.25,0
1202.503154,192,1710,0.040000000000000036,0
1202.604661,202,1738,0.10999999999999988,0
1202.705412,105,1713,0.45999999999999996,0
1202.806751,101,1718,0.04999999999999982,0
1202.907621,52,1692,0.13999999999999968,0
1203.008814,150,1740,0.05999999999999961,0
1203.110412,161,1752,0.1200000000000001,0
1203.211432,62,1692,0.05000000000000071,0
1203.312342,211,1781,0.6499999999999995,0
1203.414314,72,1706,0.3099999999999987,0
1203.514663,72,1714,0.040000000000000924,0
1203.616104,96,1723,0.21000000000000085,0
1203.719339,153,1736,0.009999999999999787,0
1203.821002,78,1710,0.05999999999999961,0
1203.922204,112,1721,0.0600000000000005,0
1204.022764,80,1699,0.10000000000000053,0
1204.126609,124,1726,0.2599999999999998,0
1204.22789,50,1679,0.20999999999999996,0
1204.331251,58,1665,0.17000000000000037,0
1204.432611,149,1724,0.43000000000000016,0
1204.533675,129,1719,0.56,0
1204.634564,80,1701,0.05999999999999983,0
1204.735773,72,1698,0.07999999999999996,0
1204.839579,145,1728,0.41000000000000003,0
1204.940937,79,1696,0.1,0
1205.042181,132,1710,0.27,0
1205.143394,154,1746,0.16,0
1205.244794,201,1775,0.03,0
1205.345846,124,1729,0.16,0
1205.446584,125,1715,0.04,0
1205.547764,260,1810,0.36,0
1205.648766,212,1753,0.45999999999999996,0
1205.75036,90,1723,0.39999999999999947,0
1205.851377,107,1745,0.5300000000000002,0
1205.952187,58,1706,0.13000000000000078,0
1206.053382,148,1753,0.09000000000000075,0
1206.154786,53,1689,0.54,0
1206.255418,51,1703,0.5799999999999992,0
1206.356668,108,1733,0.45999999999999996,0
1206.457688,42,1697,0.8099999999999996,0
1206.559316,43,1688,0.7300000000000004,0
1206.661006,92,1726,0.4400000000000004,0
1206.761404,113,1739,0.6399999999999997,0
1206.862654,122,1747,0.6799999999999997,0
1206.963785,155,1762,0.1599999999999997,0
1207.065119,82,1727,0.5,0
1207.166176,98,1713,0.5800000000000001,0
1207.26711,29,1679,0.7200000000000001,0
1207.368791,124,1720,0.8800000000000001,0
1207.469587,99,1691,0.75,0
1207.57117,86,1691,0.66,0
1207.671823,121,1714,0.43999999999999995,0
1207.77317,92,1701,0.5900000000000003,0
1207.874292,83,1696,0.7799999999999998,0
1207.975349,78,1700,0.56,0
1208.077184,97,1706,0.5300000000000002,0
1208.178172,70,1689,0.5,0
1208.279287,76,1686,0.07000000000000028,0
1208.38076,63,1687,0.1800000000000006,0
1208.482146,131,1740,0.17999999999999972,0
1208.583364,141,1744,0.11999999999999922,0
1208.684445,50,1685,0.0699999999999994,0
1208.785519,108,1708,0.08999999999999986,0
1208.887238,98,1722,0.02999999999999936,0
1208.987537,63,1702,0.009999999999999787,0
1209.088648,113,1724,0.08999999999999986,0
1209.189607,73,1718,0.1200000000000001,0
1209.291096,106,1708,0.3100000000000005,0
1209.392591,111,1727,0.28000000000000025,0
1209.493608,68,1690,0.040000000000000036,0
1209.595626,150,1745,0.4900000000000002,0
1209.696399,78,1711,0.23999999999999977,0
1209.797546,33,1683,0.040000000000000036,0
1209.899243,15,1676,0.10000000000000053,0
1210.000232,49,1699,0.05999999999999961,0
1210.101673,30,1682,0.16000000000000014,0
1210.202664,91,1718,0.10999999999999943,0
1210.303762,47,1698,0.26000000000000023,0
1210.405134,84,1718,0.11000000000000032,0
1210.506199,70,1704,0.21999999999999975,0
1210.607679,78,1693,0.04999999999999982,0
1210.708822,175,1750,0.56,0
1210.81026,132,1736,0.5,0
1210.911271,92,1689,0.3200000000000003,0
1211.01237,132,1730,0.3600000000000001,0
1211.113681,141,1728,0.15999999999999992,0
1211.214575,72,1699,0.11999999999999988,0
1211.31556,74,1695,0.15000000000000013,0
1211.417192,146,1738,0.14000000000000012,0
1211.521073,93,1716,0.20000000000000018,0
1211.622147,71,1716,0.22999999999999998,0
1211.723173,69,1707,0.040000000000000036,0
1211.824364,91,1700,0.18000000000000016,0
1211.927845,124,1716,0.1200000000000001,0
1212.029136,116,1720,0.1299999999999999,0
1212.129803,123,1709,0.08000000000000007,0
1212.231145,133,1714,0.040000000000000036,0
1212.335097,161,1716,0.3500000000000001,0
1212.435647,135,1721,0.3799999999999999,0
1212.536756,131,1727,0.27,0
1212.638128,129,1710,0.2400000000000002,0
1212.742052,86,1698,0.2200000000000002,0
1212.843167,86,1708,0.08000000000000007,0
1212.944126,67,1702,0.25,0
1213.045126,98,1724,0.3400000000000003,0
1213.14686,96,1725,0.08000000000000007,0
1213.247444,115,1729,0.47000000000000064,0
1213.348657,136,1730,0.05999999999999961,0
1213.450184,89,1718,0.14999999999999947,0
1213.551809,130,1732,0.11000000000000032,0
1213.652404,145,1728,0.13999999999999968,0
1213.75359,116,1709,0.07000000000000028,0
1213.85431,75,1694,0.20000000000000018,0
1213.95606,159,1716,0.34999999999999964,0
1214.056788,164,1707,0.3500000000000001,0
1214.157622,198,1742,0.5499999999999998,0
1214.258821,157,1722,0.5,0
1214.360541,135,1715,0.33000000000000007,0
1214.461208,149,1717,0.08999999999999986,0
1214.562549,128,1736,0.19999999999999973,0
1214.663678,128,1717,0.5700000000000003,0
1214.764801,177,1763,0.3899999999999997,0
1214.86639,151,1756,0.05999999999999961,0
1214.967322,218,1789,0.22999999999999954,0
1215.068451,156,1747,0.26000000000000156,0
1215.169536,181,1758,0.02999999999999936,0
1215.270601,192,1767,0.03999999999999915,0
1215.372222,209,1804,0.009999999999999787,0
1215.473027,175,1750,0.16000000000000014,0
1215.573919,175,1756,0.08999999999999986,0
1215.675152,177,1789,0.2699999999999996,0
1215.776264,157,1759,0.16999999999999993,0
1215.877135,162,1759,0.34999999999999964,0
1215.978538,171,1769,0.2400000000000002,0
1216.079798,88,1727,0.4499999999999993,0
1216.180667,341,1790,0.8599999999999994,0
1216.282327,405,1858,0.6699999999999999,1
1216.383397,209,1757,0.75,0
1216.485083,218,1761,0.33999999999999986,0
1216.585906,491,1944,0.3700000000000001,1
1216.687406,602,1949,1.43,1
1216.78782,534,1937,0.7099999999999997,1
1216.888987,224,1865,1.0699999999999998,0
1216.989669,344,1944,2.14,0
1217.090652,398,1911,3.1,0
1217.192388,101,1783,2.4899999999999998,0
1217.293378,294,1852,0.18999999999999995,0
1217.394663,76,1729,0.14000000000000012,0
1217.496126,382,1880,0.6600000000000001,0
1217.596775,574,1950,1.5,1
1217.698097,457,1903,1.2599999999999998,1
1217.799116,293,1814,0.8800000000000008,0
1217.9006,80,1712,0.3999999999999986,0
1218.002273,124,1727,0.019999999999999574,0
1218.102803,24,1676,0.019999999999999574,0
1218.204819,51,1698,0.0,0
1218.305791,51,1699,0.10000000000000142,0
1218.407203,316,1836,0.39000000000000057,0
1218.508121,403,1888,0.4400000000000013,1
1218.609074,264,1808,0.5800000000000001,0
1218.710205,143,1715,0.08999999999999986,0
1218.811527,75,1714,0.21999999999999886,0
1218.912227,189,1801,0.02999999999999936,0
1219.0131,148,1753,0.25,0
1219.113955,69,1698,0.08000000000000007,0
1219.215401,157,1722,0.019999999999999574,0
1219.317125,176,1738,0.15000000000000036,0
1219.417852,112,1700,0.4200000000000017,0
1219.519367,129,1718,0.33999999999999986,0
1219.620538,120,1710,0.19000000000000128,0
1219.722185,128,1713,0.1899999999999995,0
1219.823053,182,1720,0.10999999999999943,0
1219.924658,311,1778,0.7999999999999998,0
1220.025692,165,1713,0.1800000000000006,0
1220.128896,145,1706,0.2999999999999998,0
1220.230093,77,1674,0.33999999999999986,0
1220.334128,172,1725,0.57,0
1220.435192,117,1682,0.21999999999999997,0
1220.53627,288,1780,0.5800000000000001,0
1220.637643,138,1702,0.09,0
1220.738764,208,1735,0.32,0
1220.840218,197,1734,0.27999999999999997,0
1220.941174,143,1729,0.04999999999999999,0
1221.042063,146,1729,0.020000000000000018,0
1221.143084,188,1754,0.009999999999999787,0
1221.244074,55,1700,0.1299999999999999,0
1221.34543,209,1779,0.04999999999999982,0
1221.44657,125,1722,0.4900000000000002,0
1221.547771,199,1793,0.18999999999999995,0
1221.649089,126,1766,0.050000000000000266,0
1221.749704,169,1747,0.18000000000000016,0
1221.851028,210,1790,0.41,0
1221.952275,152,1747,0.020000000000000018,0
1222.053274,219,1777,0.5,0
1222.154593,174,1727,0.48,0
1222.255376,174,1706,0.43999999999999995,0
1222.356308,108,1673,0.54,0
1222.457787,142,1690,0.17999999999999994,0
1222.558661,145,1679,0.21999999999999997,0
1222.65984,132,1683,0.16999999999999993,0
1222.760695,129,1679,0.16999999999999993,0
1222.861759,165,1695,0.08000000000000007,0
1222.963213,271,1729,0.29000000000000004,0
1223.064232,179,1712,0.020000000000000018,0
1223.165655,237,1736,0.20999999999999996,0
1223.26639,198,1695,0.0,0
1223.367641,185,1719,0.05999999999999961,0
1223.468707,161,1701,0.20000000000000018,0
1223.57054,166,1700,0.08000000000000007,0
1223.671447,93,1692,0.10999999999999988,0
1223.772447,210,1751,0.40000000000000013,0
1223.874243,148,1732,0.05999999999999994,0
1223.974752,232,1732,0.10999999999999999,0
1224.075842,125,1706,0.030000000000000027,0
1224.177167,112,1697,0.33,0
1224.277756,120,1724,0.12,0
1224.379301,146,1737,0.42000000000000004,0
1224.480968,163,1707,0.22,0
1224.58215,227,1732,0.21,0
1224.683551,171,1724,0.02,0
1224.785648,92,1688,0.2,0
1224.886562,94,1712,0.34,0
1224.988174,204,1759,0.22000000000000003,0
1225.089406,150,1730,0.09999999999999987,0
1225.190327,162,1749,0.5499999999999998,0
1225.291331,66,1705,0.2200000000000002,0
1225.392763,95,1716,0.3900000000000001,0
1225.493844,75,1705,0.2799999999999998,0
1225.595019,101,1734,0.23999999999999977,0
1225.696074,61,1706,0.2999999999999998,0
1225.797081,78,1719,0.020000000000000018,0
1225.898391,145,1730,0.23999999999999977,0
1225.999322,130,1720,0.33000000000000007,0
1226.100799,100,1715,0.08000000000000007,0
1226.201757,91,1706,0.3099999999999996,0
1226.303037,86,1714,0.13999999999999968,0
1226.404528,30,1690,0.08000000000000007,0
1226.505814,60,1702,0.020000000000000462,0
1226.607229,113,1737,0.07000000000000028,0
1226.707981,169,1768,0.11000000000000032,0
1226.808792,86,1712,0.0699999999999994,0
1226.909937,99,1721,0.2599999999999998,0
1227.011231,94,1726,0.15000000000000036,0
1227.112163,49,1694,0.05999999999999961,0
1227.213247,60,1699,0.20000000000000018,0
1227.314415,94,1724,0.41000000000000014,0
1227.416347,29,1682,0.1299999999999999,0
1227.517315,56,1689,0.2400000000000002,0
1227.618687,75,1714,0.2900000000000005,0
1227.719815,98,1717,0.3200000000000003,0
1227.821362,109,1729,0.18000000000000016,0
1227.922312,98,1710,0.30000000000000027,0
1228.023629,75,1697,0.29000000000000004,0
1228.125205,117,1729,0.49,0
1228.226119,122,1732,0.44999999999999996,0
1228.329566,44,1689,0.15999999999999992,0
1228.430529,43,1701,0.040000000000000036,0
1228.531457,49,1701,0.2400000000000002,0
1228.632802,53,1699,0.11000000000000032,0
1228.736417,128,1731,0.20999999999999996,0
1228.837762,120,1739,0.14000000000000012,0
1228.938443,81,1706,0.010000000000000231,0
1229.039766,71,1710,0.1499999999999999,0
1229.141386,156,1745,0.22999999999999998,0
1229.24208,66,1702,0.029999999999999805,0
1229.3434,46,1692,0.2400000000000002,0
1229.444293,35,1686,0.2200000000000002,0
1229.545684,72,1688,0.31000000000000005,0
1229.64653,119,1733,0.3200000000000003,0
1229.747623,113,1724,0.010000000000000675,0
1229.849151,65,1720,0.16000000000000014,0
1229.950117,50,1705,0.10999999999999943,0
1230.051137,77,1714,0.05999999999999961,0
1230.152138,101,1728,0.23999999999999932,0
1230.253192,81,1720,0.16999999999999993,0
1230.354711,62,1713,0.1200000000000001,0
1230.455719,31,1697,0.08000000000000007,0
1230.557156,74,1719,0.33000000000000007,0
1230.657999,43,1700,0.1299999999999999,0
1230.760192,131,1733,0.09999999999999964,0
1230.860844,66,1705,0.08000000000000007,0
1230.962249,66,1723,0.20999999999999996,0
1231.063068,158,1757,0.23999999999999932,0
1231.164007,59,1711,0.06999999999999851,0
1231.265082,160,1767,0.20999999999999996,0
1231.366265,107,1720,0.1999999999999993,0
1231.467552,207,1777,0.46000000000000085,0
1231.568565,171,1773,0.07000000000000028,0
1231.6696,176,1751,0.0600000000000005,0
1231.770347,160,1764,0.03000000000000025,0
1231.87165,154,1756,0.0600000000000005,0
1231.972562,147,1728,0.040000000000000036,0
1232.07382,158,1749,0.1899999999999995,0
1232.174431,226,1798,0.29000000000000004,0
1232.275919,219,1792,0.43999999999999995,0
1232.377231,224,1788,0.22999999999999998,0
1232.479087,219,1783,0.2799999999999998,0
1232.579401,233,1798,0.17999999999999972,0
1232.680794,258,1831,0.07999999999999963,0
1232.781626,284,1851,0.16999999999999993,0
1232.883285,174,1771,0.20999999999999996,0
1232.984228,102,1734,0.040000000000000036,0
1233.085579,88,1716,0.54,0
1233.187294,204,1733,0.5699999999999998,0
1233.289223,350,1789,0.5700000000000003,0
1233.38982,346,1830,1.0699999999999994,0
1233.490768,290,1779,0.9399999999999995,0
1233.592019,107,1702,0.5899999999999999,0
1233.693125,110,1715,0.2699999999999996,0
1233.794289,115,1718,0.2400000000000002,0
1233.895561,139,1723,0.07000000000000028,0
1233.997289,171,1741,0.0,0
1234.098053,276,1774,0.46999999999999975,0
1234.199581,460,1878,0.5400000000000003,1
1234.30127,256,1762,0.20999999999999996,0
1234.402326,128,1724,0.31999999999999995,0
1234.503382,349,1858,0.23,0
1234.60439,288,1821,0.2,0
1234.705833,40,1711,0.010000000000000009,0
1234.806785,134,1765,0.30000000000000004,0
1234.90764,138,1754,0.15,0
1235.009085,66,1707,0.01,0
1235.109749,79,1724,0.35,0
1235.211246,40,1693,0.38,0
1235.312055,84,1716,0.36,0
1235.413352,96,1721,0.13,0
1235.514736,153,1741,0.15,0
1235.615566,151,1748,0.42,0
1235.717134,209,1799,0.26,0
1235.817269,166,1740,0.22,0
1235.918397,125,1714,0.28,0
1236.020519,134,1726,0.25,0
1236.121429,170,1730,0.06,0
1236.222396,298,1776,0.16,0
1236.323882,287,1801,0.08,0
1236.424852,246,1757,0.13,0
1236.528382,206,1746,0.38,0
1236.629384,240,1753,0.26,0
1236.73028,259,1766,0.9,0
1236.831381,139,1716,0.010000000000000009,0
1236.935103,185,1749,0.49,0
1237.036018,207,1747,0.48,0
1237.13711,110,1695,0.20000000000000018,0
1237.238558,30,1673,0.2200000000000002,0
1237.340363,155,1745,0.4500000000000002,0
1237.44104,76,1697,0.3099999999999996,0
1237.542338,177,1723,0.7000000000000002,0
1237.643317,363,1774,0.6800000000000006,0
1237.745028,146,1741,0.13999999999999968,0
1237.84553,213,1763,0.040000000000000036,0
1237.94711,136,1728,0.27,0
1238.047843,181,1768,0.14000000000000012,0
1238.148782,232,1795,0.3999999999999999,0
1238.25025,427,1857,0.4400000000000004,1
1238.351238,471,1860,0.20999999999999996,1
1238.452532,461,1898,0.6599999999999993,1
1238.55395,258,1817,0.8399999999999999,0
1238.654691,135,1755,0.8100000000000005,0
1238.755978,94,1737,0.09999999999999964,0
1238.856901,54,1727,0.5,0
1238.958545,57,1720,0.3199999999999985,0
1239.059976,67,1741,0.6099999999999994,0
1239.161446,50,1734,0.75,0
1239.262203,59,1727,0.8800000000000008,0
1239.363595,75,1735,0.9299999999999997,0
1239.464555,41,1722,0.9900000000000002,0
1239.566304,63,1727,0.9800000000000004,0
1239.667074,71,1707,1.1199999999999992,0
1239.768631,128,1736,1.3200000000000003,0
1239.869751,89,1717,0.9100000000000001,0
1239.971084,224,1781,0.11000000000000032,0
1240.072114,336,1803,1.67,0
1240.173112,61,1692,1.49,0
1240.274369,120,1713,1.05,0
1240.375322,259,1751,1.0099999999999998,0
1240.47661,150,1706,0.8300000000000001,0
1240.578196,167,1723,1.0600000000000005,0
1240.679277,166,1723,0.06999999999999984,0
1240.77996,75,1708,0.3700000000000001,0
1240.881185,79,1718,0.16999999999999993,0
1240.982446,204,1785,0.1299999999999999,0
1241.08354,21,1679,0.05000000000000071,0
1241.184528,94,1713,0.1399999999999988,0
1241.285639,105,1718,0.02999999999999936,0
1241.386731,135,1716,0.40999999999999837,0
1241.487939,66,1688,0.33999999999999986,0
1241.589325,151,1725,0.4299999999999997,0
1241.690346,111,1708,0.3600000000000003,0
1241.791359,102,1696,0.08000000000000007,0
1241.893232,162,1713,0.7000000000000002,0
1241.994418,232,1706,1.01,0
1242.096273,163,1679,0.69,0
1242.197636,184,1729,0.47,0
1242.29877,135,1693,0.6100000000000001,0
1242.401075,193,1728,0.4099999999999999,0
1242.501729,253,1762,0.18000000000000016,0
1242.602805,130,1713,0.06000000000000005,0
1242.703785,122,1713,0.009999999999999787,0
1242.805242,102,1714,0.040000000000000036,0
1242.906217,133,1736,0.040000000000000036,0
1243.007528,139,1724,0.020000000000000462,0
1243.108828,100,1718,0.2699999999999996,0
1243.209798,118,1718,0.3799999999999999,0
1243.311351,202,1761,0.20000000000000018,0
1243.412248,292,1791,0.020000000000000018,0
1243.513553,179,1733,0.3999999999999999,0
1243.614879,189,1722,0.33999999999999997,0
1243.71608,239,1768,0.28,0
1243.817138,148,1722,0.38,0
1243.918805,257,1758,0.43,0
1244.01938,166,1724,0.33999999999999997,0
1244.121022,220,1756,0.24,0
1244.221526,154,1733,0.25,0
1244.322605,124,1712,0.04,0
1244.423747,242,1761,0.16,0
1244.524772,77,1699,0.13,0
1244.626249,183,1745,0.1299999999999999,0
1244.727263,126,1721,0.22999999999999998,0
1244.82859,115,1727,0.17999999999999972,0
1244.932291,83,1705,0.13000000000000078,0
1245.033565,119,1720,0.16999999999999993,0
1245.134927,132,1734,0.0699999999999994,0
1245.235857,144,1708,0.3600000000000003,0
1245.337299,148,1757,0.3700000000000001,0
1245.438186,71,1703,0.2599999999999998,0
1245.539573,151,1735,0.3200000000000003,0
1245.640756,128,1727,0.16999999999999993,0
1245.74156,113,1719,0.15000000000000036,0
1245.842411,76,1698,0.2599999999999989,0
1245.943621,125,1733,0.379999999999999,0
1246.044829,127,1726,0.2400000000000002,0
1246.145636,53,1696,0.0600000000000005,0
1246.246644,103,1731,0.04999999999999982,0
1246.348224,80,1707,0.20000000000000018,0
1246.449415,57,1704,0.4299999999999997,0
1246.550111,123,1747,0.4300000000000006,0
1246.651139,93,1737,0.2400000000000002,0
1246.75244,60,1702,0.45999999999999996,0
1246.853656,161,1766,0.4800000000000004,0
1246.955104,80,1704,0.29000000000000004,0
1247.056198,40,1690,0.45999999999999996,0
1247.157225,55,1702,0.23000000000000043,0
1247.258629,78,1709,0.31999999999999984,0
1247.359519,84,1721,0.41000000000000014,0
1247.460368,97,1726,0.3500000000000001,0
1247.561366,101,1722,0.2400000000000002,0
1247.662614,40,1689,0.07999999999999963,0
1247.763404,27,1686,0.06999999999999984,0
1247.86436,31,1695,0.07999999999999963,0
1247.965922,36,1687,0.09999999999999964,0
1248.067168,32,1690,0.1499999999999999,0
1248.167946,32,1693,0.1499999999999999,0
1248.26853,68,1702,0.20999999999999996,0
1248.369739,75,1713,0.05999999999999961,0
1248.471107,168,1749,0.33000000000000007,0
1248.572385,150,1727,0.1499999999999999,0
1248.673131,61,1716,0.05999999999999961,0
1248.774607,63,1701,0.17000000000000037,0
1248.875841,113,1727,0.3799999999999999,0
1248.977738,119,1725,0.4500000000000002,0
1249.078801,123,1724,0.6099999999999999,0
1249.179973,144,1736,0.30000000000000027,0
1249.281186,70,1706,0.2699999999999996,0
1249.382665,143,1740,0.2400000000000002,0
1249.484039,54,1698,0.25,0
1249.585036,138,1739,0.33000000000000007,0
1249.686455,124,1735,0.35999999999999943,0
1249.787154,150,1748,0.28000000000000025,0
1249.888257,121,1731,0.27000000000000046,0
1249.989317,84,1713,0.5899999999999999,0
1250.090191,51,1699,0.05999999999999961,0
1250.191416,85,1690,0.1899999999999995,0
1250.292338,136,1752,0.4400000000000004,0
1250.393706,167,1766,0.46999999999999975,0
1250.49505,136,1715,0.04999999999999982,0
1250.596343,66,1683,0.3700000000000001,0
1250.697187,117,1702,0.27999999999999936,0
1250.798801,168,1725,0.1999999999999993,0
1250.899853,252,1785,0.5199999999999996,0
1251.001587,101,1704,0.39000000000000057,0
1251.102456,73,1691,0.20000000000000018,0
1251.204177,35,1668,0.11000000000000032,0
1251.305429,86,1697,0.040000000000000036,0
1251.407241,55,1693,0.10000000000000053,0
1251.50837,90,1693,0.16000000000000014,0
1251.609068,24,1670,0.05000000000000071,0
1251.710202,120,1712,0.0600000000000005,0
1251.81131,233,1789,0.33999999999999986,0
1251.912791,147,1763,0.17999999999999972,0
1252.014144,122,1747,0.02000000000000135,0
1252.115179,211,1792,0.030000000000001137,0
1252.217118,194,1767,0.11999999999999922,0
1252.318327,146,1751,0.07000000000000028,0
1252.419133,157,1767,0.02999999999999936,0
1252.520262,172,1770,0.03999999999999915,0
1252.621588,121,1730,0.019999999999999574,0
1252.722407,188,1783,0.02999999999999936,0
1252.823967,180,1785,0.02000000000000135,0
1252.925221,210,1793,0.0,0
1253.026197,199,1796,0.13000000000000078,0
1253.130287,189,1777,0.11999999999999922,0
1253.231601,217,1774,0.2400000000000002,0
1253.332448,285,1838,0.040000000000000924,0
1253.433978,253,1816,0.2599999999999998,0
1253.534175,191,1782,0.16999999999999993,0
1253.635763,202,1778,0.019999999999999574,0
1253.736451,207,1760,0.17999999999999972,0
1253.838314,269,1832,0.41999999999999993,0
1253.939811,254,1823,0.17999999999999972,0
1254.040673,246,1837,0.0600000000000005,0
1254.141659,239,1821,0.0,0
1254.242591,150,1764,0.17999999999999972,0
1254.343832,207,1811,0.05999999999999872,0
1254.445108,205,1796,0.019999999999999574,0
1254.546086,222,1796,0.13000000000000078,0
1254.646989,236,1818,0.22000000000000064,0
1254.748407,250,1794,0.1800000000000015,0
1254.848626,184,1784,0.0600000000000005,0
1254.949631,220,1802,0.14000000000000057,0
1255.050376,165,1783,0.16999999999999993,0
1255.151674,138,1749,0.1999999999999993,0
1255.252622,173,1757,0.2699999999999996,0
1255.353731,121,1733,0.11999999999999922,0
1255.454884,157,1765,0.16000000000000014,0
1255.556043,146,1749,0.15000000000000036,0
1255.657161,161,1762,0.049999999999998934,0
1255.758231,152,1755,0.23000000000000043,0
1255.859048,139,1746,0.02000000000000135,0
1255.960262,140,1733,0.2699999999999996,0
1256.061346,126,1750,0.15999999999999837,0
1256.162447,144,1750,0.06999999999999851,0
1256.263295,143,1711,0.25,0
1256.364289,272,1776,0.009999999999999787,0
1256.465214,199,1745,0.16999999999999993,0
1256.566791,176,1767,0.2999999999999998,0
1256.667349,130,1747,0.04999999999999982,0
1256.768612,157,1766,0.2400000000000002,0
1256.869709,77,1690,0.0600000000000005,0
1256.97138,87,1689,0.8200000000000003,0
1257.072871,225,1799,0.6700000000000002,0
1257.174255,140,1724,0.31999999999999995,0
1257.27586,242,1761,0.13999999999999996,0
1257.377776,264,1812,0.08999999999999997,0
1257.478602,149,1756,0.16999999999999993,0
1257.579562,103,1716,0.6699999999999999,0
1257.68071,284,1797,0.7300000000000004,0
1257.781833,222,1773,0.34000000000000075,0
1257.883198,118,1721,0.6300000000000008,0
1257.984144,126,1736,0.7600000000000007,0
1258.085382,35,1693,0.5399999999999991,0
1258.18619,99,1710,0.5299999999999994,0
1258.287566,17,1689,0.41000000000000014,0
1258.389569,92,1735,0.5599999999999987,0
1258.491194,87,1719,0.6099999999999994,0
1258.592596,20,1698,0.6400000000000006,0
1258.694179,31,1705,0.8800000000000008,0
1258.795704,108,1738,1.0200000000000014,0
1258.897274,115,1752,0.8200000000000003,0
1258.998148,162,1785,0.9599999999999991,0
1259.099232,44,1718,1.1500000000000004,0
1259.200532,53,1705,1.1800000000000006,0
1259.301662,81,1734,1.1499999999999995,0
1259.40321,58,1724,1.0099999999999998,0
1259.504138,41,1716,0.9800000000000004,0
1259.605074,31,1709,0.3799999999999999,0
1259.706185,95,1721,1.25,0
1259.807371,71,1729,0.8500000000000001,0
1259.90836,98,1731,1.1500000000000004,0
1260.009537,52,1703,0.8,0
1260.110795,105,1720,1.04,0
1260.212645,64,1702,0.74,0
1260.313264,80,1704,0.8200000000000001,0
1260.4143,56,1689,0.8500000000000001,0
1260.515437,78,1699,0.38,0
1260.61641,57,1688,0.39999999999999997,0
1260.717791,68,1694,0.21,0
1260.818801,57,1690,0.09999999999999999,0
1260.919744,82,1703,0.32,0
1261.021285,53,1690,0.02,0
1261.122456,95,1711,0.17,0
1261.223754,111,1723,0.29,0
1261.325379,74,1696,0.08,0
1261.426249,95,1717,0.23,0
1261.527541,79,1701,0.02,0
1261.62909,126,1741,0.5300000000000001,0
1261.73029,110,1739,0.6799999999999997,0
1261.831534,80,1726,0.5100000000000007,0
1261.931804,55,1704,0.3099999999999996,0
1262.033134,78,1706,0.22000000000000064,0
1262.134288,133,1737,0.3200000000000003,0
1262.235315,82,1708,0.07000000000000028,0
1262.33723,131,1731,0.13999999999999968,0
1262.438067,39,1691,0.1499999999999999,0
1262.541743,62,1698,0.22999999999999976,0
1262.643078,17,1679,0.4800000000000001,0
1262.744163,36,1690,0.42999999999999994,0
1262.845482,73,1707,0.18999999999999997,0
1262.94685,71,1715,0.37,0
1263.048191,87,1706,0.06,0
1263.149118,78,1706,0.37,0
1263.250166,82,1699,0.13,0
1263.351326,83,1703,0.34,0
1263.452188,48,1693,0.3,0
1263.553394,101,1713,0.03,0
1263.654751,77,1701,0.02,0
1263.755638,133,1723,0.12,0
1263.857037,63,1687,0.23,0
1263.958245,42,1686,0.08,0
1264.059302,32,1682,0.06,0
1264.160399,74,1706,0.28,0
1264.26233,89,1701,0.03,0
1264.363059,46,1692,0.16,0
1264.463772,52,1698,0.02,0
1264.564891,69,1711,0.12,0
1264.666194,67,1713,0.01,0
1264.767454,84,1720,0.08,0
1264.868184,136,1740,0.24,0
1264.969207,65,1698,0.07,0
1265.070175,97,1724,0.27,0
1265.171124,109,1731,0.22,0
1265.272452,84,1700,0.27,0
1265.37323,116,1723,0.73,0
1265.47433,49,1682,0.22,0
1265.575822,97,1694,0.05,0
1265.676444,22,1662,0.24,0
1265.777799,191,1735,0.23,0
1265.878764,76,1696,0.33,0
1265.979794,58,1673,0.02,0
1266.080822,132,1703,0.18,0
1266.181818,106,1698,0.07,0
1266.282543,145,1746,0.21000000000000002,0
1266.384143,108,1701,0.18999999999999997,0
1266.48506,85,1698,0.20999999999999996,0
1266.586104,155,1727,0.16999999999999998,0
1266.6873,77,1711,0.04,0
1266.789196,49,1690,0.08,0
1266.890249,96,1706,0.19,0
1266.992003,21,1678,0.18,0
1267.093412,15,1673,0.19,0
1267.194599,69,1703,0.18,0
1267.295542,114,1721,0.24,0
1267.397635,110,1716,0.4,0
1267.498629,26,1688,0.020000000000000018,0
1267.602083,107,1722,0.14000000000000012,0
1267.703114,35,1695,0.1200000000000001,0
1267.804236,50,1698,0.25,0
1267.905379,25,1685,0.2599999999999998,0
1268.007075,64,1717,0.08000000000000007,0
1268.108147,71,1716,0.050000000000000266,0
1268.209284,93,1709,0.029999999999999805,0
1268.310417,73,1702,0.1499999999999999,0
1268.412155,97,1711,0.23999999999999977,0
1268.513297,94,1709,0.16999999999999993,0
1268.61417,95,1699,0.21999999999999997,0
1268.715392,140,1730,0.10999999999999988,0
1268.816124,226,1785,0.31000000000000005,0
1268.917124,107,1712,0.33999999999999986,0
1269.018185,216,1733,0.21999999999999997,0
1269.119258,175,1718,0.34999999999999987,0
1269.221109,162,1749,0.07999999999999985,0
1269.32281,152,1730,0.0,0
1269.424366,132,1725,0.06000000000000005,0
1269.525769,157,1730,0.21999999999999997,0
1269.626434,223,1763,0.07000000000000006,0
1269.730378,107,1682,0.029999999999999805,0
1269.831558,139,1691,0.020000000000000018,0
1269.932676,205,1754,0.14,0
1270.033261,236,1767,0.27,0
1270.137305,183,1711,0.05000000000000002,0
1270.237998,251,1700,0.09999999999999999,0
1270.339279,239,1709,0.1,0
1270.441181,79,1680,0.09,0
1270.542062,189,1726,0.5,0
1270.642565,241,1739,0.1,0
1270.74384,157,1698,0.24,0
1270.845076,197,1746,0.04,0
1270.946373,241,1747,0.09,0
1271.047042,189,1692,0.03,0
1271.147575,160,1749,0.01,0
1271.248762,261,1736,0.15,0
1271.349584,208,1730,0.06,0
1271.451198,223,1728,0.11,0
1271.551848,128,1700,0.24,0
1271.65305,203,1731,0.24,0
1271.753852,123,1702,0.25,0
1271.855303,152,1708,0.22,0
1271.956374,173,1720,0.28,0
1272.057612,129,1705,0.35,0
1272.15898,124,1733,0.03,0
1272.260563,132,1727,0.02,0
1272.361059,153,1724,0.01,0
1272.462184,182,1726,0.13,0
1272.563686,143,1711,0.09,0
1272.664378,147,1724,0.02,0
1272.76557,181,1722,0.08,0
1272.866377,155,1710,0.1,0
1272.967448,159,1711,0.1,0
1273.069125,220,1746,0.05,0
1273.169391,58,1674,0.09,0
1273.271218,144,1717,0.19999999999999996,0
1273.371677,165,1748,0.2200000000000002,0
1273.473088,93,1715,0.2699999999999996,0
1273.574389,133,1720,0.17999999999999972,0
1273.675833,155,1707,0.28999999999999915,0
1273.776397,160,1711,0.3200000000000003,0
1273.877585,228,1744,0.009999999999999787,0
1273.979039,322,1840,0.2400000000000002,0
1274.080599,218,1756,0.6900000000000004,0
1274.182069,136,1730,0.69,0
1274.283065,97,1707,0.8500000000000001,0
1274.384421,161,1720,0.6800000000000002,0
1274.485429,127,1710,1.02,0
1274.587084,116,1743,0.13000000000000078,0
1274.68783,66,1702,0.14999999999999947,0
1274.789167,73,1701,0.040000000000000036,0
1274.8902,116,1731,0.3600000000000003,0
1274.991872,108,1713,0.3100000000000005,0
1275.092436,119,1719,0.27000000000000046,0
1275.19402,132,1751,0.41999999999999993,0
1275.295244,70,1716,0.2699999999999996,0
1275.397072,98,1710,0.1299999999999999,0
1275.498231,99,1712,0.16999999999999993,0
1275.599266,116,1742,0.5,0
1275.700887,54,1697,0.16999999999999993,0
1275.801823,85,1713,0.0,0
1275.902645,39,1690,0.07000000000000028,0
1276.004163,95,1729,0.04999999999999982,0
1276.104758,71,1725,0.1900000000000004,0
1276.206412,37,1701,0.29000000000000004,0
1276.307239,36,1689,0.20000000000000018,0
1276.408319,27,1686,0.47000000000000064,0
1276.509307,75,1713,0.54,0
1276.610326,54,1707,0.2999999999999998,0
1276.71145,42,1705,0.0600000000000005,0
1276.812315,118,1722,0.13999999999999968,0
1276.913617,199,1766,0.5599999999999996,0
1277.015066,164,1763,0.7599999999999998,0
1277.116307,98,1720,0.4600000000000004,0
1277.21717,74,1715,0.1899999999999995,0
1277.318591,45,1700,0.25,0
1277.420361,39,1698,0.31999999999999984,0
1277.521086,70,1696,0.43999999999999995,0
1277.622172,60,1694,0.33000000000000007,0
1277.723177,120,1719,0.5900000000000003,0
1277.824177,109,1706,0.7400000000000002,0
1277.927607,102,1708,0.6199999999999997,0
1278.028564,113,1715,0.6799999999999997,0
1278.129591,129,1727,0.5999999999999996,0
1278.23045,45,1682,0.2400000000000002,0
1278.33448,59,1688,0.5800000000000001,0
1278.43564,49,1685,0.09999999999999964,0
1278.536778,41,1687,0.10000000000000053,0
1278.638252,90,1715,0.3099999999999996,0
1278.739339,93,1719,0.40000000000000036,0
1278.840342,154,1726,0.5299999999999994,0
1278.941063,109,1709,0.25,0
1279.041982,88,1696,0.3299999999999992,0
1279.143161,123,1721,0.3600000000000003,0
1279.243629,154,1741,0.5300000000000002,0
1279.345225,87,1714,0.5500000000000007,0
1279.446074,75,1702,0.3100000000000005,0
1279.547276,47,1692,0.07000000000000028,0
1279.648154,73,1709,0.16000000000000014,0
1279.749224,30,1674,0.25,0
1279.850201,58,1692,0.3600000000000003,0
1279.951248,63,1674,0.28000000000000025,0
1280.053122,73,1694,0.020000000000000462,0
1280.153328,126,1723,0.25,0
1280.254561,112,1709,0.29000000000000004,0
1280.355996,162,1716,0.40000000000000036,0
1280.457171,68,1684,0.009999999999999787,0
1280.560673,180,1735,0.14000000000000057,0
1280.662044,189,1743,0.14000000000000057,0
1280.762609,164,1738,0.3899999999999997,0
1280.863899,164,1738,0.20000000000000018,0
1280.965419,117,1695,0.029999999999999805,0
1281.066277,194,1758,0.09000000000000008,0
1281.167323,156,1745,0.06000000000000005,0
1281.26833,230,1781,0.39,0
1281.369773,224,1782,0.22000000000000003,0
1281.471781,218,1778,0.29,0
1281.572423,196,1763,0.010000000000000009,0
1281.673809,167,1763,0.07999999999999996,0
1281.774678,213,1778,0.05999999999999994,0
1281.876332,181,1762,0.07000000000000006,0
1281.977366,156,1760,0.039999999999999925,0
1282.078431,102,1714,0.4600000000000002,0
1282.179564,159,1766,0.22999999999999976,0
1282.280692,67,1695,0.43999999999999995,0
1282.381919,143,1726,0.6799999999999997,0
1282.482817,102,1719,0.33000000000000007,0
1282.584349,304,1826,0.11000000000000032,0
1282.685966,198,1751,0.27,0
1282.787064,137,1746,0.48,0
1282.888564,215,1795,0.36999999999999966,0
1282.990401,121,1755,0.41000000000000014,0
1283.09172,51,1710,0.5800000000000001,0
1283.193004,168,1750,0.3899999999999997,0
1283.294116,147,1744,0.4300000000000006,0
1283.395594,68,1708,0.5999999999999996,0
1283.496763,103,1721,0.39000000000000057,0
1283.598195,97,1736,0.20000000000000018,0
1283.699267,22,1690,0.3600000000000003,0
1283.800603,102,1724,0.0699999999999994,0
1283.901627,54,1698,0.16000000000000014,0
1284.003197,80,1711,0.05000000000000071,0
1284.104382,82,1716,0.23000000000000043,0
1284.20528,92,1738,0.16999999999999904,0
1284.306147,225,1795,0.040000000000000924,0
1284.407283,220,1777,0.030000000000001137,0
1284.50855,217,1784,0.08000000000000007,0
1284.609634,368,1816,0.4400000000000013,0
1284.711238,262,1808,0.3100000000000005,0
1284.811855,287,1811,0.009999999999999787,0
1284.912977,95,1720,0.030000000000001137,0
1285.014309,201,1764,0.030000000000001137,0
1285.115608,189,1762,0.6900000000000004,0
1285.216965,116,1738,0.09999999999999964,0
1285.31785,104,1742,0.1899999999999995,0
1285.419248,99,1719,0.11999999999999922,0
1285.520423,120,1750,0.16999999999999993,0
1285.621346,130,1733,0.040000000000000924,0
1285.725319,190,1742,0.03999999999999915,0
1285.826315,364,1833,0.4399999999999995,0
1285.930218,242,1749,0.45999999999999996,0
1286.031183,102,1728,0.5499999999999998,0
1286.132379,188,1748,0.45999999999999996,0
1286.233361,208,1774,0.5,0
1286.337336,187,1766,0.22999999999999998,0
1286.438275,141,1732,0.43999999999999995,0
1286.539209,68,1691,0.34000000000000075,0
1286.64024,59,1672,0.20000000000000018,0
1286.741447,50,1677,0.07000000000000028,0
1286.842637,82,1699,0.04999999999999982,0
1286.943545,31,1671,0.06999999999999984,0
1287.044635,130,1711,0.019999999999999574,0
1287.1457,34,1668,0.050000000000000266,0
1287.246964,30,1663,0.050000000000000266,0
1287.347779,88,1690,0.010000000000000009,0
1287.448763,56,1675,0.030000000000000027,0
1287.550046,76,1680,0.13,0
1287.651449,72,1694,0.13999999999999999,0
1287.752341,80,1692,0.12000000000000002,0
1287.853683,175,1759,0.13000000000000012,0
1287.95514,102,1707,0.010000000000000231,0
1288.055962,197,1775,0.17999999999999972,0
1288.157586,145,1725,0.6200000000000001,0
1288.258414,203,1791,0.2200000000000002,0
1288.359356,258,1805,0.009999999999999787,0
1288.460754,339,1858,0.029999999999999805,0
1288.561757,216,1809,0.11999999999999966,0
1288.663036,165,1794,0.029999999999999805,0
1288.763745,132,1741,0.3999999999999999,0
1288.865125,93,1715,0.5800000000000001,0
1288.966766,112,1742,0.5499999999999998,0
1289.067618,46,1707,0.6299999999999999,0
1289.1689,230,1765,0.6500000000000004,0
1289.270307,273,1814,1.27,0
1289.371597,201,1764,0.73,0
1289.473141,126,1728,0.56,0
1289.573544,29,1697,0.6899999999999995,0
1289.674593,53,1711,0.8500000000000001,0
1289.775669,47,1711,0.3600000000000003,0
1289.877081,77,1719,0.4500000000000002,0
1289.979131,146,1745,0.3199999999999994,0
1290.079711,134,1732,0.48999999999999977,0
1290.181444,55,1716,0.8500000000000001,0
1290.282416,43,1703,0.6599999999999999,0
1290.383611,19,1692,0.42000000000000004,0
1290.485127,42,1699,0.7,0
1290.585547,72,1703,0.56,0
1290.686728,163,1743,0.3899999999999999,0
1290.78835,44,1697,0.52,0
1290.889666,189,1765,0.33999999999999986,0
1290.991267,87,1704,0.5800000000000001,0
1291.092538,51,1708,0.2999999999999998,0
1291.193242,90,1719,0.8599999999999994,0
1291.294143,203,1782,0.02999999999999936,0
1291.395831,325,1843,0.41999999999999993,0
1291.497217,211,1773,0.11000000000000032,0
1291.598639,106,1755,0.08999999999999986,0
1291.700008,108,1733,0.3799999999999999,0
1291.801142,129,1717,0.16999999999999993,0
1291.902156,89,1711,0.22999999999999954,0
1292.003456,73,1730,0.009999999999999787,0
1292.1043,141,1757,0.2999999999999998,0
1292.205169,98,1709,0.34999999999999964,0
1292.306234,137,1723,0.5599999999999996,0
1292.407242,146,1731,0.45999999999999996,0
1292.509218,95,1714,0.33999999999999986,0
1292.609453,96,1725,0.1800000000000006,0
1292.71071,112,1743,0.41999999999999993,0
1292.811635,130,1744,0.5199999999999996,0
1292.91316,139,1739,0.7000000000000002,0
1293.0143,86,1719,0.4299999999999997,0
1293.115455,75,1708,0.3799999999999999,0
1293.216752,146,1731,0.3600000000000003,0
1293.317765,150,1719,0.6900000000000004,0
1293.420066,162,1725,0.6799999999999997,0
1293.521416,163,1730,0.6299999999999999,0
1293.622269,131,1720,0.4300000000000006,0
1293.723452,109,1715,0.3100000000000005,0
1293.824888,61,1688,0.27000000000000046,0
1293.925795,85,1705,0.5199999999999996,0
1294.026562,71,1697,0.41999999999999993,0
1294.12779,112,1717,0.4400000000000004,0
1294.228789,84,1704,0.13999999999999968,0
1294.333294,76,1694,0.28000000000000025,0
1294.434104,151,1722,0.4300000000000006,0
1294.535181,64,1674,0.11000000000000032,0
1294.636395,131,1711,0.45999999999999996,0
1294.740295,100,1695,0.009999999999999787,0
1294.841835,21,1665,0.08000000000000007,0
1294.94238,103,1699,0.20000000000000018,0
1295.043269,202,1748,0.2599999999999998,0
1295.144684,164,1739,0.10000000000000053,0
1295.246172,35,1674,0.03000000000000025,0
1295.347826,98,1710,0.20999999999999996,0
1295.449076,169,1741,0.25,0
1295.55031,34,1683,0.14000000000000057,0
1295.651158,144,1739,0.27999999999999936,0
1295.752314,149,1747,0.11000000000000121,0
1295.853617,120,1722,0.09999999999999964,0
1295.954525,264,1798,0.13000000000000078,0
1296.055612,264,1801,0.3099999999999987,0
1296.156316,210,1789,0.20999999999999908,0
1296.25761,222,1796,0.23000000000000043,0
1296.359084,189,1792,0.16999999999999993,0
1296.460473,196,1795,0.2699999999999996,0
1296.561408,159,1759,0.049999999999998934,0
1296.662145,190,1755,0.049999999999998934,0
1296.76318,180,1779,0.34999999999999964,0
1296.864427,188,1770,0.09999999999999964,0
1296.965027,187,1732,0.25,0
1297.066126,215,1792,0.41999999999999993,0
1297.167397,228,1790,0.5600000000000005,0
1297.26854,218,1763,0.8300000000000001,0
1297.370336,164,1742,0.5700000000000003,0
1297.470798,191,1725,0.9600000000000009,0
1297.572232,145,1728,1.0199999999999996,0
1297.673217,136,1720,1.0900000000000016,0
1297.774328,188,1754,0.5899999999999999,0
1297.875366,173,1725,0.4800000000000004,0
1297.977096,156,1747,0.19000000000000128,0
1298.078377,234,1790,0.45000000000000107,0
1298.179219,253,1824,0.02999999999999936,0
1298.28019,299,1820,0.16000000000000014,0
1298.381157,237,1807,0.07000000000000028,0
1298.482401,298,1852,0.10999999999999943,0
1298.583645,234,1820,0.16000000000000014,0
1298.684626,223,1801,0.16999999999999993,0
1298.786505,181,1754,0.25,0
1298.887043,173,1785,0.3699999999999992,0
1298.988619,231,1810,0.1999999999999993,0
1299.089572,213,1783,0.15000000000000036,0
1299.190417,142,1715,0.4599999999999991,0
1299.292183,173,1735,0.4800000000000004,0
1299.393527,257,1744,0.370000000000001,0
1299.494552,187,1747,0.41999999999999993,0
1299.595293,184,1748,0.22000000000000064,0
1299.696222,131,1767,0.120000000000001,0
1299.797229,218,1803,0.13000000000000078,0
1299.899199,221,1800,0.3100000000000005,0
1300.000097,165,1753,0.1999999999999993,0
1300.100645,144,1761,0.13000000000000078,0
1300.20236,68,1700,0.02999999999999936,0
1300.303211,124,1757,0.009999999999999787,0
1300.404346,286,1830,0.33999999999999986,0
1300.505836,290,1833,0.5099999999999998,0
1300.607288,155,1754,0.41000000000000014,0
1300.708404,51,1696,0.14000000000000057,0
1300.810025,158,1722,0.08999999999999986,0
1300.91033,131,1722,0.129999999999999,0
1301.011994,111,1686,0.05000000000000071,0
1301.112823,108,1718,0.08999999999999986,0
1301.21378,85,1682,0.02999999999999936,0
1301.315423,102,1680,0.009999999999999787,0
1301.416183,88,1694,0.33999999999999986,0
1301.517034,183,1745,0.3200000000000003,0
1301.618235,182,1758,0.0600000000000005,0
1301.722108,84,1691,0.2400000000000002,0
1301.823103,115,1724,0.2200000000000002,0
1301.924322,190,1742,0.010000000000000231,0
1302.02533,152,1736,0.09000000000000008,0
1302.126244,203,1728,0.09000000000000008,0
1302.227228,185,1717,0.2799999999999999,0
1302.328385,136,1722,0.24,0
1302.429355,144,1732,0.11000000000000001,0
1302.533138,113,1733,0.27,0
1302.634097,79,1693,0.14,0
1302.735206,86,1699,0.07,0
1302.836592,126,1724,0.12000000000000001,0
1302.940281,57,1687,0.18,0
1303.041222,42,1684,0.25,0
1303.142122,53,1687,0.19,0
1303.242938,71,1710,0.13,0
1303.346198,106,1714,0.02,0
1303.447168,118,1734,0.06,0
1303.548309,149,1741,0.29,0
1303.649138,165,1757,0.5199999999999998,0
1303.750457,99,1722,0.2799999999999998,0
1303.851636,104,1725,0.08999999999999986,0
1303.952749,21,1698,0.43000000000000016,0
1304.053819,31,1707,0.6699999999999999,0
1304.155308,99,1735,0.4599999999999995,0
1304.256531,55,1712,0.56,0
1304.357405,15,1696,0.40000000000000036,0
1304.458422,66,1720,0.6600000000000001,0
1304.559796,86,1727,0.7999999999999998,0
1304.660848,92,1731,0.4400000000000004,0
1304.762301,81,1727,0.3100000000000005,0
1304.863219,41,1712,0.4400000000000004,0
1304.964108,65,1727,0.5899999999999999,0
1305.065375,39,1713,0.71,0
1305.166561,61,1715,0.8300000000000001,0
1305.267808,92,1738,0.3899999999999997,0
1305.36911,38,1710,0.48,0
1305.470251,81,1736,0.6700000000000002,0
1305.571409,61,1723,0.51,0
1305.672138,72,1725,0.53,0
1305.773555,132,1749,0.3699999999999999,0
1305.874215,25,1698,0.18999999999999995,0
1305.975441,95,1728,0.58,0
1306.076362,166,1759,0.44,0
1306.177613,154,1764,0.31,0
1306.279277,24,1692,0.29000000000000004,0
1306.380597,23,1689,0.37,0
1306.481827,25,1698,0.37,0
1306.582665,55,1702,0.12,0
1306.683521,42,1696,0.06,0
1306.784766,27,1699,0.11,0
1306.885847,41,1701,0.15,0
1306.987272,70,1714,0.22,0
1307.088536,83,1726,0.26,0
1307.189656,64,1718,0.18,0
1307.290852,53,1709,0.08,0
1307.392602,29,1695,0.03,0
1307.493828,42,1699,0.07,0
1307.595231,38,1696,0.07,0
1307.696044,48,1695,0.11,0
1307.797347,42,1695,0.18,0
1307.89883,22,1687,0.08,0
1308.000389,54,1704,0.09,0
1308.101239,65,1703,0.22999999999999998,0
1308.201815,64,1719,0.07000000000000006,0
1308.302842,73,1719,0.14000000000000012,0
1308.40454,59,1706,0.10000000000000009,0
1308.505344,72,1717,0.019999999999999574,0
1308.606321,52,1707,0.08999999999999986,0
1308.707341,38,1701,0.2400000000000002,0
1308.808661,42,1707,0.28000000000000025,0
1308.910093,108,1740,0.1299999999999999,0
1309.010913,38,1706,0.14999999999999947,0
1309.112113,31,1705,0.1200000000000001,0
1309.213398,72,1724,0.05999999999999872,0
1309.314311,98,1737,0.15000000000000036,0
1309.416182,53,1718,0.0,0
1309.517134,102,1745,0.2999999999999998,0
1309.618192,100,1737,0.46999999999999975,0
1309.719421,78,1719,0.5500000000000003,0
1309.82065,46,1716,0.28000000000000025,0
1309.921822,92,1738,0.4700000000000002,0
1310.022635,101,1737,0.08000000000000007,0
1310.126451,91,1737,0.010000000000000009,0
1310.227604,85,1730,0.3799999999999999,0
1310.329293,131,1756,0.28,0
1310.430312,137,1746,0.10000000000000009,0
1310.534074,153,1759,0.1200000000000001,0
1310.635083,118,1736,0.08000000000000007,0
1310.736558,77,1716,0.08999999999999986,0
1310.838258,99,1722,0.04999999999999982,0
1310.941885,181,1767,0.27,0
1311.043208,126,1737,0.16999999999999993,0
1311.146553,152,1746,0.06999999999999984,0
1311.247382,138,1733,0.23999999999999994,0
1311.348774,84,1701,0.09000000000000002,0
1311.449446,103,1707,0.11000000000000001,0
1311.550772,145,1726,0.15,0
1311.651432,167,1731,0.009999999999999995,0
1311.752559,173,1726,0.17,0
1311.85363,122,1697,0.13,0
1311.954826,115,1704,0.06,0
1312.056205,185,1746,0.04,0
1312.156751,141,1726,0.19,0
1312.258124,114,1720,0.22,0
1312.359304,145,1736,0.2,0
1312.460304,139,1732,0.26,0
1312.561961,149,1731,0.12,0
1312.662546,167,1745,0.11,0
1312.763424,61,1690,0.4,0
1312.864929,163,1744,0.29,0
1312.966286,104,1716,0.24,0
1313.067312,114,1718,0.07,0
1313.167885,137,1725,0.1,0
1313.268989,166,1736,0.05,0
1313.369981,121,1715,0.07,0
1313.471612,104,1719,0.27,0
1313.571858,141,1737,0.17,0
1313.673284,127,1730,0.13,0
1313.774786,125,1722,0.06,0
1313.876179,97,1714,0.02,0
1313.977441,170,1753,0.21000000000000002,0
1314.078688,174,1750,0.42000000000000004,0
1314.180273,133,1735,0.010000000000000009,0
1314.281296,78,1708,0.06999999999999995,0
1314.383591,133,1742,0.010000000000000009,0
1314.484324,122,1726,0.04999999999999999,0
1314.586377,87,1711,0.020000000000000004,0
1314.687366,106,1727,0.19,0
1314.789888,115,1728,0.08,0
1314.890685,156,1745,0.16999999999999998,0
1314.992603,98,1712,0.0,0
1315.093615,81,1708,0.23,0
1315.194567,90,1712,0.20999999999999996,0
1315.295762,125,1728,0.1599999999999997,0
1315.398266,94,1719,0.09999999999999964,0
1315.499142,64,1703,0.45999999999999996,0
1315.600553,117,1728,0.28000000000000025,0
1315.701546,108,1719,0.1299999999999999,0
1315.803668,88,1712,0.3600000000000003,0
1315.904647,123,1724,0.0699999999999994,0
1316.006213,60,1712,0.009999999999999787,0
1316.107016,67,1716,0.1999999999999993,0
1316.208231,186,1768,0.4399999999999995,0
1316.309863,113,1732,0.11000000000000032,0
1316.410676,26,1688,0.3100000000000005,0
1316.511932,92,1722,0.21999999999999975,0
1316.614027,53,1705,0.39000000000000057,0
1316.714308,73,1711,0.5200000000000005,0
1316.815853,113,1736,0.5399999999999991,0
1316.916764,108,1738,0.5,0
1317.018124,48,1709,0.20999999999999908,0
1317.11925,58,1711,0.16000000000000014,0
1317.220789,68,1722,0.11000000000000032,0
1317.322327,127,1759,0.7299999999999995,0
1317.423536,21,1687,0.3700000000000001,0
1317.524612,30,1688,0.4899999999999993,0
1317.626108,68,1711,0.2400000000000002,0
1317.727056,73,1722,0.25,0
1317.828497,45,1702,0.5099999999999998,0
1317.929378,92,1726,0.33000000000000007,0
1318.030388,61,1709,0.5499999999999998,0
1318.134316,105,1739,0.29000000000000004,0
1318.235315,90,1726,0.22000000000000064,0
1318.337184,151,1749,0.45999999999999996,0
1318.43779,71,1719,0.20999999999999996,0
1318.539066,45,1710,0.23000000000000043,0
1318.639825,100,1704,0.33999999999999986,0
1318.741092,94,1727,0.20999999999999996,0
1318.842419,136,1727,0.4400000000000004,0
1318.94407,152,1719,0.29000000000000004,0
1319.04461,101,1703,0.46999999999999975,0
1319.145973,126,1718,0.3700000000000001,0
1319.246855,112,1722,0.3799999999999999,0
1319.348906,99,1715,0.27000000000000046,0
1319.449971,96,1708,0.35000000000000053,0
1319.551195,193,1755,0.5099999999999998,0
1319.652329,77,1702,0.14000000000000012,0
1319.753106,142,1744,0.10000000000000009,0
1319.854445,152,1748,0.22999999999999998,0
1319.955118,109,1721,0.08999999999999986,0
1320.056201,114,1725,0.26000000000000023,0
1320.157567,53,1688,0.009999999999999787,0
1320.258401,114,1721,0.2400000000000002,0
1320.360114,192,1762,0.43999999999999995,0
1320.461103,138,1731,0.46999999999999975,0
1320.56217,134,1729,0.020000000000000462,0
1320.663607,156,1747,0.3099999999999996,0
1320.76438,117,1720,0.54,0
1320.866094,103,1710,0.15000000000000036,0
1320.968104,54,1688,0.16999999999999993,0
1321.069323,45,1685,0.009999999999999787,0
1321.170309,46,1676,0.09999999999999964,0
1321.271198,144,1721,0.07000000000000028,0
1321.372302,122,1709,0.10000000000000053,0
1321.473637,41,1668,0.16999999999999993,0
1321.574387,127,1708,0.1499999999999999,0
1321.675293,124,1719,0.2200000000000002,0
1321.777058,83,1702,0.020000000000000018,0
1321.878386,172,1750,0.13000000000000034,0
1321.979037,178,1750,0.10000000000000009,0
1322.08017,183,1776,0.10999999999999988,0
1322.182151,73,1697,0.07000000000000028,0
1322.282546,227,1749,0.03000000000000025,0
1322.384122,99,1718,0.27000000000000046,0
1322.485437,221,1803,0.3200000000000003,0
1322.587435,246,1793,0.16000000000000014,0
1322.688152,284,1796,0.27000000000000046,0
1322.789331,219,1788,0.7599999999999998,0
1322.890414,234,1819,0.0600000000000005,0
1322.992058,236,1791,0.2599999999999998,0
1323.093198,285,1838,0.14000000000000057,0
1323.194344,284,1819,0.29000000000000004,0
1323.295608,233,1764,0.17999999999999972,0
1323.397349,195,1767,0.40000000000000036,0
1323.497677,212,1803,0.2400000000000002,0
1323.599125,250,1798,0.22000000000000064,0
1323.700126,236,1803,0.0600000000000005,0
1323.801475,182,1736,0.15000000000000036,0
1323.902314,267,1822,0.13000000000000078,0
1324.003279,299,1839,0.05000000000000071,0
1324.104628,226,1796,0.16000000000000014,0
1324.206161,252,1783,0.3899999999999988,0
1324.307582,218,1805,0.35999999999999943,0
1324.408401,203,1790,0.05999999999999872,0
1324.509763,318,1849,0.3000000000000007,0
1324.610825,260,1810,0.3200000000000003,0
1324.711796,237,1780,0.4800000000000004,0
1324.813036,213,1749,0.79,0
1324.914065,232,1786,0.7000000000000002,0
1325.015298,147,1743,0.6500000000000004,0
1325.116091,186,1767,0.8199999999999994,0
1325.217119,127,1733,0.5700000000000003,0
1325.31833,110,1719,0.7299999999999995,0
1325.420415,138,1744,0.6100000000000003,0
1325.521128,123,1708,0.7899999999999991,0
1325.622146,193,1742,0.47999999999999954,0
1325.723202,169,1786,0.7800000000000002,0
1325.824143,107,1726,0.7999999999999998,0
1325.925198,102,1709,0.5300000000000002,0
1326.026449,282,1840,0.3899999999999997,0
1326.127638,241,1824,0.5300000000000011,0
1326.228662,244,1819,0.41999999999999993,0
1326.332843,131,1727,0.5700000000000003,0
1326.433803,161,1735,0.5299999999999994,0
1326.534796,183,1752,0.6800000000000015,0
1326.636025,211,1804,0.9599999999999991,0
1326.73716,295,1773,0.5,0
1326.83836,234,1760,0.6300000000000008,0
1326.93955,176,1756,0.5,0
1327.041029,80,1703,0.10999999999999943,0
1327.142282,157,1743,0.07000000000000028,0
1327.243114,50,1700,0.05999999999999872,0
1327.344134,195,1787,0.3899999999999988,0
1327.445051,347,1846,0.4299999999999997,0
1327.546249,460,1882,0.33999999999999986,1
1327.647757,229,1793,0.40000000000000036,0
1327.74856,112,1753,0.09999999999999964,0
1327.84963,158,1769,0.10999999999999943,0
1327.950804,164,1741,0.14999999999999858,0
1328.051755,105,1731,0.0,0
1328.153164,215,1815,0.34999999999999964,0
1328.253976,249,1814,0.46000000000000085,0
1328.35555,191,1781,0.370000000000001,0
1328.457138,144,1765,0.4200000000000017,0
1328.558555,121,1708,0.17999999999999972,0
1328.659656,190,1788,0.20000000000000107,0
1328.760536,125,1751,0.16999999999999993,0
1328.862128,92,1693,0.0,0
1328.963042,142,1747,0.11000000000000121,0
1329.064059,100,1713,0.129999999999999,0
1329.165272,211,1784,0.11999999999999922,0
1329.265894,104,1707,0.02999999999999936,0
1329.367456,147,1757,0.11999999999999922,0
1329.468823,138,1742,0.019999999999999574,0
1329.57001,57,1700,0.22999999999999865,0
1329.671291,77,1715,0.26000000000000156,0
1329.771928,133,1720,0.25,0
1329.873537,118,1720,0.34999999999999964,0
1329.975316,103,1714,0.08000000000000007,0
1330.07632,190,1758,0.07000000000000028,0
1330.178144,145,1734,0.20999999999999908,0
1330.279031,65,1701,0.019999999999999574,0
1330.380574,184,1730,0.41000000000000014,0
1330.481673,162,1732,0.5,0
1330.583235,62,1695,0.27000000000000135,0
1330.683668,178,1757,0.5399999999999991,0
1330.784804,125,1728,0.34999999999999964,0
1330.886089,197,1764,0.6500000000000004,0
1330.988216,110,1721,0.5,0
1331.090198,244,1779,0.5199999999999996,0
1331.191529,120,1725,0.39000000000000057,0
1331.292658,120,1724,0.25,0
1331.394198,172,1745,0.129999999999999,0
1331.495694,118,1724,0.28000000000000025,0
1331.596314,190,1767,0.4499999999999993,0
1331.697835,145,1729,0.34000000000000075,0
1331.798618,152,1715,0.3799999999999999,0
1331.902311,200,1782,0.27000000000000046,0
1332.003138,76,1699,0.03000000000000025,0
1332.104328,161,1754,0.009999999999999787,0
1332.205673,188,1754,0.29000000000000004,0
1332.306619,234,1793,0.51,0
1332.407575,119,1729,0.6499999999999999,0
1332.50877,327,1793,0.41000000000000014,0
1332.61023,117,1694,0.40000000000000036,0
1332.711228,90,1708,0.1299999999999999,0
1332.812302,73,1708,0.009999999999999787,0
1332.913788,160,1742,0.1800000000000006,0
1333.015119,184,1727,0.20999999999999996,0
1333.116544,123,1736,0.33999999999999986,0
1333.217425,129,1733,0.4399999999999995,0
1333.318693,79,1709,0.16999999999999993,0
1333.420028,152,1750,0.03000000000000025,0
1333.524094,91,1730,0.03000000000000025,0
1333.625283,185,1774,0.04999999999999982,0
1333.726153,78,1715,0.41000000000000014,0
1333.828012,166,1751,0.009999999999999787,0
1333.928274,59,1717,0.41000000000000014,0
1334.02973,39,1700,0.4800000000000004,0
1334.130394,93,1723,0.3899999999999997,0
1334.231616,50,1705,0.7000000000000002,0
1334.333028,23,1688,0.75,0
1334.433912,38,1694,0.7400000000000002,0
1334.535381,44,1698,0.71,0
1334.636252,21,1692,0.6500000000000004,0
1334.737758,55,1708,0.8499999999999996,0
1334.841208,80,1726,0.8500000000000014,0
1334.942749,122,1754,0.6099999999999994,0
1335.043637,94,1740,0.5299999999999994,0
1335.144787,89,1734,0.7199999999999989,0
1335.245837,39,1708,0.8200000000000003,0
1335.347219,112,1757,0.8200000000000003,0
1335.448422,84,1734,1.3800000000000001,0
1335.549437,123,1756,1.27,0
1335.650816,48,1714,0.97,0
1335.751691,24,1704,0.89,0
1335.852885,45,1710,0.75,0
1335.954085,71,1716,0.72,0
1336.055646,80,1727,0.66,0
1336.155884,71,1704,0.54,0
1336.256784,109,1724,0.35000000000000003,0
1336.358145,53,1705,0.03999999999999998,0
1336.459358,62,1716,0.06000000000000005,0
1336.560384,140,1743,0.28000000000000025,0
1336.662171,130,1731,0.13999999999999968,0
1336.762331,64,1699,0.4900000000000002,0
1336.863662,112,1716,0.3600000000000012,0
1336.965317,105,1713,0.27999999999999936,0
1337.066539,94,1709,0.5700000000000003,0
1337.167368,121,1726,0.009999999999999787,0
1337.26881,154,1745,0.15000000000000036,0
1337.370416,231,1780,0.5899999999999999,0
1337.471212,145,1740,0.47000000000000064,0
1337.57241,39,1685,0.0600000000000005,0
1337.673415,44,1703,0.31999999999999984,0
1337.774554,91,1733,0.6699999999999999,0
1337.875393,84,1710,0.74,0
1337.976257,96,1725,0.68,0
1338.077443,143,1751,0.55,0
1338.178654,83,1720,0.27,0
1338.280285,96,1714,0.049999999999999996,0
1338.381152,66,1710,0.17,0
1338.482192,106,1729,0.32,0
1338.583222,92,1705,0.0,0
1338.684245,61,1699,0.22,0
1338.785927,220,1764,0.34,0
1338.887039,137,1714,0.26,0
1338.988298,136,1712,0.03,0
1339.089385,94,1699,0.17,0
1339.191145,124,1723,0.46,0
1339.292307,133,1729,0.52,0
1339.393429,143,1728,0.51,0
1339.494995,91,1702,0.28,0
1339.596135,112,1715,0.4,0
1339.697209,112,1721,0.41,0
1339.798726,115,1723,0.44,0
1339.900608,172,1738,0.36,0
1340.001481,170,1766,0.10999999999999988,0
1340.102295,86,1717,0.040000000000000036,0
1340.203371,170,1744,0.009999999999999787,0
1340.304928,132,1747,0.2400000000000002,0
1340.406239,96,1734,0.2699999999999996,0
1340.507552,96,1703,0.0600000000000005,0
1340.608541,85,1736,0.2999999999999998,0
1340.709427,69,1714,0.41000000000000014,0
1340.811251,64,1709,0.019999999999999574,0
1340.912165,86,1709,0.08000000000000007,0
1341.013284,63,1693,0.11999999999999922,0
1341.114605,67,1697,0.16999999999999993,0
1341.215748,86,1714,0.34999999999999964,0
1341.317071,52,1708,0.4399999999999995,0
1341.41825,51,1706,0.46000000000000085,0
1341.522334,72,1711,0.3000000000000007,0
1341.623567,102,1735,0.6100000000000012,0
1341.724638,153,1760,0.5299999999999994,0
1341.826002,116,1744,0.21000000000000085,0
1341.929811,88,1722,0.23000000000000043,0
1342.030656,125,1741,0.14999999999999947,0
1342.131954,80,1715,0.4299999999999997,0
1342.233306,108,1735,0.4400000000000004,0
1342.334641,119,1721,0.7200000000000002,0
1342.435383,48,1694,0.4400000000000004,0
1342.536451,44,1705,0.41000000000000014,0
1342.637542,108,1719,0.5799999999999996,0
1342.73883,108,1727,0.41000000000000014,0
1342.839955,93,1725,0.38000000000000034,0
1342.94089,137,1736,0.43000000000000016,0
1343.041646,74,1690,0.16000000000000014,0
1343.142745,98,1698,0.23999999999999977,0
1343.244358,110,1719,0.21999999999999975,0
1343.34537,50,1706,0.33999999999999986,0
1343.446235,81,1726,0.040000000000000036,0
1343.547201,76,1717,0.2200000000000002,0
1343.64831,68,1709,0.22999999999999998,0
1343.749683,112,1724,0.2400000000000002,0
1343.850314,55,1694,0.30000000000000027,0
1343.95164,85,1707,0.31999999999999984,0
1344.052674,138,1734,0.48,0
1344.154404,131,1732,0.33999999999999986,0
1344.255129,105,1714,0.3799999999999999,0
1344.356444,104,1713,0.3500000000000001,0
1344.457603,153,1731,0.5,0
1344.559142,155,1735,0.3999999999999999,0
1344.659888,51,1687,0.16000000000000014,0
1344.761157,89,1713,0.33000000000000007,0
1344.861618,158,1744,0.20999999999999996,0
1344.962673,141,1737,0.26000000000000023,0
1345.063796,180,1756,0.27000000000000046,0
1345.164646,131,1732,0.20999999999999996,0
1345.265848,110,1715,0.020000000000000462,0
1345.367044,108,1718,0.07000000000000028,0
1345.468321,189,1764,0.1599999999999997,0
1345.570454,118,1715,0.010000000000000231,0
1345.671308,24,1685,0.05999999999999961,0
1345.772386,129,1734,0.25,0
1345.873536,151,1746,0.25,0
1345.975158,73,1704,0.04999999999999982,0
1346.076379,180,1760,0.22000000000000064,0
1346.177212,80,1710,0.09999999999999964,0
1346.278165,175,1762,0.1999999999999993,0
1346.379251,85,1713,0.07000000000000028,0
1346.481041,148,1749,0.10999999999999943,0
1346.58224,183,1755,0.009999999999999787,0
1346.683404,113,1720,0.23999999999999932,0
1346.784587,184,1771,0.1900000000000004,0
1346.885687,190,1774,0.05999999999999961,0
1346.987342,156,1757,0.03000000000000025,0
1347.088533,117,1735,0.1299999999999999,0
1347.190026,181,1779,0.05999999999999961,0
1347.291397,147,1747,0.019999999999999574,0
1347.39294,159,1762,0.009999999999999787,0
1347.494108,155,1757,0.22999999999999954,0
1347.59571,104,1733,0.15000000000000036,0
1347.697098,135,1759,0.0600000000000005,0
1347.798685,135,1765,0.45999999999999996,0
1347.899385,153,1769,0.35000000000000053,0
1348.000374,185,1794,0.1900000000000004,0
1348.101799,196,1806,0.1200000000000001,0
1348.202598,164,1781,0.35999999999999943,0
1348.303829,152,1784,0.04999999999999982,0
1348.405405,158,1790,0.1299999999999999,0
1348.506539,135,1762,0.4400000000000004,0
1348.607792,107,1735,0.6500000000000004,0
1348.708772,115,1772,0.5499999999999998,0
1348.809631,177,1789,0.4200000000000008,0
1348.911084,101,1745,0.27999999999999936,0
1349.012246,106,1741,0.6300000000000008,0
1349.113788,150,1779,0.3699999999999992,0
1349.214231,95,1754,0.33999999999999986,0
1349.315563,116,1761,0.21999999999999886,0
1349.416745,146,1776,0.030000000000001137,0
1349.517743,49,1718,0.33000000000000007,0
1349.618754,181,1783,0.049999999999998934,0
1349.720012,49,1703,0.16999999999999993,0
1349.821279,110,1743,0.02999999999999936,0
1349.922376,104,1725,0.009999999999999787,0
1350.023327,100,1725,0.16999999999999993,0
1350.124372,118,1740,0.05999999999999872,0
1350.226091,97,1722,0.08000000000000007,0
1350.33015,107,1738,0.14000000000000057,0
1350.430612,145,1746,0.1899999999999995,0
1350.531591,65,1701,0.08999999999999986,0
1350.632823,163,1756,0.28000000000000114,0
1350.73403,98,1716,0.10000000000000142,0
1350.835541,210,1785,0.25,0
1350.937181,65,1710,0.11999999999999922,0
1351.038351,180,1761,0.1399999999999988,0
1351.139447,78,1700,0.2499999999999991,0
1351.240216,119,1713,0.7400000000000002,0
1351.341326,124,1721,0.2799999999999998,0
1351.442228,174,1720,0.42000000000000015,0
1351.543387,105,1716,0.41999999999999993,0
1351.644554,94,1708,0.24,0
1351.745771,204,1782,0.27999999999999997,0
1351.847024,60,1698,0.03,0
1351.948274,121,1717,0.13,0
1352.048937,189,1746,0.040000000000000036,0
1352.150191,156,1734,0.16000000000000014,0
1352.251262,85,1705,0.11000000000000032,0
1352.352397,52,1697,0.019999999999999574,0
1352.453286,150,1770,0.04999999999999982,0
1352.55443,83,1714,0.2599999999999998,0
1352.655301,137,1766,0.1899999999999995,0
1352.757169,111,1727,0.45999999999999996,0
1352.857442,89,1737,0.4299999999999997,0
1352.958825,77,1731,0.2400000000000002,0
1353.059776,171,1776,0.3100000000000005,0
1353.160652,95,1716,0.6000000000000005,0
1353.262262,139,1768,0.5800000000000001,0
1353.363065,61,1708,0.6099999999999999,0
1353.464241,130,1764,0.8199999999999998,0
1353.565571,163,1749,1.0,0
1353.666366,130,1724,1.0299999999999998,0
1353.768234,191,1758,0.48999999999999977,0
1353.868359,139,1759,0.56,0
1353.969801,160,1780,0.6,0
1354.070674,103,1733,0.81,0
1354.171608,89,1715,0.43,0
1354.272771,146,1749,0.27,0
1354.373859,41,1703,0.39,0
1354.474787,204,1732,0.10999999999999999,0
1354.576001,268,1777,0.13,0
1354.677026,186,1703,1.0899999999999999,0
1354.777728,241,1756,0.23999999999999977,0
1354.878983,184,1728,0.04999999999999982,0
1354.980569,238,1769,0.21999999999999975,0
1355.08158,183,1707,0.16999999999999993,0
1355.182418,205,1746,0.08000000000000007,0
1355.28359,287,1813,0.1800000000000015,0
1355.385246,352,1766,0.21000000000000085,0
1355.486237,197,1749,0.28999999999999915,0
1355.587616,147,1703,0.0600000000000005,0
1355.688527,252,1773,0.2900000000000009,0
1355.789599,239,1814,0.9600000000000009,0
1355.890552,189,1743,0.8399999999999999,0
1355.9922,142,1741,0.7100000000000009,0
1356.093943,92,1707,0.33999999999999986,0
1356.194683,190,1780,0.5199999999999996,0
1356.296061,287,1816,0.13999999999999968,0
1356.398166,350,1862,0.96,0
1356.499452,186,1748,0.43000000000000016,0
1356.600634,213,1767,0.3100000000000003,0
1356.701635,170,1774,0.4900000000000001,0
1356.803215,235,1786,0.17999999999999994,0
1356.904097,162,1771,0.07999999999999999,0
1357.005429,229,1754,0.04999999999999999,0
1357.106527,168,1727,0.08,0
1357.207391,178,1775,0.09,0
1357.309239,124,1751,0.13,0
1357.409724,165,1725,0.04,0
1357.510604,137,1720,0.12,0
1357.612278,131,1719,0.18,0
1357.713286,256,1802,0.08,0
1357.814414,124,1736,0.08,0
1357.915159,245,1757,0.15,0
1358.01657,156,1734,0.41,0
1358.117951,76,1703,0.4,0
1358.218824,79,1706,0.41,0
1358.320324,110,1724,0.16,0
1358.421128,113,1717,0.1,0
1358.522161,145,1736,0.03,0
1358.623568,80,1712,0.23,0
1358.724288,146,1739,0.34,0
1358.825564,213,1796,0.12,0
1358.92668,111,1711,0.05,0
1359.028331,189,1745,0.22,0
1359.129858,104,1738,0.44,0
1359.230987,86,1708,0.51,0
1359.332296,118,1736,0.26,0
1359.433813,143,1740,0.21,0
1359.534263,73,1725,0.46,0
1359.635348,127,1736,0.43,0
1359.736325,94,1721,0.46,0
1359.838225,87,1724,0.27,0
1359.93918,99,1714,0.22,0
1360.040131,114,1717,0.27,0
1360.141152,81,1704,0.33,0
1360.242419,116,1736,0.64,0
1360.343566,213,1759,0.17999999999999994,0
1360.444986,108,1715,0.2999999999999998,0
1360.545959,90,1707,0.6399999999999997,0
1360.647437,99,1717,0.8199999999999994,0
1360.748201,52,1699,0.4300000000000006,0
1360.84941,78,1717,0.11999999999999922,0
1360.950749,92,1727,0.08999999999999986,0
1361.051996,118,1744,0.2400000000000002,0
1361.152992,88,1739,0.009999999999999787,0
1361.253977,69,1713,0.040000000000000924,0
1361.35515,54,1709,0.28999999999999915,0
1361.456041,78,1735,0.41999999999999993,0
1361.558045,56,1712,0.16000000000000014,0
1361.658646,56,1705,0.2599999999999998,0
1361.760319,105,1747,0.46999999999999975,0
1361.861194,143,1735,0.9199999999999999,0
1361.962816,42,1700,0.6100000000000003,0
1362.06429,138,1736,0.6600000000000001,0
1362.165177,109,1734,0.3799999999999999,0
1362.266575,82,1728,0.5399999999999991,0
1362.367546,77,1706,0.41000000000000014,0
1362.469123,191,1759,0.4299999999999997,0
1362.570579,124,1738,0.3699999999999992,0
1362.671373,137,1747,0.629999999999999,0
1362.772827,82,1715,0.02000000000000135,0
1362.873578,80,1716,0.3100000000000005,0
1362.974667,154,1734,0.4800000000000004,0
1363.075795,118,1726,0.3799999999999999,0
1363.177333,196,1770,0.5299999999999994,0
1363.279062,84,1710,0.15000000000000036,0
1363.380152,159,1745,0.5099999999999998,0
1363.481347,104,1718,0.33999999999999986,0
1363.582284,192,1758,0.6099999999999999,0
1363.683777,102,1716,0.3700000000000001,0
1363.784388,185,1773,0.5,0
1363.885536,100,1715,0.2999999999999998,0
1363.987608,112,1730,0.44999999999999973,0
1364.088569,57,1700,0.09999999999999964,0
1364.189809,46,1686,0.11999999999999922,0
1364.290629,126,1740,0.15999999999999925,0
1364.391824,138,1751,0.23999999999999932,0
1364.493235,132,1734,0.3000000000000007,0
1364.59444,150,1745,0.1299999999999999,0
1364.695684,147,1748,0.21999999999999975,0
1364.797195,112,1719,0.13999999999999968,0
1364.898219,233,1791,0.46999999999999975,0
1364.999302,173,1775,0.41999999999999993,0
1365.100373,164,1765,0.08999999999999986,0
1365.20124,134,1730,0.07000000000000028,0
1365.302897,194,1768,0.0600000000000005,0
1365.403803,198,1767,0.20000000000000018,0
1365.505229,152,1757,0.0600000000000005,0
1365.606222,166,1767,0.0600000000000005,0
1365.706778,201,1798,0.010000000000000675,0
1365.8083,280,1844,0.05999999999999961,0
1365.90906,274,1828,0.3199999999999994,0
1366.010488,274,1812,0.5,0
1366.111253,306,1849,0.13999999999999968,0
1366.212804,336,1863,0.04999999999999982,0
1366.313789,168,1769,0.07000000000000028,0
1366.415361,181,1784,0.02999999999999936,0
1366.516827,161,1776,0.009999999999999787,0
1366.618078,160,1784,0.2699999999999996,0
1366.719035,144,1754,0.35999999999999943,0
1366.821179,113,1745,0.40000000000000036,0
1366.921649,89,1730,0.35999999999999943,0
1367.023125,173,1785,0.120000000000001,0
1367.124127,142,1731,0.379999999999999,0
1367.225137,79,1724,0.6399999999999988,0
1367.326259,77,1719,0.5699999999999985,0
1367.427341,85,1714,0.6100000000000012,0
1367.528481,94,1720,0.3100000000000005,0
1367.62958,120,1712,0.25,0
1367.733216,162,1729,0.25,0
1367.835189,124,1707,0.40000000000000036,0
1367.93632,184,1771,0.09999999999999964,0
1368.037181,156,1754,0.13000000000000078,0
1368.141274,212,1747,0.049999999999998934,0
1368.242115,251,1742,0.16000000000000014,0
1368.343883,146,1724,0.20999999999999908,0
1368.44443,171,1746,0.09000000000000163,0
1368.548308,127,1752,0.33999999999999986,0
1368.649384,96,1721,0.4800000000000004,0
1368.75063,128,1750,0.3099999999999987,0
1368.851399,212,1760,0.629999999999999,0
1368.953233,297,1808,0.0600000000000005,0
1369.053932,359,1862,0.33000000000000007,0
1369.155244,295,1834,0.3100000000000005,0
1369.256403,271,1839,0.13000000000000078,0
1369.35798,191,1791,0.049999999999998934,0
1369.458783,138,1739,0.11000000000000121,0
1369.560138,92,1727,0.23000000000000043,0
1369.661098,224,1747,0.14000000000000057,0
1369.76178,51,1691,0.0,0
1369.863211,217,1788,0.3100000000000005,0
1369.964027,344,1808,0.21000000000000085,0
1370.065057,269,1826,0.07000000000000028,0
1370.166443,187,1775,0.07000000000000028,0
1370.267327,210,1808,0.15000000000000036,0
1370.368744,236,1831,0.05000000000000071,0
1370.469593,137,1747,0.1800000000000015,0
1370.570816,168,1754,0.20999999999999908,0
1370.672145,157,1744,0.129999999999999,0
1370.772865,154,1741,0.049999999999998934,0
1370.874119,188,1793,0.040000000000000924,0
1370.975333,284,1821,0.3100000000000005,0
1371.075919,265,1833,0.3899999999999988,0
1371.177247,382,1889,0.34999999999999964,0
1371.27842,258,1807,0.0600000000000005,0
1371.379936,203,1786,0.009999999999999787,0
1371.480422,184,1791,0.019999999999999574,0
1371.581802,261,1825,0.15000000000000036,0
1371.682777,205,1789,0.009999999999999787,0
1371.783745,109,1716,0.23000000000000043,0
1371.885294,187,1761,0.29999999999999893,0
1371.98626,185,1760,0.08000000000000007,0
1372.08723,105,1707,0.28999999999999915,0
1372.18831,184,1767,0.17999999999999972,0
1372.28941,115,1730,0.1399999999999988,0
1372.391339,279,1803,0.4399999999999995,0
1372.492319,125,1707,0.39000000000000057,0
1372.593682,256,1789,0.16000000000000014,0
1372.695166,122,1724,0.1200000000000001,0
1372.797094,172,1764,0.1299999999999999,0
1372.898364,192,1775,0.2599999999999998,0
1373.00012,337,1872,0.3199999999999994,0
1373.101621,284,1847,0.4400000000000004,0
1373.202276,283,1866,0.45999999999999996,0
1373.303649,208,1747,0.20999999999999996,0
1373.405044,215,1781,0.1900000000000004,0
1373.506124,157,1767,0.11000000000000032,0
1373.607527,225,1798,0.0,0
1373.70836,172,1773,0.1299999999999999,0
1373.809596,88,1732,0.2400000000000002,0
1373.910566,114,1722,0.4400000000000004,0
1374.012234,254,1756,0.11999999999999922,0
1374.113619,103,1704,0.0699999999999994,0
1374.214329,180,1769,0.15999999999999925,0
1374.315551,175,1769,0.11000000000000032,0
1374.416611,176,1747,0.1200000000000001,0
1374.518285,87,1700,0.18999999999999995,0
1374.619294,230,1782,0.33000000000000007,0
1374.720213,152,1686,0.009999999999999898,0
1374.821585,127,1705,0.27,0
1374.925411,149,1740,0.23999999999999977,0
1375.026677,170,1709,0.040000000000000036,0
1375.12748,148,1743,0.05999999999999961,0
1375.229112,126,1746,0.3200000000000003,0
1375.330157,282,1817,0.3999999999999986,0
1375.431361,103,1726,0.20999999999999996,0
1375.532109,232,1808,0.2599999999999998,0
1375.633172,191,1807,0.05000000000000071,0
1375.734439,157,1764,0.3700000000000001,0
1375.836184,124,1737,0.4399999999999995,0
1375.93659,142,1743,0.9299999999999997,0
1376.03741,202,1799,0.40000000000000036,0
1376.141379,94,1714,0.5899999999999999,0
1376.242378,132,1719,0.3899999999999997,0
1376.344345,102,1668,0.3600000000000003,0
1376.444592,161,1711,1.0099999999999998,0
1376.546242,127,1701,1.0200000000000005,0
1376.646557,136,1704,0.919999999999999,0
1376.747828,154,1706,0.8399999999999999,0
1376.848981,181,1740,1.08,0
1376.950114,123,1719,1.2000000000000002,0
1377.051222,158,1743,1.1500000000000004,0
1377.152056,317,1822,1.5600000000000005,0
1377.253299,199,1798,1.1899999999999995,0
1377.354267,182,1823,0.7899999999999991,0
1377.455572,175,1824,1.0999999999999996,0
1377.557265,153,1793,0.8500000000000014,0
1377.657793,175,1786,0.8300000000000001,0
1377.759027,113,1761,0.7799999999999994,0
1377.860253,112,1755,0.40000000000000036,0
1377.961579,146,1790,0.8499999999999996,0
1378.062209,176,1783,0.6899999999999995,0
1378.163605,127,1747,0.7300000000000004,0
1378.26503,168,1755,0.4299999999999997,0
1378.366175,207,1789,0.7400000000000002,0
1378.46743,291,1829,0.5900000000000001,0
1378.568363,256,1819,0.98,0
1378.66939,160,1703,0.5499999999999998,0
1378.77103,118,1705,0.48999999999999977,0
1378.872303,107,1698,0.54,0
1378.973175,92,1703,0.3200000000000003,0
1379.074326,53,1679,0.08000000000000007,0
1379.176183,98,1721,0.10000000000000053,0
1379.277592,186,1773,0.7300000000000004,0
1379.378275,135,1746,0.41000000000000014,0
1379.479067,160,1755,0.16999999999999993,0
1379.580489,158,1754,0.16000000000000014,0
1379.681184,119,1735,0.1399999999999988,0
1379.782521,112,1731,0.40000000000000036,0
1379.883772,95,1721,0.6500000000000004,0
1379.985087,86,1720,0.7100000000000009,0
1380.086275,84,1720,0.7300000000000004,0
1380.187066,98,1725,0.6900000000000013,0
1380.288341,98,1723,1.0100000000000016,0
1380.390074,88,1714,0.5199999999999996,0
1380.491284,96,1710,0.5199999999999996,0
1380.592187,88,1713,0.3500000000000014,0
1380.693588,131,1729,0.8999999999999995,0
1380.795594,108,1711,1.0599999999999996,0
1380.896439,119,1713,0.7599999999999998,0
1380.998193,78,1701,0.6600000000000001,0
1381.099232,96,1714,0.79,0
1381.201082,202,1769,0.6800000000000002,0
1381.302304,56,1708,0.4600000000000002,0
1381.403843,110,1745,0.8500000000000001,0
1381.505405,170,1794,0.4100000000000006,0
1381.605651,57,1735,0.9500000000000002,0
1381.707163,276,1829,0.8300000000000001,0
1381.808334,29,1749,0.16000000000000014,0
1381.909673,256,1873,0.33000000000000185,0
1382.010549,200,1762,0.19000000000000128,0
1382.112022,130,1775,0.39000000000000057,0
1382.21267,129,1768,0.259999999999998,0
1382.314002,138,1768,0.3400000000000034,0
1382.415546,102,1733,0.1700000000000017,0
1382.516221,202,1803,1.120000000000001,0
1382.617346,179,1784,1.0399999999999991,0
1382.718388,98,1736,0.8000000000000007,0
1382.820378,99,1725,0.5199999999999996,0
1382.921127,111,1745,0.16000000000000014,0
1383.02213,380,1846,0.8899999999999988,0
1383.123181,94,1722,1.5999999999999996,0
1383.224676,206,1783,1.2599999999999998,0
1383.3258,150,1730,0.8699999999999992,0
1383.426687,227,1772,1.049999999999999,0
1383.527841,230,1780,0.9500000000000011,0
1383.630135,107,1724,0.620000000000001,0
1383.730559,158,1738,0.6300000000000008,0
1383.832182,96,1700,0.5099999999999998,0
1383.932987,118,1709,0.3699999999999992,0
1384.03361,76,1699,0.5,0
1384.135086,265,1739,0.9900000000000002,0
1384.236047,54,1671,1.0499999999999998,0
1384.337478,277,1787,0.96,0
1384.438572,62,1678,0.40000000000000036,0
1384.539166,92,1685,0.019999999999999574,0
1384.640235,131,1703,0.08000000000000007,0
1384.741238,172,1745,0.6200000000000001,0
1384.842544,100,1694,0.31999999999999984,0
1384.944233,89,1696,0.2200000000000002,0
1385.044649,104,1700,0.1499999999999999,0
1385.145657,109,1697,0.010000000000000009,0
1385.247089,57,1670,0.39999999999999997,0
1385.348593,108,1698,0.23,0
1385.449267,226,1757,0.59,0
1385.550453,162,1732,0.08000000000000007,0
1385.651619,146,1721,0.45999999999999996,0
1385.752809,290,1799,0.54,0
1385.854449,103,1702,0.4500000000000002,0
1385.955363,134,1753,0.3700000000000001,0
1386.056449,161,1756,0.5099999999999998,0
1386.158021,172,1765,0.5899999999999999,0
1386.259275,179,1781,0.4500000000000002,0
1386.360165,155,1761,0.27000000000000046,0
1386.461205,221,1769,0.28000000000000025,0
1386.562585,95,1711,0.020000000000000462,0
1386.66332,210,1762,0.020000000000000462,0
1386.764425,218,1753,0.03000000000000025,0
1386.866209,151,1705,0.19000000000000128,0
1386.967132,143,1708,0.6799999999999997,0
1387.06854,169,1744,0.33999999999999986,0
1387.169157,214,1749,0.6199999999999992,0
1387.270223,177,1728,0.3200000000000003,0
1387.371295,206,1752,0.5199999999999996,0
1387.472667,159,1749,0.2599999999999998,0
1387.573321,171,1713,0.5399999999999991,0
1387.674362,148,1748,0.6999999999999993,0
1387.775758,113,1708,0.27999999999999936,0
1387.876908,191,1743,0.5,0
1387.978292,81,1702,0.25,0
1388.079034,184,1744,1.1899999999999995,0
1388.179837,250,1779,0.9600000000000009,0
1388.280794,402,1881,0.7199999999999989,1
1388.382388,259,1790,0.4399999999999995,0
1388.484107,233,1828,0.5399999999999991,0
1388.585192,136,1741,0.04999999999999716,0
1388.686187,314,1830,0.3999999999999986,0
1388.78718,174,1785,0.8000000000000007,0
1388.888661,127,1728,0.9599999999999973,0
1388.991194,102,1750,0.75,0
1389.091601,124,1740,0.7100000000000009,0
1389.193124,199,1795,1.0899999999999999,0
1389.294266,111,1753,1.25,0
1389.396424,144,1756,1.1600000000000001,0
1389.497777,176,1776,0.4399999999999977,0
1389.598761,163,1785,1.0299999999999976,0
1389.700224,130,1766,0.75,0
1389.801772,79,1716,0.7900000000000027,0
1389.903211,99,1737,1.4400000000000013,0
1390.003783,129,1758,0.8999999999999986,0
1390.104788,116,1751,0.5400000000000027,0
1390.20614,46,1738,1.0500000000000007,0
1390.307711,226,1805,1.2199999999999989,0
1390.408837,66,1740,0.6900000000000013,0
1390.509649,162,1784,0.8099999999999987,0
1390.610526,128,1775,0.8300000000000018,0
1390.71224,144,1789,0.6099999999999994,0
1390.813379,137,1800,0.5300000000000011,0
1390.91476,225,1853,0.7200000000000024,0
1391.016257,68,1774,0.5599999999999987,0
1391.116896,63,1776,0.08000000000000185,0
1391.218237,95,1777,0.5800000000000001,0
1391.319423,111,1789,0.5499999999999989,0
1391.420989,154,1823,0.4900000000000002,0
1391.524693,218,1867,0.5600000000000005,0
1391.62564,96,1796,0.26000000000000156,0
1391.726972,194,1846,0.33000000000000007,0
1391.828424,274,1882,0.4499999999999993,0
1391.929422,174,1824,0.3299999999999992,0
1392.030273,95,1735,0.6200000000000001,0
1392.131436,117,1750,0.7899999999999999,0
1392.232582,117,1750,0.78,0
1392.334188,39,1685,0.07999999999999999,0
1392.435232,190,1731,0.29000000000000004,0
1392.538611,240,1745,0.22999999999999998,0
1392.639443,164,1709,0.6500000000000004,0
1392.740816,149,1702,0.20999999999999996,0
1392.842152,148,1699,0.02999999999999936,0
1392.943805,337,1758,0.05000000000000071,0
1393.044413,107,1675,0.05000000000000071,0
1393.145388,272,1725,0.25,0
1393.24666,158,1698,0.5199999999999996,0
1393.347776,123,1651,0.4499999999999993,0
1393.449628,199,1661,0.1700000000000017,0
1393.55056,82,1598,0.08000000000000185,0
1393.651757,262,1717,0.129999999999999,0
1393.753079,69,1637,0.3100000000000023,0
1393.854098,240,1714,0.26000000000000156,0
1393.955357,212,1713,0.1999999999999993,0
1394.056055,189,1700,0.05999999999999872,0
1394.157429,173,1724,0.5700000000000003,0
1394.259133,221,1762,0.17999999999999972,0
1394.360279,125,1725,0.16000000000000014,0
1394.462093,66,1677,0.26000000000000156,0
1394.562413,128,1717,0.28000000000000114,0
1394.66375,191,1743,0.3000000000000007,0
1394.76535,202,1744,0.0,0
1394.866363,56,1694,0.26000000000000156,0
1394.968475,238,1776,0.16999999999999815,0
1395.069202,111,1726,0.2699999999999996,0
1395.170272,267,1788,0.14999999999999858,0
1395.27161,109,1728,0.1999999999999993,0
1395.373098,153,1732,0.3099999999999987,0
1395.473966,226,1780,0.490000000000002,0
1395.575432,144,1776,0.5700000000000003,0
1395.676549,141,1772,0.740000000000002,0
1395.778323,138,1773,0.8100000000000023,0
1395.878671,121,1763,0.5800000000000018,0
1395.980222,102,1739,0.41000000000000014,0
1396.08117,122,1766,0.9699999999999989,0
1396.182118,88,1737,0.6499999999999986,0
1396.283364,101,1739,0.8900000000000006,0
1396.384107,129,1782,1.1799999999999997,0
1396.48523,146,1764,1.1099999999999994,0
1396.586998,160,1788,1.2899999999999991,0
1396.687784,143,1757,0.8599999999999994,0
1396.789322,114,1775,1.3299999999999983,0
1396.890097,95,1760,0.9100000000000001,0
1396.991451,130,1795,1.1900000000000013,0
1397.092437,143,1797,1.0399999999999991,0
1397.193837,189,1784,0.6400000000000006,0
1397.295324,168,1817,0.8699999999999974,0
1397.396578,97,1766,0.7899999999999991,0
1397.497783,74,1742,0.5800000000000018,0
1397.600105,139,1791,0.4499999999999993,0
1397.700775,159,1819,0.48999999999999844,0
1397.802171,175,1787,0.3999999999999986,0
1397.903419,220,1776,0.25,0
1398.004757,184,1765,0.23000000000000043,0
1398.105661,182,1766,0.1999999999999993,0
1398.207173,198,1790,0.060000000000002274,0
1398.308253,126,1787,0.08000000000000185,0
1398.409204,93,1778,0.3500000000000014,0
1398.510096,171,1839,0.22999999999999687,0
1398.611294,111,1768,0.08000000000000185,0
1398.712482,128,1783,0.05000000000000071,0
1398.813819,141,1806,0.03999999999999915,0
1398.91444,177,1837,0.2699999999999996,0
1399.01559,65,1787,0.25,0
1399.1166,173,1839,0.08999999999999986,0
1399.218151,94,1791,0.28999999999999915,0
1399.319003,197,1882,0.02999999999999936,0
1399.420417,216,1845,0.17999999999999972,0
1399.52161,171,1814,0.07000000000000028,0
1399.622525,145,1801,0.3799999999999999,0
1399.726344,96,1770,0.29000000000000004,0
1399.827448,91,1782,0.21999999999999975,0
1399.928383,137,1793,0.2699999999999996,0
1400.029334,175,1809,0.14000000000000012,0
1400.133292,130,1790,0.17999999999999972,0
1400.234235,183,1817,0.10000000000000009,0
1400.336164,149,1823,0.57,0
1400.436647,120,1811,0.13,0
1400.540795,171,1809,0.27,0
1400.641448,125,1796,0.09000000000000008,0
1400.742376,280,1864,0.3799999999999999,0
1400.844152,172,1838,0.28000000000000025,0
1400.944636,119,1786,0.14000000000000012,0
1401.045618,132,1852,0.040000000000000036,0
1401.146775,201,1865,0.06999999999999984,0
1401.247596,121,1845,0.16999999999999993,0
1401.349519,193,1883,0.4700000000000002,0
1401.45013,236,1895,0.5599999999999996,0
1401.551344,190,1878,0.08000000000000007,0
1401.652433,78,1818,0.17999999999999972,0
1401.753525,169,1845,0.0600000000000005,0
1401.855148,338,1876,0.1800000000000015,0
1401.956063,299,1810,0.9599999999999991,0
1402.057375,232,1738,0.6600000000000001,0
1402.158081,258,1759,0.28999999999999915,0
1402.259214,218,1696,0.33999999999999986,0
1402.361085,269,1673,0.36999999999999744,0
1402.462016,458,1711,0.75,0
1402.563201,241,1665,0.6899999999999977,0
1402.664297,198,1560,0.4800000000000004,0
1402.765255,248,1568,0.10999999999999943,0
1402.866643,326,1592,0.07000000000000028,0
1402.968117,176,1509,0.46999999999999886,0
1403.069216,484,1702,0.08999999999999986,0
1403.170168,118,1621,1.129999999999999,0
1403.27136,180,1625,1.0999999999999979,0
1403.372242,325,1658,1.0400000000000027,0
1403.473832,268,1670,1.2200000000000024,0
1403.576147,173,1635,1.0299999999999976,0
1403.676785,439,1739,1.25,0
1403.778287,337,1682,1.1199999999999974,0
1403.879216,296,1677,1.1000000000000014,0
1403.980384,87,1603,1.5600000000000023,0
1404.081832,224,1679,2.0199999999999996,0
1404.183139,328,1741,1.8000000000000007,0
1404.284263,271,1722,1.9800000000000004,0
1404.385589,218,1716,1.5999999999999979,0
1404.486601,223,1745,0.9799999999999969,0
1404.588535,265,1857,1.3500000000000014,0
1404.689392,76,1812,0.379999999999999,0
1404.790588,229,1906,0.43000000000000327,0
1404.892224,93,1818,0.029999999999997584,0
1404.993673,214,1863,0.5100000000000016,0
1405.094977,149,1827,0.370000000000001,0
1405.196809,148,1796,0.9100000000000001,0
1405.2976,155,1799,0.9499999999999993,0
1405.39915,97,1775,1.1600000000000001,0
1405.499994,91,1769,1.4800000000000004,0
1405.602238,81,1765,1.4299999999999997,0
1405.702619,58,1767,1.3399999999999999,0
1405.804,12,1738,1.4899999999999984,0
1405.904653,67,1755,1.870000000000001,0
1406.006567,126,1778,1.9499999999999993,0
1406.106819,117,1772,2.26,0
1406.208208,63,1757,1.9600000000000009,0
1406.309239,100,1802,1.7200000000000006,0
1406.410551,142,1829,1.17,0
1406.511388,134,1818,0.9499999999999993,0
1406.612623,61,1766,1.1199999999999992,0
1406.713533,139,1773,1.1400000000000006,0
1406.815393,122,1782,0.6300000000000008,0
1406.916087,158,1787,0.33000000000000007,0
1407.017254,209,1756,0.23000000000000043,0
1407.118811,184,1749,0.21999999999999886,0
1407.219622,113,1733,0.34999999999999964,0
1407.320809,151,1758,0.34000000000000163,0
1407.422208,133,1752,1.1899999999999995,0
1407.523186,116,1736,0.7899999999999991,0
1407.624233,140,1736,0.33999999999999986,0
1407.725163,60,1717,0.39000000000000057,0
1407.828586,139,1759,0.2400000000000002,0
1407.930176,160,1830,0.8599999999999994,0
1408.03142,173,1833,1.1799999999999997,0
1408.132375,118,1759,0.8099999999999996,0
1408.234207,249,1793,0.15000000000000036,0
1408.335989,280,1813,0.9000000000000004,0
1408.436556,274,1845,1.1099999999999999,0
1408.538118,433,1796,0.9100000000000001,0
1408.638971,39,1666,1.01,0
1408.740229,50,1654,0.1200000000000001,0
1408.842111,126,1669,0.6800000000000002,0
1408.942789,285,1767,0.9100000000000001,0
1409.043591,217,1649,0.5999999999999996,0
1409.145143,210,1630,0.5300000000000002,0
1409.246128,211,1598,0.16000000000000014,0
1409.347008,371,1631,0.22000000000000064,0
1409.448441,256,1597,0.4399999999999995,0
1409.549129,364,1658,0.33000000000000007,0
1409.650308,227,1649,0.7699999999999996,0
1409.751772,267,1679,0.47000000000000064,0
1409.852562,311,1732,1.7200000000000006,0
1409.954252,521,1739,1.0199999999999996,0
1410.054571,409,1743,1.7199999999999989,0
1410.155792,358,1689,1.9100000000000001,0
1410.256784,371,1778,2.380000000000001,0
1410.358275,391,1799,2.7300000000000004,0
1410.459549,390,1786,3.379999999999999,0
1410.560415,406,1828,2.8100000000000023,1
1410.661421,284,1816,2.759999999999998,0
1410.76256,250,1841,1.5500000000000007,0
1410.864572,388,1884,1.0200000000000031,0
1410.965231,121,1761,0.4499999999999993,0
1411.066371,184,1786,0.5,0
1411.167352,216,1808,0.26000000000000156,0
1411.269066,170,1788,0.9300000000000015,0
1411.370363,101,1762,0.629999999999999,0
1411.471398,209,1801,0.3200000000000003,0
1411.573043,123,1774,0.41000000000000014,0
1411.674234,113,1774,1.1799999999999997,0
1411.77476,158,1794,1.1500000000000004,0
1411.876131,171,1802,1.2199999999999989,0
1411.97688,211,1844,1.1500000000000004,0
1412.078302,146,1817,1.1600000000000001,0
1412.17965,137,1814,1.5499999999999998,0
1412.280412,123,1792,1.63,0
1412.382053,209,1855,1.2400000000000002,0
1412.483066,110,1782,0.9299999999999997,0
1412.584572,204,1815,1.9100000000000001,0
1412.685208,171,1850,1.59,0
1412.786541,119,1782,1.72,0
1412.888325,155,1833,1.22,0
1412.989423,195,1849,1.09,0
1413.090437,103,1797,0.96,0
1413.191454,160,1817,0.99,0
1413.292877,199,1783,1.06,0
1413.394406,163,1736,0.48,0
1413.495606,157,1729,0.88,0
1413.596745,131,1703,0.37,0
1413.698027,243,1718,0.7000000000000001,0
1413.799556,204,1760,0.96,0
1413.90055,123,1680,1.1600000000000001,0
1414.001971,192,1711,1.23,0
1414.103236,55,1673,0.4800000000000002,0
1414.204068,179,1753,0.09999999999999987,0
1414.305239,191,1763,0.2300000000000002,0
1414.406198,213,1779,0.43999999999999995,0
1414.507372,86,1710,0.42000000000000015,0
1414.608645,292,1787,0.45999999999999996,0
1414.710272,380,1752,0.5700000000000003,0
1414.811135,271,1726,0.9700000000000002,0
1414.912032,277,1720,0.7400000000000002,0
1415.013542,301,1767,1.0999999999999996,0
1415.115277,198,1688,0.6500000000000004,0
1415.215638,193,1691,0.5500000000000007,0
1415.317314,241,1736,0.5099999999999998,0
1415.418358,226,1721,0.7000000000000011,0
1415.519224,200,1681,0.4900000000000002,0
1415.621028,185,1651,0.34999999999999964,0
1415.724415,146,1653,0.46999999999999886,0
1415.825275,75,1631,1.0300000000000011,0
1415.926354,89,1671,1.1300000000000008,0
1416.027556,228,1757,1.0500000000000007,0
1416.131312,134,1718,0.5,0
1416.232254,295,1786,0.8000000000000007,0
1416.333452,215,1760,1.2100000000000009,0
1416.43513,128,1744,1.3900000000000006,0
1416.535679,163,1741,0.990000000000002,0
1416.636637,169,1772,1.6799999999999997,0
1416.738185,125,1743,1.1799999999999997,0
1416.839254,165,1819,0.7300000000000004,0
1416.943258,126,1760,0.0600000000000005,0
1417.044427,164,1770,0.13000000000000078,0
1417.145346,167,1771,0.6900000000000013,0
1417.24681,195,1778,1.1500000000000004,0
1417.347681,183,1782,1.4299999999999997,0
1417.44858,173,1785,1.049999999999999,0
1417.549671,113,1748,1.1899999999999995,0
1417.65036,291,1797,0.7400000000000002,0
1417.752123,367,1834,1.6099999999999994,0
1417.85255,105,1729,2.3200000000000003,0
1417.95421,136,1748,2.0500000000000007,0
1418.05467,215,1773,1.6400000000000006,0
1418.156255,178,1790,1.5599999999999987,0
1418.257326,165,1801,1.7200000000000006,0
1418.358481,181,1808,1.7599999999999998,0
1418.460245,174,1751,1.7599999999999998,0
1418.56142,135,1785,1.379999999999999,0
1418.661991,373,1853,1.9700000000000006,0
1418.763137,333,1878,2.16,0
1418.864098,215,1786,2.08,0
1418.965615,255,1850,1.2699999999999996,0
1419.066214,306,1880,0.8099999999999996,0
1419.16728,397,1909,1.1900000000000004,0
1419.269042,309,1836,0.29000000000000004,0
1419.370297,308,1842,0.6699999999999999,0
1419.47116,273,1842,0.9400000000000004,0
1419.572312,285,1846,0.4900000000000002,0
1419.673379,261,1745,0.8499999999999988,0
1419.774187,301,1823,0.6099999999999994,0
1419.875457,221,1798,0.2400000000000002,0
1419.977179,323,1783,0.47000000000000064,0
1420.078393,251,1784,0.16000000000000014,0
1420.180101,184,1739,0.629999999999999,0
1420.280637,293,1730,0.5,0
1420.381963,363,1762,0.75,0
1420.483122,401,1755,0.019999999999999574,0
1420.584225,377,1791,0.11000000000000121,0
1420.685009,286,1759,0.3699999999999992,0
1420.786342,559,1781,0.8899999999999988,0
1420.887386,525,1907,0.09999999999999964,1
1420.989703,196,1681,0.3700000000000001,0
1421.090166,112,1666,0.0699999999999994,0
1421.191285,229,1713,0.2699999999999998,0
1421.292054,196,1727,0.53,0
1421.393789,188,1764,0.040000000000000036,0
1421.494616,222,1778,0.5899999999999999,0
1421.596053,149,1826,0.6999999999999997,0
1421.697187,112,1778,0.75,0
1421.79886,209,1830,0.6699999999999999,0
1421.899588,98,1774,0.46999999999999975,0
1422.000798,184,1817,0.6699999999999999,0
1422.102195,97,1742,1.0099999999999998,0
1422.20292,157,1776,0.8600000000000012,0
1422.304341,78,1734,0.46999999999999886,0
1422.405157,135,1758,0.3200000000000003,0
1422.50629,121,1747,0.6500000000000004,0
1422.607578,81,1734,0.7999999999999989,0
1422.708599,123,1752,0.5499999999999989,0
1422.810415,137,1764,0.3200000000000003,0
1422.911205,161,1781,0.2400000000000002,0
1423.012343,98,1748,0.1999999999999993,0
1423.113617,175,1786,0.5500000000000007,0
1423.215248,126,1754,0.4399999999999995,0
1423.31617,170,1779,0.34999999999999964,0
1423.41727,126,1756,0.6400000000000006,0
1423.51879,232,1796,0.9000000000000004,0
1423.619796,306,1802,0.5200000000000014,0
1423.723879,240,1782,0.40999999999999837,0
1423.825241,228,1736,0.02999999999999936,0
1423.926416,282,1808,0.030000000000001137,0
1424.0274,151,1721,0.0,0
1424.13123,161,1744,0.4599999999999991,0
1424.232342,132,1707,0.34999999999999964,0
1424.334129,285,1765,0.15000000000000036,0
1424.43505,94,1717,0.17999999999999972,0
1424.538546,173,1778,0.07000000000000028,0
1424.639811,228,1815,0.08999999999999986,0
1424.74124,189,1789,0.27000000000000135,0
1424.842455,82,1735,0.16999999999999993,0
1424.942814,159,1780,0.23000000000000043,0
1425.044104,310,1846,0.27999999999999936,0
1425.145236,325,1863,0.34999999999999964,0
1425.246294,328,1830,0.6000000000000005,0
1425.347079,303,1874,1.0299999999999994,0
1425.448161,177,1772,0.9199999999999999,0
1425.549041,100,1744,0.4400000000000004,0
1425.650126,134,1754,0.6299999999999999,0
1425.75152,362,1855,0.16999999999999993,0
1425.852189,370,1897,0.41999999999999993,0
1425.953407,310,1872,0.5299999999999994,0
1426.054693,232,1836,0.3200000000000003,0
1426.155964,399,1873,1.1199999999999999,0
1426.257287,552,1948,1.9,1
1426.358045,347,1897,2.35,0
1426.459099,279,1855,0.96,0
1426.560256,104,1743,0.30999999999999994,0
1426.661578,191,1758,0.030000000000000027,0
1426.762335,308,1817,0.020000000000000018,0
1426.863607,311,1815,0.4500000000000002,0
1426.96524,385,1890,0.6400000000000006,0
1427.066161,285,1752,0.8399999999999999,0
1427.167262,126,1729,0.9699999999999998,0
1427.268343,199,1779,0.6799999999999997,0
1427.369746,226,1761,0.9699999999999998,0
1427.471106,258,1799,0.4299999999999997,0
1427.57203,266,1769,0.4900000000000002,0
1427.672984,127,1722,0.5800000000000001,0
1427.774295,238,1767,0.54,0
1427.875617,165,1714,0.8700000000000001,0
1427.977224,169,1760,0.7199999999999998,0
1428.07822,101,1724,0.5,0
1428.179262,217,1741,0.8100000000000005,0
1428.280235,182,1754,0.7799999999999994,0
1428.382117,217,1700,1.3099999999999996,0
1428.482606,245,1703,1.33,0
1428.583659,237,1731,0.9800000000000004,0
1428.685286,245,1756,0.35999999999999943,0
1428.786378,186,1724,0.5999999999999996,0
1428.887845,231,1737,1.0899999999999999,0
1428.989585,143,1723,0.9199999999999999,0
1429.090595,190,1763,0.9299999999999997,0
1429.19158,162,1750,0.5,0
1429.292808,201,1765,0.6799999999999997,0
1429.394303,217,1732,0.7799999999999994,0
1429.495334,155,1744,0.27000000000000046,0
1429.596588,194,1783,0.54,0
1429.697653,124,1733,0.5800000000000001,0
1429.799591,69,1695,0.45999999999999996,0
1429.900436,21,1690,0.29000000000000004,0
1430.001621,72,1706,0.27,0
1430.102533,54,1696,0.17000000000000015,0
1430.204106,68,1705,0.5999999999999999,0
1430.304805,87,1727,0.030000000000000027,0
1430.406058,207,1749,0.07000000000000006,0
1430.506941,68,1728,0.38,0
1430.608164,225,1778,0.55,0
1430.709303,242,1794,0.88,0
1430.810151,142,1781,0.18,0
1430.911457,118,1756,0.21000000000000002,0
1431.013038,28,1716,0.22,0
1431.114242,72,1752,0.19,0
1431.214774,138,1771,0.12,0
1431.316148,108,1768,0.15,0
1431.417238,63,1739,0.15,0
1431.518401,153,1784,0.09,0
1431.619871,172,1788,0.019999999999999962,0
1431.721018,140,1755,0.10999999999999999,0
1431.821805,144,1774,0.78,0
1431.923172,135,1772,0.42000000000000004,0
1432.023893,152,1775,0.18,0
1432.128159,113,1752,0.06,0
1432.228613,118,1732,0.38,0
1432.330379,133,1766,0.16,0
1432.431163,137,1739,0.36,0
1432.531626,165,1765,0.86,0
1432.632663,169,1765,0.79,0
1432.733599,116,1745,0.4,0
1432.835235,124,1747,0.14,0
1432.93605,126,1757,0.16999999999999998,0
1433.036438,102,1729,0.14,0
1433.138088,118,1716,0.23999999999999996,0
1433.23883,98,1695,0.030000000000000027,0
1433.343025,128,1712,0.15999999999999998,0
1433.443659,51,1676,0.020000000000000018,0
1433.544594,141,1696,0.04000000000000001,0
1433.645797,182,1717,0.14,0
1433.746677,179,1734,0.04,0
1433.847631,222,1749,0.36,0
1433.949268,159,1729,0.47,0
1434.050275,243,1811,0.6,0
1434.151056,274,1820,0.74,0
1434.252265,243,1800,0.75,0
1434.353557,87,1708,0.19,0
1434.45481,132,1743,0.17,0
1434.55613,44,1702,0.18,0
1434.656756,191,1757,0.85,0
1434.758168,190,1791,0.54,0
1434.859446,220,1815,0.58,0
1434.960574,168,1788,0.5,0
1435.061188,114,1749,0.46,0
1435.162003,160,1756,1.13,0
1435.263189,299,1810,1.22,0
1435.364258,169,1759,1.38,0
1435.464998,156,1755,1.32,0
1435.565778,187,1736,0.5299999999999999,0
1435.667026,136,1756,0.72,0
1435.768139,185,1732,0.8700000000000001,0
1435.869503,105,1755,1.4300000000000002,0
1435.970337,243,1772,0.5899999999999999,0
1436.071227,135,1726,0.71,0
1436.172617,213,1776,0.9800000000000004,0
1436.273428,157,1721,0.41000000000000014,0
1436.37524,170,1690,0.9099999999999993,0
1436.475528,223,1691,1.2300000000000004,0
1436.576839,253,1714,1.1799999999999997,0
1436.677767,157,1683,1.2400000000000002,0
1436.779088,317,1740,0.8499999999999996,0
1436.88055,106,1688,0.7599999999999998,0
1436.981192,138,1709,0.6500000000000004,0
1437.082177,220,1747,1.2400000000000002,0
1437.183643,214,1716,1.209999999999999,0
1437.285063,267,1695,1.3099999999999987,0
1437.386798,155,1632,0.8399999999999999,0
1437.487566,172,1685,0.3500000000000014,0
1437.589221,306,1751,0.6999999999999993,0
1437.690172,168,1671,1.0300000000000011,0
1437.79211,360,1750,1.370000000000001,0
1437.892797,238,1737,1.75,0
1437.99483,283,1775,1.67,0
1438.095845,372,1814,2.219999999999999,0
1438.198101,258,1787,3.040000000000001,0
1438.299634,162,1756,2.5299999999999994,0
1438.401178,361,1844,1.7199999999999989,0
1438.502384,454,1842,0.47000000000000064,1
1438.603887,514,1917,0.28000000000000114,1
1438.704992,509,1830,0.6799999999999997,1
1438.805826,250,1788,0.4400000000000013,0
1438.907145,403,1917,1.9100000000000001,1
1439.008444,347,1849,2.42,0
1439.109815,171,1766,0.3600000000000003,0
1439.210806,159,1764,0.7600000000000007,0
1439.311671,91,1708,0.8399999999999999,0
1439.413135,201,1715,0.7000000000000002,0
1439.514317,163,1706,0.9299999999999997,0
1439.615346,103,1717,0.9199999999999999,0
1439.715946,124,1718,1.08,0
1439.817103,222,1791,0.7700000000000005,0
1439.917966,241,1744,0.2900000000000009,0
1440.019365,149,1742,0.3199999999999994,0
1440.123183,62,1692,0.3299999999999992,0
1440.22441,104,1700,0.7400000000000011,0
1440.328607,164,1723,0.7700000000000005,0
1440.429241,154,1735,0.5100000000000007,0
1440.530105,213,1773,0.0,0
1440.631247,174,1738,0.4299999999999997,0
1440.734646,166,1748,0.11000000000000121,0
1440.836313,126,1722,0.21000000000000085,0
1440.936993,180,1746,0.3100000000000005,0
1441.038275,281,1810,0.17999999999999972,0
1441.139006,167,1761,0.17999999999999972,0
1441.2401,271,1771,0.26000000000000156,0
1441.341438,253,1759,0.4400000000000013,0
1441.442111,331,1753,0.030000000000001137,0
1441.546088,214,1767,0.15000000000000036,0
1441.646639,90,1687,0.3699999999999992,0
1441.748118,232,1745,0.23000000000000043,0
1441.84881,118,1695,0.02999999999999936,0
1441.950673,176,1746,0.22999999999999865,0
1442.051245,222,1741,0.11999999999999922,0
1442.152342,270,1741,0.11000000000000121,0
1442.253625,113,1712,0.15000000000000036,0
1442.354679,304,1774,0.23000000000000043,0
1442.456168,263,1771,0.129999999999999,0
1442.557348,112,1718,0.06999999999999851,0
1442.658428,251,1778,0.21000000000000085,0
1442.759142,152,1747,0.1399999999999988,0
1442.860431,165,1753,0.019999999999999574,0
1442.961844,173,1746,0.17999999999999972,0
1443.063183,187,1764,0.03999999999999915,0
1443.164154,83,1730,0.08000000000000185,0
1443.265008,253,1857,0.030000000000001137,0
1443.366599,262,1832,0.6400000000000006,0
1443.467684,283,1855,0.9800000000000004,0
1443.569564,270,1885,0.6499999999999986,0
1443.670228,171,1787,0.7599999999999998,0
1443.771261,101,1780,0.5199999999999996,0
1443.872677,204,1848,1.0500000000000007,0
1443.973413,223,1857,0.9399999999999995,0
1444.074588,226,1859,0.6799999999999997,0
1444.176786,173,1797,1.1400000000000006,0
1444.277536,251,1813,0.9299999999999997,0
1444.379306,284,1897,1.44,0
1444.479762,164,1785,1.46,0
1444.581168,207,1816,1.24,0
1444.682262,133,1806,1.37,0
1444.78363,193,1802,0.6399999999999999,0
1444.884244,179,1843,1.08,0
1444.98616,249,1834,1.4400000000000004,0
1445.08812,230,1780,1.83,0
1445.188614,148,1787,1.2699999999999996,0
1445.289376,204,1747,1.2700000000000005,0
1445.39035,211,1765,1.3599999999999994,0
1445.491835,154,1730,1.3100000000000005,0
1445.593359,72,1694,1.459999999999999,0
1445.694409,163,1707,0.9700000000000006,0
1445.796016,201,1720,1.290000000000001,0
1445.897795,181,1701,1.2300000000000004,0
1445.999347,182,1747,1.1800000000000015,0
1446.100562,251,1704,1.4799999999999986,0
1446.202031,287,1714,1.33,0
1446.303232,275,1766,0.9000000000000004,0
1446.404678,190,1679,0.6699999999999999,0
1446.505777,200,1682,0.7900000000000009,0
1446.607219,311,1739,1.0999999999999996,0
1446.708441,158,1687,1.25,0
1446.809391,119,1684,1.1099999999999994,0
1446.910332,148,1706,1.3000000000000007,0
1447.011392,190,1738,1.2800000000000011,0
1447.112844,299,1755,1.6599999999999984,0
1447.213972,197,1758,1.3200000000000003,0
1447.315044,197,1759,1.5599999999999987,0
1447.41593,161,1740,1.3599999999999994,0
1447.51733,90,1726,0.9299999999999997,0
1447.61882,130,1773,0.8100000000000005,0
1447.720229,116,1743,0.34999999999999964,0
1447.821433,165,1779,0.049999999999998934,0
1447.922625,87,1725,0.23000000000000043,0
1448.024099,185,1770,0.030000000000001137,0
1448.125132,77,1742,0.049999999999998934,0
1448.22613,90,1737,0.21999999999999886,0
1448.327383,74,1735,0.4299999999999997,0
1448.429211,182,1794,0.5700000000000003,0
1448.53,179,1796,0.7699999999999996,0
1448.631222,174,1786,0.7000000000000011,0
1448.732187,215,1812,0.6999999999999993,0
1448.833737,148,1799,0.75,0
1448.934201,95,1767,0.8999999999999995,0
1449.035156,87,1755,0.8000000000000007,0
1449.136305,83,1764,0.9399999999999995,0
1449.237832,74,1762,1.0999999999999996,0
1449.338642,77,1762,1.2799999999999994,0
1449.439422,96,1767,1.17,0
1449.540781,79,1769,0.9500000000000002,0
1449.641768,113,1792,0.6699999999999999,0
1449.745317,131,1817,0.6599999999999993,0
1449.846384,153,1824,1.7600000000000007,0
1449.947009,291,1922,2.1100000000000003,0
1450.048202,231,1888,2.1199999999999997,0
1450.149396,161,1848,1.27,0
1450.250106,75,1799,1.4300000000000002,0
1450.351116,139,1825,0.8700000000000001,0
1450.452179,143,1807,1.13,0
1450.553261,168,1819,1.13,0
1450.654356,92,1814,1.1300000000000001,0
1450.755683,214,1879,0.8799999999999999,0
1450.857063,132,1800,0.7600000000000002,0
1450.958426,159,1826,0.69,0
1451.059924,133,1787,0.92,0
1451.160971,159,1765,0.10000000000000009,0
1451.261621,186,1747,0.44000000000000006,0
1451.362456,163,1707,0.42000000000000015,0
1451.463643,259,1767,0.48000000000000004,0
1451.56457,172,1719,0.12,0
1451.666007,235,1735,0.37,0
1451.766589,281,1748,0.48,0
1451.867424,277,1744,0.1399999999999999,0
1451.968388,168,1701,0.020000000000000018,0
1452.069537,205,1717,0.25,0
1452.171086,461,1796,0.78,0
1452.272106,202,1732,0.010000000000000009,0
1452.373615,188,1724,0.5900000000000001,0
1452.474593,285,1769,0.54,0
1452.576288,136,1711,0.26,0
1452.676775,223,1741,0.050000000000000266,0
1452.777826,300,1758,0.050000000000000266,0
1452.879343,596,1868,0.10000000000000009,1
1452.980376,169,1691,0.3900000000000001,0
1453.081838,288,1764,0.75,0
1453.182795,305,1786,0.8300000000000001,0
1453.283608,513,1795,0.5700000000000003,0
1453.385385,150,1662,0.07000000000000028,0
1453.486155,378,1725,0.2400000000000002,0
1453.587079,236,1714,1.1099999999999999,0
1453.687806,206,1681,0.6099999999999999,0
1453.789828,522,1808,0.23000000000000043,1
1453.890581,130,1728,1.08,0
1453.991766,194,1739,0.3199999999999994,0
1454.092787,262,1792,0.09999999999999964,0
1454.193667,93,1758,0.03000000000000025,0
1454.29476,159,1764,0.1200000000000001,0
1454.39582,140,1782,0.18000000000000016,0
1454.496989,71,1744,0.18000000000000016,0
1454.597812,137,1771,0.15000000000000036,0
1454.699396,270,1811,0.020000000000000018,0
1454.801196,136,1753,0.1399999999999999,0
1454.902281,218,1779,0.050000000000000044,0
1455.002964,260,1800,0.10999999999999999,0
1455.104317,182,1770,0.31,0
1455.205282,223,1745,0.34,0
1455.306277,74,1709,0.14,0
1455.406897,149,1727,0.010000000000000009,0
1455.508181,133,1733,0.4,0
1455.60935,209,1759,0.6699999999999999,0
1455.710822,209,1754,0.46,0
1455.811815,180,1721,0.3,0
1455.912817,141,1725,0.38,0
1456.014547,63,1693,0.8,0
1456.11566,93,1704,0.81,0
1456.216617,154,1738,0.8200000000000001,0
1456.317818,142,1735,0.49,0
1456.419278,172,1748,0.5,0
1456.52061,167,1747,0.52,0
1456.621352,135,1739,0.17999999999999994,0
1456.722316,121,1728,0.44,0
1456.823789,199,1756,0.41999999999999993,0
1456.924661,147,1767,0.53,0
1457.026067,440,1944,0.84,1
1457.126667,308,1857,2.4299999999999997,0
1457.227897,409,1950,0.64,1
1457.329216,199,1827,0.64,0
1457.430226,161,1831,0.32,0
1457.531016,266,1863,0.45,0
1457.632194,134,1777,0.0,0
1457.733141,130,1774,0.38,0
1457.834373,137,1809,0.64,0
1457.937804,128,1805,0.34,0
1458.038673,120,1792,0.14,0
1458.139671,103,1764,0.6,0
1458.240773,112,1790,0.72,0
1458.342106,147,1813,0.53,0
1458.443187,229,1842,0.74,0
1458.54401,156,1790,0.8,0
1458.644643,218,1866,0.64,0
1458.745801,289,1897,0.49,0
1458.847,333,1846,1.09,0
1458.948599,333,1873,0.79,0
1459.049298,113,1753,0.97,0
1459.150193,145,1751,0.71,0
1459.2513,98,1726,0.48,0
1459.353006,174,1787,0.66,0
1459.453613,221,1761,0.75,0
1459.555169,117,1736,0.44,0
1459.656172,202,1749,0.75,0
1459.757567,293,1771,0.31,0
1459.858366,213,1747,0.01,0
1459.960001,68,1709,0.45,0
1460.061443,180,1772,0.6,0
1460.162299,126,1745,0.55,0
1460.263462,177,1737,0.42,0
1460.36519,182,1756,0.24,0
1460.466054,300,1788,0.65,0
1460.567213,89,1713,0.25,0
1460.667754,179,1774,0.18,0
1460.76866,246,1802,0.05,0
1460.869806,275,1781,1.35,0
1460.971158,384,1829,0.96,0
1461.072559,189,1774,0.89,0
1461.173759,71,1735,0.61,0
1461.275103,203,1804,0.0,0
1461.377341,253,1817,0.32,0
1461.478023,293,1828,0.17,0
1461.579176,154,1769,0.05,0
1461.680211,120,1761,0.13,0
1461.781363,154,1769,0.26,0
1461.883252,126,1769,0.03,0
1461.984053,116,1759,0.02,0
1462.0854,89,1742,0.13,0
1462.187117,186,1775,0.06,0
1462.288386,145,1788,0.2,0
1462.390105,154,1796,0.13,0
1462.49143,161,1764,0.16,0
1462.592064,131,1788,0.21,0
1462.69312,154,1762,0.09,0
1462.79461,67,1727,0.03,0
1462.895646,266,1817,0.19,0
1462.997143,143,1752,0.38,0
1463.098349,101,1729,0.15,0
1463.199799,161,1754,0.1,0
1463.300822,188,1754,0.25,0
1463.402536,161,1735,0.06,0
1463.50378,76,1707,0.09,0
1463.605338,286,1787,0.11,0
1463.705685,111,1690,0.18,0
1463.807325,254,1755,0.10999999999999999,0
1463.908426,313,1778,0.27,0
1464.01006,253,1752,0.23,0
1464.110403,345,1770,0.4,0
1464.211753,197,1740,0.07,0
1464.313144,270,1743,0.1,0
1464.414619,283,1765,0.16,0
1464.516066,474,1816,0.13,1
1464.617204,398,1812,0.48,0
1464.718515,359,1837,0.22,0
1464.81987,318,1785,0.59,0
1464.920576,238,1715,0.59,0
1465.022006,166,1700,0.13,0
1465.123156,233,1686,0.15,0
1465.224123,343,1731,0.59,0
1465.325367,276,1705,0.53,0
1465.426129,242,1687,0.76,0
1465.527232,167,1687,0.89,0
1465.628355,315,1742,0.67,0
1465.73185,231,1730,0.87,0
1465.833559,274,1718,0.84,0
1465.935296,172,1695,1.33,0
1466.035972,211,1786,1.97,0
1466.140201,279,1813,1.69,0
1466.240685,171,1741,1.32,0
1466.344242,271,1828,1.23,0
1466.445562,235,1761,0.72,0
1466.546595,277,1802,0.26,0
1466.647349,210,1707,0.39,0
1466.748652,196,1694,0.95,0
1466.849777,100,1635,1.21,0
1466.952065,311,1736,1.46,0
1467.05261,190,1694,0.77,0
1467.154021,229,1758,1.19,0
1467.255267,186,1763,1.18,0
1467.356838,274,1814,1.21,0
1467.457559,305,1812,1.79,0
1467.558669,288,1843,1.52,0
1467.659577,318,1811,1.2000000000000002,0
1467.760597,333,1855,1.1599999999999997,0
1467.862162,290,1788,0.8300000000000005,0
1467.963194,179,1733,0.27,0
1468.064383,192,1745,1.01,0
1468.165639,146,1735,0.97,0
1468.267036,180,1750,0.74,0
1468.368262,177,1764,0.64,0
1468.468813,164,1743,0.51,0
1468.570613,140,1770,0.24000000000000002,0
1468.671686,114,1774,0.3,0
1468.773225,96,1777,0.06,0
1468.874179,105,1776,0.31,0
1468.975111,192,1810,0.3,0
1469.076774,177,1808,0.56,0
1469.177304,99,1780,0.57,0
1469.278564,137,1793,0.42,0
1469.380224,117,1759,0.14,0
1469.480981,129,1773,0.25,0
1469.582213,79,1758,0.03,0
1469.683201,92,1753,0.1,0
1469.784251,38,1729,0.02,0
1469.885604,87,1772,0.07,0
1469.986247,95,1784,0.1,0
1470.087282,86,1775,0.16,0
1470.188551,37,1745,0.09,0
1470.289605,78,1767,0.13,0
1470.391609,136,1800,0.42,0
1470.492757,80,1775,0.4,0
1470.593677,66,1752,0.37,0
1470.695191,100,1755,0.18,0
1470.795918,70,1739,0.3,0
1470.89762,63,1731,0.14,0
1470.999617,63,1739,0.17,0
1471.100828,105,1773,0.18,0
1471.201645,183,1804,0.34,0
1471.302743,80,1749,0.12,0
1471.404155,138,1776,0.39,0
1471.505757,173,1790,0.49,0
1471.606423,138,1767,0.58,0
1471.707363,47,1726,0.6,0
1471.809217,100,1747,0.39,0
1471.909761,30,1718,0.23999999999999996,0
1472.011278,84,1746,0.14,0
1472.112375,159,1771,0.11000000000000032,0
1472.213421,47,1733,0.050000000000000266,0
1472.314453,81,1733,0.03000000000000025,0
1472.416114,417,1890,0.2600000000000007,1
1472.51694,27,1726,0.20000000000000018,0
1472.618413,82,1752,0.3199999999999994,0
1472.720193,47,1747,0.5699999999999998,0
1472.821114,34,1741,0.6099999999999999,0
1472.922225,77,1764,0.31000000000000005,0
1473.023572,72,1766,0.1399999999999999,0
1473.124816,82,1770,0.3699999999999999,0
1473.225795,160,1791,0.25,0
1473.327457,80,1758,0.21999999999999997,0
1473.428266,65,1754,0.32999999999999996,0
1473.529358,159,1801,0.16999999999999998,0
1473.630385,55,1746,0.21,0
1473.731367,175,1789,0.06,0
1473.835354,98,1742,0.44,0
1473.936317,76,1747,0.4,0
1474.03744,38,1733,0.57,0
1474.138371,127,1769,0.52,0
1474.2402,101,1752,0.23,0
1474.341871,66,1742,0.16,0
1474.443076,63,1739,0.25,0
1474.54383,53,1726,0.24,0
1474.645347,57,1758,0.1,0
1474.746056,58,1769,0.0,0
1474.846774,110,1792,0.08,0
1474.948046,61,1765,0.53,0
1475.04898,44,1740,0.26,0
1475.150204,85,1766,0.15,0
1475.251009,54,1732,0.5,0
1475.352354,35,1727,0.05,0
1475.453682,33,1720,0.12,0
1475.554424,31,1727,0.14,0
1475.656159,83,1747,0.12,0
1475.756547,57,1750,0.19,0
1475.858361,75,1743,0.63,0
1475.959183,90,1744,0.64,0
1476.060943,126,1755,0.16,0
1476.16133,151,1774,0.37,0
1476.262345,124,1747,0.04,0
1476.363653,213,1801,0.05,0
1476.465023,33,1724,0.24,0
1476.566393,250,1828,0.24,0
1476.666883,158,1768,0.57,0
1476.768367,121,1742,0.009999999999999995,0
1476.870055,108,1733,0.15,0
1476.970659,96,1728,0.11,0
1477.072391,103,1732,0.17,0
1477.172836,86,1729,0.03,0
1477.274143,141,1759,0.11,0
1477.376039,91,1729,0.03,0
1477.476918,82,1730,0.1,0
1477.577946,25,1707,0.07,0
1477.67879,123,1744,0.0,0
1477.780056,80,1728,0.09,0
1477.881325,85,1733,0.04,0
1477.983045,51,1718,0.1,0
1478.083986,128,1751,0.15,0
1478.184874,86,1734,0.23,0
1478.286381,55,1720,0.06,0
1478.38704,55,1721,0.07,0
1478.488395,49,1725,0.1,0
1478.590177,87,1748,0.16,0
1478.69126,80,1731,0.01,0
1478.792567,83,1733,0.12,0
1478.893987,50,1718,0.04,0
1478.995819,86,1747,0.29,0
1479.097065,58,1732,0.16,0
1479.198786,97,1741,0.12,0
1479.300446,61,1726,0.35,0
1479.401555,97,1740,0.28,0
1479.502595,72,1732,0.28,0
1479.604314,49,1717,0.08,0
1479.705009,73,1730,0.08,0
1479.806079,53,1723,0.24,0
1479.90662,125,1760,0.36,0
1480.008029,74,1731,0.19,0
1480.108784,72,1743,0.18,0
1480.210398,97,1760,0.32,0
1480.311302,89,1751,0.3,0
1480.412445,71,1737,0.0,0
1480.514214,86,1728,0.06,0
1480.615017,70,1734,0.07,0
1480.71608,85,1725,0.06,0
1480.817278,203,1778,0.11,0
1480.918333,85,1739,0.4400000000000004,0
1481.019447,150,1788,0.5300000000000002,0
1481.121105,80,1752,0.4900000000000002,0
1481.222201,100,1751,0.3799999999999999,0
1481.322774,128,1766,0.6799999999999997,0
1481.42415,146,1761,0.18000000000000016,0
1481.52558,56,1712,0.20999999999999996,0
1481.626634,90,1731,0.04999999999999993,0
1481.72802,193,1786,0.010000000000000009,0
1481.829383,43,1724,0.32999999999999996,0
1481.93018,79,1748,0.26,0
1482.031593,102,1759,0.41000000000000003,0
1482.132805,89,1726,0.25,0
1482.233797,51,1704,0.13,0
1482.335323,115,1744,0.17,0
1482.436126,228,1795,0.6200000000000001,0
1482.537078,170,1729,0.04999999999999982,0
1482.63835,40,1687,0.020000000000000018,0
1482.739616,72,1725,0.0600000000000005,0
1482.843247,199,1767,0.07000000000000028,0
1482.944014,88,1728,0.44999999999999973,0
1483.04517,125,1749,0.5100000000000002,0
1483.146224,163,1759,0.18999999999999995,0
1483.247674,100,1727,0.5800000000000001,0
1483.348969,48,1734,0.43999999999999995,0
1483.449656,56,1729,0.3800000000000001,0
1483.550673,42,1728,0.5599999999999999,0
1483.65165,147,1779,0.9400000000000001,0
1483.752981,81,1753,0.10999999999999988,0
1483.853864,123,1780,0.41999999999999993,0
1483.955232,99,1741,0.17999999999999972,0
1484.056424,124,1764,0.20000000000000018,0
1484.157746,135,1777,0.3700000000000001,0
1484.25867,120,1778,0.10999999999999943,0
1484.359721,74,1747,0.08000000000000007,0
1484.460667,91,1726,0.3700000000000001,0
1484.561894,78,1728,0.31000000000000005,0
1484.663442,47,1706,0.10000000000000009,0
1484.764215,58,1713,0.11999999999999966,0
1484.865348,39,1704,0.11999999999999966,0
1484.96707,25,1704,0.11000000000000032,0
1485.068247,51,1718,0.010000000000000231,0
1485.169962,150,1764,0.20999999999999996,0
1485.270598,64,1728,0.18000000000000016,0
1485.372527,32,1715,0.16999999999999993,0
1485.47342,15,1699,0.18999999999999995,0
1485.574619,4,1695,0.14000000000000012,0
1485.676227,27,1708,0.06000000000000005,0
1485.777246,55,1718,0.06999999999999984,0
1485.878732,86,1736,0.010000000000000231,0
1485.97975,21,1704,0.1499999999999999,0
1486.081535,48,1724,0.050000000000000266,0
1486.182334,67,1730,0.040000000000000036,0
1486.283359,58,1730,0.1299999999999999,0
1486.385246,77,1728,0.27,0
1486.486371,58,1724,0.2899999999999998,0
1486.588323,71,1729,0.29000000000000026,0
1486.689086,75,1736,0.2799999999999998,0
1486.790439,45,1716,0.21999999999999997,0
1486.891721,20,1704,0.1399999999999999,0
1486.993256,41,1715,0.08000000000000007,0
1487.09428,104,1753,0.2599999999999998,0
1487.195418,84,1753,0.28000000000000025,0
1487.29658,76,1727,0.11000000000000032,0
1487.397681,22,1705,0.16000000000000014,0
1487.498961,41,1710,0.2400000000000002,0
1487.60058,83,1731,0.19999999999999973,0
1487.701538,88,1736,0.18999999999999995,0
1487.80263,35,1709,0.1200000000000001,0
1487.904248,55,1717,0.020000000000000018,0
1488.005307,45,1711,0.04999999999999982,0
1488.106636,54,1721,0.1200000000000001,0
1488.207532,108,1747,0.14000000000000012,0
1488.308615,46,1715,0.010000000000000009,0
1488.409676,41,1710,0.04999999999999982,0
1488.511259,23,1694,0.010000000000000009,0
1488.612199,57,1716,0.12,0
1488.713234,78,1723,0.14,0
1488.815016,72,1721,0.010000000000000009,0
1488.916029,96,1737,0.039999999999999925,0
1489.016731,92,1737,0.16999999999999993,0
1489.117752,120,1750,0.15000000000000002,0
1489.218796,89,1728,0.050000000000000044,0
1489.320601,65,1721,0.3400000000000001,0
1489.42153,25,1695,0.3999999999999999,0
1489.522343,19,1688,0.5599999999999999,0
1489.623636,107,1739,0.19,0
1489.724776,15,1700,0.13999999999999999,0
1489.826069,62,1732,0.06999999999999999,0
1489.927177,90,1750,0.010000000000000002,0
1490.028033,72,1740,0.18000000000000002,0
1490.129072,116,1757,0.3,0
1490.229876,124,1757,0.39,0
1490.333594,95,1742,0.32,0
1490.434434,77,1734,0.01,0
1490.535538,67,1732,0.09,0
1490.636566,116,1759,0.22,0
1490.740379,178,1788,0.009999999999999995,0
1490.841563,106,1739,0.27999999999999997,0
1490.942374,255,1818,0.010000000000000009,0
1491.043553,40,1699,0.25,0
1491.146827,100,1741,0.24,0
1491.247997,109,1741,0.16,0
1491.348978,57,1712,0.13,0
1491.450097,43,1706,0.14,0
1491.551315,65,1715,0.18,0
1491.652044,85,1726,0.34,0
1491.753176,131,1749,0.04,0
1491.854175,38,1712,0.08,0
1491.955317,68,1736,0.28,0
1492.057115,87,1753,0.08,0
1492.157523,99,1759,0.3,0
1492.258392,124,1761,0.28,0
1492.359418,99,1736,0.5,0
1492.460669,91,1716,0.07,0
1492.56271,65,1714,0.08,0
1492.663269,44,1706,0.17,0
1492.764346,41,1708,0.07,0
1492.86541,154,1771,0.13,0
1492.967207,93,1761,0.74,0
1493.068112,63,1731,1.07,0
1493.169231,70,1725,0.61,0
1493.270411,87,1763,0.26,0
1493.371629,41,1743,0.18,0
1493.473068,111,1784,0.47,0
1493.573786,36,1740,0.33,0
1493.674825,142,1776,0.21,0
1493.776053,261,1846,0.3,0
1493.877338,118,1790,0.6299999999999999,0
1493.977944,38,1773,0.42999999999999994,0
1494.079185,26,1784,0.010000000000000009,0
1494.180673,110,1814,0.47000000000000003,0
1494.281937,105,1801,0.63,0
1494.383273,234,1863,0.99,0
1494.484154,155,1789,0.44,0
1494.585631,103,1709,0.12,0
1494.687197,84,1672,0.3,0
1494.788677,95,1682,0.08,0
1494.889563,96,1704,0.14,0
1494.991519,114,1699,0.18,0
1495.09283,59,1653,0.31,0
1495.194264,56,1649,0.05,0
1495.295333,184,1732,0.05,0
1495.396026,48,1667,0.01,0
1495.49725,91,1685,0.06,0
1495.598367,66,1690,0.17,0
1495.69964,229,1798,0.33000000000000007,0
1495.80168,222,1761,0.30000000000000027,0
1495.90237,115,1739,0.10000000000000009,0
1496.004207,196,1756,0.5099999999999998,0
1496.105183,267,1788,0.20999999999999996,0
1496.207127,189,1768,0.13999999999999968,0
1496.307587,187,1777,0.46000000000000085,0
1496.408438,243,1792,0.21999999999999886,0
1496.509555,186,1781,0.25,0
1496.610553,171,1799,0.4299999999999997,0
1496.712248,130,1736,0.3200000000000003,0
1496.813198,125,1767,0.46000000000000085,0
1496.914324,190,1789,0.14000000000000057,0
1497.015342,233,1775,0.5,0
1497.116683,168,1778,0.5,0
1497.217686,144,1767,0.5200000000000014,0
1497.318677,114,1758,0.5500000000000007,0
1497.420381,197,1809,0.5199999999999996,0
1497.522051,268,1847,0.7200000000000006,0
1497.623216,197,1823,0.46000000000000085,0
1497.724055,191,1831,0.5600000000000005,0
1497.82545,276,1861,0.8499999999999996,0
1497.929245,347,1940,1.0600000000000023,0
1498.030282,369,1888,1.1700000000000017,0
1498.131335,304,1944,0.19000000000000128,0
1498.232384,166,1859,0.629999999999999,0
1498.336179,233,1905,1.75,0
1498.437089,451,1948,1.42,1
1498.538236,514,1950,1.9399999999999995,1
1498.639346,559,1950,1.919999999999999,1
1498.741039,237,1918,1.5300000000000002,0
1498.844227,106,1839,1.3499999999999996,0
1498.946185,244,1909,1.0699999999999994,0
1499.046825,340,1950,0.7600000000000007,0
1499.147718,229,1921,1.08,0
1499.249188,103,1810,0.4800000000000004,0
1499.350179,147,1818,0.1999999999999993,0
1499.451123,133,1803,0.07000000000000028,0
1499.552132,224,1883,0.28999999999999915,0
1499.653535,224,1834,0.47999999999999865,0
1499.754196,262,1877,0.4900000000000011,0
1499.855213,339,1906,1.08,0
1499.956386,236,1856,0.9300000000000002,0
1500.057902,596,1950,1.81,1
1500.159359,628,1949,2.27,1
1500.260414,520,1950,1.6300000000000001,1
1500.361364,271,1888,0.73,0
1500.462418,223,1874,0.87,0
1500.563744,134,1796,0.74,0
1500.664755,196,1819,0.27999999999999997,0
1500.765386,271,1843,0.58,0
1500.866761,283,1849,0.09,0
1500.968189,297,1822,0.25,0
1501.069301,239,1829,0.72,0
1501.170226,195,1777,0.98,0
1501.271322,220,1762,1.21,0
1501.372821,291,1832,0.28,0
1501.47374,216,1741,1.22,0
1501.575028,99,1696,1.94,0
1501.676202,106,1709,1.91,0
1501.777637,172,1756,1.37,0
1501.879133,240,1782,1.75,0
1501.98087,343,1821,1.41,0
1502.082065,448,1932,1.34,1
1502.183572,538,1938,2.66,1
1502.285023,314,1860,1.61,0
1502.38581,207,1819,0.47,0
1502.486685,161,1790,0.31,0
1502.588652,118,1765,0.1,0
1502.689645,91,1740,0.31,0
1502.79136,83,1740,0.38,0
1502.892426,288,1818,0.26,0
1502.994436,125,1755,0.58,0
1503.095102,129,1745,0.24,0
1503.196293,71,1719,0.14,0
1503.297768,97,1734,0.09,0
1503.400264,123,1745,0.35,0
1503.500663,177,1735,0.27,0
1503.602202,246,1796,0.15,0
1503.703106,259,1834,0.54,0
1503.804552,97,1739,0.29,0
1503.905368,147,1782,0.16,0
1504.006331,65,1731,0.33,0
1504.107274,141,1766,0.09,0
1504.208377,139,1768,0.03,0
1504.310205,185,1778,0.08,0
1504.410825,220,1808,0.24,0
1504.512135,82,1740,0.34999999999999987,0
1504.613159,35,1732,0.07000000000000028,0
1504.714364,57,1737,0.16000000000000014,0
1504.815205,115,1766,0.1900000000000004,0
1504.916727,63,1747,0.040000000000000036,0
1505.017818,70,1740,0.16000000000000014,0
1505.118754,62,1735,0.019999999999999574,0
1505.220144,52,1731,0.2400000000000002,0
1505.321457,84,1755,0.25,0
1505.422447,75,1745,0.77,0
1505.523538,182,1791,0.32000000000000006,0
1505.624745,408,1885,0.97,1
1505.725628,379,1863,0.8500000000000001,0
1505.827118,271,1835,0.6900000000000001,0
1505.930842,162,1805,0.18,0
1506.031409,131,1790,0.38,0
1506.132573,160,1772,0.71,0
1506.23356,40,1723,0.39999999999999997,0
1506.337634,103,1719,0.22,0
1506.438198,123,1735,0.19999999999999998,0
1506.53918,271,1783,0.34,0
1506.640208,287,1824,0.1,0
1506.743654,170,1763,0.36000000000000004,0
1506.844787,193,1780,0.40000000000000013,0
1506.946636,96,1742,0.16999999999999993,0
1507.047244,94,1734,0.26000000000000023,0
1507.150741,68,1722,0.35000000000000053,0
1507.251559,130,1750,0.5599999999999996,0
1507.352732,120,1737,0.16000000000000014,0
1507.454181,130,1753,0.050000000000000266,0
1507.555036,29,1728,0.11999999999999988,0
1507.656142,88,1759,0.16000000000000003,0
1507.757413,212,1833,0.74,0
1507.858384,149,1819,0.21999999999999975,0
1507.959608,72,1779,0.5600000000000005,0
1508.060819,68,1772,0.25,0
1508.161952,71,1770,0.08999999999999986,0
1508.262636,76,1772,0.10000000000000142,0
1508.363687,105,1788,0.1399999999999988,0
1508.464759,94,1777,0.27999999999999936,0
1508.5659,92,1748,0.16000000000000014,0
1508.667133,97,1773,0.08999999999999986,0
1508.767652,109,1766,0.22000000000000064,0
1508.86876,52,1744,0.10999999999999943,0
1508.969723,157,1778,0.4800000000000004,0
1509.07048,198,1847,0.4900000000000002,0
1509.172023,153,1794,0.39000000000000057,0
1509.27265,75,1786,0.28999999999999915,0
1509.374199,120,1805,0.5200000000000014,0
1509.475372,121,1804,0.5199999999999996,0
1509.576572,103,1798,0.39000000000000057,0
1509.677796,94,1799,0.5299999999999994,0
1509.779139,108,1793,0.15000000000000036,0
1509.880303,151,1809,0.20000000000000107,0
1509.98178,127,1813,0.009999999999999787,0
1510.082762,153,1819,0.4900000000000002,0
1510.184136,235,1847,0.16000000000000014,0
1510.28519,89,1748,0.6399999999999999,0
1510.38664,211,1763,0.4600000000000001,0
1510.487838,219,1778,0.4600000000000001,0
1510.589669,95,1694,0.15000000000000002,0
1510.690364,74,1688,0.21000000000000002,0
1510.792177,224,1749,0.28,0
1510.893572,203,1737,0.22,0
1510.994966,135,1722,0.35000000000000003,0
1511.095865,428,1829,0.17,1
1511.197127,71,1710,0.55,0
1511.298427,262,1832,0.13,0
1511.400099,211,1822,0.54,0
1511.500751,67,1802,0.3500000000000001,0
1511.601969,122,1871,0.5,0
1511.703162,111,1878,0.14999999999999947,0
1511.805022,220,1950,0.21999999999999975,0
1511.905681,243,1950,0.35000000000000053,0
1512.0074,180,1885,0.5900000000000003,0
1512.108559,182,1869,0.6299999999999999,0
1512.210341,169,1827,0.3500000000000001,0
1512.311554,166,1791,0.010000000000000009,0
1512.412775,198,1769,0.26,0
1512.513966,92,1662,0.33,0
1512.615764,162,1672,0.37,0
1512.716582,244,1697,0.2,0
1512.817789,170,1667,0.09,0
1512.919009,269,1698,0.39,0
1513.01972,235,1719,0.08,0
1513.121399,169,1678,0.07,0
1513.22238,245,1700,0.18,0
1513.323627,195,1720,0.02,0
1513.424639,192,1720,0.23,0
1513.52568,188,1726,0.14,0
1513.627648,249,1760,0.13,0
1513.728297,144,1712,0.03,0
1513.829613,156,1728,0.09,0
1513.930446,162,1718,0.0,0
1514.0324,177,1737,0.04,0
1514.133315,217,1761,0.01,0
1514.23441,196,1744,0.22,0
1514.336101,251,1774,0.19,0
1514.43715,175,1727,0.24,0
1514.540769,182,1729,0.31,0
1514.641792,526,1876,1.19,1
1514.742787,362,1818,0.7000000000000002,0
1514.844286,305,1909,2.6000000000000005,0
1514.945077,299,1854,2.370000000000001,0
1515.046249,254,1874,0.5,0
1515.148148,221,1853,1.129999999999999,0
1515.24877,248,1843,0.5600000000000005,0
1515.350269,149,1782,0.33999999999999986,0
1515.451586,190,1782,1.33,0
1515.552912,576,1932,0.8799999999999999,1
1515.653411,237,1861,2.3,0
1515.755117,339,1846,0.31999999999999984,0
1515.856084,171,1794,0.69,0
1515.956837,204,1773,0.1499999999999999,0
1516.057993,247,1792,0.56,0
1516.15923,160,1741,0.019999999999999574,0
1516.259937,235,1786,0.3500000000000001,0
1516.36143,129,1730,0.55,0
1516.462267,173,1758,0.42000000000000004,0
1516.563275,84,1724,0.24000000000000002,0
1516.664419,177,1778,0.79,0
1516.765537,137,1721,0.48,0
1516.867001,152,1761,0.64,0
1516.967611,138,1746,0.17,0
1517.068609,175,1754,0.47,0
1517.169433,161,1744,0.0,0
1517.270452,68,1696,0.05,0
1517.372357,158,1756,0.36,0
1517.473106,101,1730,0.13,0
1517.574349,137,1744,0.4,0
1517.675388,170,1764,0.29,0
1517.776838,88,1726,0.28,0
1517.878035,183,1770,0.35,0
1517.979608,109,1722,0.12,0
1518.080547,104,1735,0.22,0
1518.181658,87,1723,0.12,0
1518.283128,69,1716,0.06,0
1518.384056,299,1823,0.11,0
1518.484804,369,1834,0.41,0
1518.586044,296,1842,0.73,0
1518.687365,350,1911,0.67,0
1518.788202,128,1792,1.45,0
1518.889413,72,1772,0.25,0
1518.990403,60,1755,0.28,0
1519.09175,60,1752,0.47,0
1519.193155,114,1763,0.04,0
1519.294541,95,1746,0.08,0
1519.395982,14,1714,0.23,0
1519.497197,23,1717,0.04999999999999999,0
1519.598121,50,1725,0.42999999999999994,0
1519.699172,22,1720,0.030000000000000027,0
1519.800433,45,1733,0.1499999999999999,0
1519.901842,83,1747,0.3700000000000001,0
1520.002983,147,1788,0.4900000000000002,0
1520.104032,99,1759,0.6600000000000001,0
1520.205149,81,1740,0.41999999999999993,0
1520.306336,140,1765,0.54,0
1520.406869,79,1720,0.25,0
1520.508254,54,1704,0.18999999999999995,0
1520.609293,93,1723,0.009999999999999787,0
1520.710804,112,1737,0.06000000000000005,0
1520.81159,94,1738,0.11000000000000032,0
1520.913326,117,1746,0.06000000000000005,0
1521.014589,147,1761,0.4400000000000004,0
1521.115663,103,1750,0.09999999999999964,0
1521.21721,52,1727,0.10999999999999943,0
1521.3182,116,1747,0.3799999999999999,0
1521.419557,110,1748,0.08999999999999986,0
1521.520565,118,1757,0.16999999999999993,0
1521.622604,141,1755,0.1200000000000001,0
1521.723323,81,1726,0.3500000000000001,0
1521.824745,105,1761,0.18000000000000016,0
1521.925756,136,1769,0.15000000000000013,0
1522.027174,120,1759,0.26000000000000023,0
1522.128832,221,1816,0.06000000000000005,0
1522.230408,79,1744,0.3099999999999996,0
1522.332074,129,1774,0.23999999999999932,0
1522.432988,58,1731,0.2599999999999998,0
1522.536345,175,1784,0.09000000000000163,0
1522.637439,149,1786,0.23000000000000043,0
1522.738558,116,1781,0.4499999999999993,0
1522.840237,205,1836,0.5799999999999983,0
1522.943861,337,1840,0.10000000000000142,0
1523.045023,327,1810,0.129999999999999,0
1523.146154,293,1879,0.16000000000000014,0
1523.24709,228,1760,0.17999999999999972,0
1523.348302,302,1865,0.17999999999999972,0
1523.45,313,1777,0.18999999999999773,0
1523.551108,136,1771,0.030000000000001137,0
1523.651738,229,1781,0.07000000000000028,0
1523.75269,174,1777,0.05999999999999872,0
1523.853967,84,1728,0.1700000000000017,0
1523.955645,275,1768,0.10000000000000142,0
1524.056178,243,1836,0.46999999999999886,0
1524.157355,279,1752,0.25,0
1524.258293,174,1721,0.5299999999999976,0
1524.359854,186,1661,0.28999999999999915,0
1524.460849,186,1648,0.21999999999999886,0
1524.561579,275,1685,0.490000000000002,0
1524.662385,192,1722,0.509999999999998,0
1524.764409,220,1691,0.33999999999999986,0
1524.865067,291,1722,0.46999999999999886,0
1524.966134,174,1720,0.23000000000000043,0
1525.067381,144,1739,0.8800000000000026,0
1525.169114,166,1794,0.5899999999999999,0
1525.269761,161,1782,0.8999999999999986,0
1525.3707,190,1795,1.4299999999999997,0
1525.471978,161,1785,1.1099999999999994,0
1525.573186,193,1820,1.0,0
1525.674351,59,1776,0.9100000000000001,0
1525.775192,76,1774,0.8399999999999999,0
1525.876223,107,1784,0.5,0
1525.977542,144,1819,0.25,0
1526.07834,135,1804,0.33999999999999986,0
1526.180377,116,1758,0.4599999999999973,0
1526.280787,121,1792,0.7399999999999984,0
1526.381806,74,1748,0.6699999999999982,0
1526.482733,64,1728,0.7799999999999976,0
1526.58411,93,1730,0.6999999999999993,0
1526.685306,79,1724,0.8699999999999974,0
1526.786376,173,1806,1.0199999999999996,0
1526.888108,187,1823,1.4299999999999997,0
1526.988866,228,1844,1.5899999999999999,0
1527.089606,156,1825,1.6699999999999982,0
1527.190384,425,1950,0.8800000000000026,1
1527.291386,660,1949,0.8200000000000003,1
1527.393321,421,1949,1.620000000000001,1
1527.494067,251,1933,0.5700000000000003,0
1527.595635,123,1864,2.630000000000001,0
1527.696706,325,1950,1.6799999999999997,0
1527.798687,269,1928,0.1299999999999999,0
1527.899312,520,1950,1.2199999999999998,1
1528.000735,584,1950,2.2399999999999998,1
1528.101894,367,1950,1.5500000000000003,0
1528.202763,310,1950,0.40000000000000036,0
1528.303787,238,1950,1.0000000000000004,0
1528.40578,223,1935,1.4600000000000004,0
1528.507071,141,1866,1.2399999999999993,0
1528.608815,172,1823,1.0299999999999994,0
1528.70933,84,1758,0.5300000000000002,0
1528.810757,76,1775,0.3699999999999992,0
1528.91178,102,1773,0.33000000000000007,0
1529.01354,60,1754,0.16999999999999993,0
1529.114357,117,1769,0.2999999999999998,0
1529.21529,137,1774,0.45999999999999996,0
1529.317008,91,1746,0.2999999999999998,0
1529.417568,64,1750,0.08999999999999986,0
1529.51845,99,1768,0.3600000000000003,0
1529.619558,101,1781,0.4800000000000004,0
1529.720891,156,1816,0.3799999999999999,0
1529.821756,123,1806,0.08999999999999986,0
1529.923154,81,1773,0.010000000000000675,0
1530.024314,83,1778,0.07000000000000028,0
1530.125222,113,1805,0.04999999999999982,0
1530.226538,118,1808,0.1200000000000001,0
1530.327426,135,1791,0.16999999999999993,0
1530.428546,177,1858,0.05999999999999961,0
1530.52944,187,1863,0.09999999999999964,0
1530.630431,150,1831,0.1200000000000001,0
1530.734162,155,1833,0.15999999999999925,0
1530.835542,117,1803,0.2599999999999998,0
1530.936618,142,1815,0.2599999999999998,0
1531.037957,151,1813,0.23000000000000043,0
1531.13909,105,1782,0.0600000000000005,0
1531.240283,178,1802,0.3099999999999996,0
1531.342286,167,1800,0.5600000000000005,0
1531.442765,126,1776,0.4299999999999997,0
1531.54358,194,1812,0.07000000000000028,0
1531.644557,179,1798,0.27000000000000046,0
1531.745777,172,1788,0.04999999999999982,0
1531.846786,142,1784,0.17999999999999972,0
1531.948144,210,1815,0.21999999999999975,0
1532.048919,141,1791,0.03000000000000025,0
1532.149662,149,1798,0.07000000000000028,0
1532.250676,124,1784,0.28000000000000025,0
1532.352336,134,1793,0.4800000000000004,0
1532.453021,146,1798,0.33000000000000007,0
1532.554123,166,1834,0.11999999999999922,0
1532.655453,162,1842,0.09999999999999964,0
1532.756321,158,1834,0.14999999999999858,0
1532.857267,173,1888,0.33000000000000007,0
1532.958877,232,1942,0.75,0
1533.059984,149,1870,0.5899999999999999,0
1533.161304,158,1887,0.33999999999999986,0
1533.262604,107,1868,0.049999999999998934,0
1533.363342,153,1900,0.09999999999999964,0
1533.464652,138,1898,0.5999999999999979,0
1533.5656,169,1896,0.5700000000000021,0
1533.666613,171,1886,0.6700000000000017,0
1533.768535,133,1869,0.4900000000000002,0
1533.869562,198,1916,0.0,0
1533.970434,127,1871,0.08000000000000007,0
1534.071793,176,1857,0.14000000000000057,0
1534.173675,137,1884,0.0799999999999983,0
1534.274327,322,1950,0.20000000000000107,0
1534.375428,436,1950,0.9500000000000011,1
1534.47678,284,1950,0.3699999999999992,0
1534.577776,180,1905,0.4900000000000002,0
1534.679229,375,1950,0.7200000000000006,0
1534.780387,316,1944,2.370000000000001,0
1534.881603,374,1899,0.8900000000000006,0
1534.982701,254,1761,0.17999999999999972,0
1535.083971,33,1641,0.16000000000000014,0
1535.184519,112,1696,0.2699999999999996,0
1535.285629,249,1763,0.019999999999999574,0
1535.386912,173,1737,0.5700000000000003,0
1535.488026,347,1795,0.29000000000000004,0
1535.589554,284,1761,0.03000000000000025,0
1535.690365,111,1714,0.5599999999999996,0
1535.791324,211,1761,0.3400000000000003,0
1535.892345,261,1805,0.3500000000000001,0
1535.994409,205,1882,0.029999999999999805,0
1536.095114,214,1860,0.56,0
1536.196245,144,1807,0.71,0
1536.297181,166,1836,0.010000000000000009,0
1536.399126,240,1864,0.5,0
1536.500328,217,1914,0.59,0
1536.601808,239,1925,1.0,0
1536.702691,151,1888,0.88,0
1536.804245,66,1826,0.14,0
1536.905214,386,1939,0.22,0
1537.007337,366,1873,0.77,0
1537.109052,127,1645,0.8,0
1537.209853,372,1746,0.25,0
1537.310974,279,1708,0.49,0
1537.41225,233,1643,0.2,0
1537.513249,274,1659,0.01,0
1537.614584,208,1625,0.23,0
1537.715262,315,1655,0.13,0
1537.816595,140,1662,0.09,0
1537.917707,359,1770,0.04,0
1538.019112,270,1745,0.17,0
1538.120637,38,1652,0.08,0
1538.221616,242,1753,0.12,0
1538.322372,392,1815,0.26,0
1538.423899,154,1714,0.16,0
1538.524456,265,1773,0.29,0
1538.626197,445,1852,0.22,1
1538.726718,331,1832,0.36,0
1538.828676,547,1923,0.08,1
1538.929575,422,1924,1.01,1
1539.030421,344,1910,1.83,0
1539.13382,364,1890,1.15,0
1539.23525,260,1855,0.22,0
1539.336796,266,1814,0.18,0
1539.437648,207,1845,0.25,0
1539.538418,139,1796,0.44,0
1539.639788,76,1746,0.32,0
1539.740694,92,1770,0.08,0
1539.842024,92,1763,0.26,0
1539.945809,120,1784,0.59,0
1540.046397,60,1755,0.28,0
1540.147528,86,1774,0.06,0
1540.248995,68,1761,0.18,0
1540.350608,51,1754,0.02,0
1540.451151,48,1749,0.0,0
1540.55274,82,1781,0.14,0
1540.653497,66,1775,0.17,0
1540.755041,70,1780,0.17,0
1540.855793,95,1783,0.23,0
1540.956683,80,1804,0.3,0
1541.057893,75,1790,0.18,0
1541.158753,59,1798,0.36,0
1541.26024,71,1802,0.14,0
1541.361417,106,1793,0.47,0
1541.462211,106,1794,0.28,0
1541.563658,101,1780,0.26,0
1541.664258,87,1778,0.06999999999999984,0
1541.765799,107,1781,0.020000000000000018,0
1541.866334,132,1790,0.22999999999999998,0
1541.967376,103,1772,0.10999999999999988,0
1542.068389,173,1790,0.040000000000000036,0
1542.169905,202,1785,0.29000000000000004,0
1542.271175,202,1791,0.14000000000000057,0
1542.372157,128,1752,0.09999999999999964,0
1542.473532,111,1746,0.33999999999999986,0
1542.57474,230,1779,0.6299999999999999,0
1542.676007,239,1761,0.4500000000000002,0
1542.77676,129,1729,0.21999999999999975,0
1542.878003,134,1742,0.08000000000000007,0
1542.979378,146,1755,0.0600000000000005,0
1543.080245,100,1744,0.009999999999999787,0
1543.182052,181,1755,0.23000000000000043,0
1543.283125,105,1739,0.030000000000001137,0
1543.384258,186,1744,0.019999999999999574,0
1543.485403,173,1737,0.02999999999999936,0
1543.587275,127,1723,0.2400000000000002,0
1543.688093,120,1758,0.33999999999999986,0
1543.789197,125,1730,0.4900000000000002,0
1543.890331,155,1739,0.5899999999999999,0
1543.991398,167,1751,0.6099999999999994,0
1544.092228,125,1751,0.5,0
1544.19373,103,1718,0.370000000000001,0
1544.294759,229,1774,0.3299999999999983,0
1544.396159,161,1751,0.4900000000000002,0
1544.497159,130,1731,0.40000000000000036,0
1544.598283,133,1776,0.19000000000000128,0
1544.69928,137,1723,0.09999999999999964,0
1544.800533,110,1718,0.16000000000000014,0
1544.90199,106,1724,0.16999999999999993,0
1545.003144,129,1735,0.3699999999999992,0
1545.103747,188,1729,0.08999999999999986,0
1545.204707,194,1742,0.379999999999999,0
1545.3058,149,1734,0.20999999999999908,0
1545.406732,172,1738,0.09999999999999964,0
1545.508423,135,1731,0.5599999999999987,0
1545.60923,65,1711,0.23999999999999844,0
1545.710229,172,1764,0.16000000000000014,0
1545.811309,148,1754,0.3699999999999992,0
1545.912292,139,1738,0.2400000000000002,0
1546.014284,118,1729,0.5799999999999983,0
1546.114777,91,1735,0.45000000000000284,0
1546.216409,175,1759,0.5199999999999996,0
1546.31763,177,1762,0.40000000000000213,0
1546.419539,87,1726,0.2699999999999996,0
1546.520577,104,1760,0.17999999999999972,0
1546.621874,150,1742,0.08999999999999986,0
1546.723115,218,1771,0.08000000000000185,0
1546.824084,147,1776,0.6799999999999997,0
1546.925072,113,1771,0.5199999999999996,0
1547.026193,170,1766,0.21000000000000085,0
1547.1301,114,1756,0.2699999999999996,0
1547.231099,113,1797,0.5600000000000023,0
1547.332299,154,1784,0.25,0
1547.43315,83,1790,0.629999999999999,0
1547.534441,135,1839,0.7199999999999989,0
1547.635344,279,1832,0.4499999999999993,0
1547.739205,152,1807,0.23999999999999844,0
1547.840631,130,1815,0.6499999999999986,0
1547.941371,149,1784,0.23000000000000043,0
1548.042449,109,1780,0.46000000000000085,0
1548.14398,163,1795,0.10000000000000142,0
1548.244975,190,1807,0.06999999999999673,0
1548.346398,261,1796,0.14000000000000057,0
1548.447254,294,1837,0.029999999999997584,0
1548.548377,224,1822,0.1700000000000017,0
1548.650006,152,1735,0.05999999999999872,0
1548.750674,153,1790,0.28999999999999915,0
1548.85166,204,1788,0.33999999999999986,0
1548.953388,188,1725,0.23999999999999844,0
1549.054763,190,1806,0.41000000000000014,0
1549.156008,109,1733,0.120000000000001,0
1549.257062,102,1721,0.2699999999999996,0
1549.358835,182,1781,0.4299999999999997,0
1549.459382,175,1741,0.16000000000000014,0
1549.56054,191,1782,0.5300000000000011,0
1549.661532,159,1774,0.16999999999999815,0
1549.762522,229,1757,0.259999999999998,0
1549.864095,194,1804,0.5800000000000018,0
1549.964847,224,1781,0.18999999999999773,0
1550.065845,194,1762,0.6799999999999997,0
1550.166595,167,1799,0.17999999999999972,0
1550.267658,200,1777,0.10999999999999943,0
1550.369213,166,1772,0.5,0
1550.470183,204,1801,0.3000000000000007,0
1550.571106,263,1773,0.06999999999999673,0
1550.672337,190,1753,0.17999999999999972,0
1550.773145,227,1776,0.120000000000001,0
1550.87509,194,1777,0.21000000000000085,0
1550.975257,156,1778,0.05000000000000071,0
1551.076444,227,1776,0.14999999999999858,0
1551.177533,245,1774,0.10999999999999943,0
1551.279263,179,1782,0.18999999999999773,0
1551.380259,176,1769,0.10999999999999943,0
1551.481795,131,1750,0.08999999999999986,0
1551.582815,145,1741,0.05999999999999872,0
1551.683743,152,1740,0.029999999999997584,0
1551.785539,179,1781,0.19000000000000128,0
1551.886449,209,1752,0.509999999999998,0
1551.987711,224,1760,0.25,0
1552.088779,146,1755,0.010000000000001563,0
1552.189872,135,1763,0.20000000000000284,0
1552.291119,147,1744,0.129999999999999,0
1552.392209,152,1766,0.07000000000000028,0
1552.493416,246,1795,0.04999999999999716,0
1552.595023,206,1813,0.03999999999999915,0
1552.696076,165,1762,0.25,0
1552.797381,196,1784,0.35999999999999943,0
1552.898725,208,1796,0.629999999999999,0
1553.00048,170,1758,0.7800000000000011,0
1553.102073,219,1783,0.6999999999999993,0
1553.202677,209,1782,0.4799999999999969,0
1553.304054,188,1815,0.010000000000001563,0
1553.405434,214,1780,0.09999999999999787,0
1553.506379,505,1818,0.4599999999999973,1
1553.608245,256,1860,0.05000000000000071,0
1553.709007,220,1829,0.07000000000000028,0
1553.81012,169,1745,0.18999999999999773,0
1553.911259,156,1763,0.370000000000001,0
1554.012357,113,1758,0.4200000000000017,0
1554.11348,216,1753,0.4499999999999993,0
1554.214325,244,1765,0.509999999999998,0
1554.315442,99,1762,0.6400000000000006,0
1554.417094,228,1775,0.46000000000000085,0
1554.518481,166,1739,0.36999999999999744,0
1554.61935,213,1757,0.3100000000000023,0
1554.720563,165,1739,0.5299999999999976,0
1554.821944,114,1749,0.3999999999999986,0
1554.92316,98,1755,0.509999999999998,0
1555.024668,140,1767,0.21000000000000085,0
1555.12576,151,1724,0.07000000000000028,0
1555.227008,168,1729,0.16999999999999815,0
1555.331066,270,1778,0.33999999999999986,0
1555.431775,116,1724,0.5400000000000027,0
1555.532853,142,1730,0.03999999999999915,0
1555.633975,131,1729,0.00999999999999801,0
1555.737698,178,1737,0.0,0
1555.839178,164,1750,0.40000000000000213,0
1555.943061,206,1771,0.21999999999999886,0
1556.044046,129,1716,0.46999999999999886,0
1556.145181,85,1705,0.020000000000003126,0
1556.246387,90,1720,0.14999999999999858,0
1556.347264,213,1762,0.05999999999999872,0
1556.448259,133,1729,0.25,0
1556.549136,203,1756,0.20000000000000284,0
1556.650039,166,1740,0.120000000000001,0
1556.751232,180,1751,0.019999999999999574,0
1556.851821,205,1768,0.010000000000001563,0
1556.953266,197,1785,0.3500000000000014,0
1557.054325,213,1763,0.05000000000000071,0
1557.156,236,1790,0.5899999999999999,0
1557.256785,211,1825,0.16000000000000014,0
1557.357777,206,1765,0.28000000000000114,0
1557.458691,199,1795,0.120000000000001,0
1557.560347,145,1799,0.08999999999999986,0
1557.661254,174,1767,0.22999999999999687,0
1557.762808,147,1761,0.4499999999999993,0
1557.863347,201,1776,0.4700000000000024,0
1557.964537,96,1752,0.3200000000000003,0
1558.065393,129,1775,0.7000000000000028,0
1558.167081,160,1765,0.4399999999999977,0
1558.26771,180,1773,0.41999999999999815,0
1558.368971,148,1804,0.5899999999999999,0
1558.470212,167,1771,0.7399999999999984,0
1558.571672,151,1763,0.41000000000000014,0
1558.672559,179,1750,0.610000000000003,0
1558.773365,166,1747,0.05000000000000071,0
1558.874588,256,1795,0.5400000000000027,0
1558.975574,270,1784,0.030000000000001137,0
1559.077037,281,1787,0.0400000000000027,0
1559.178552,163,1782,0.08999999999999986,0
1559.279359,284,1786,0.08999999999999986,0
1559.380336,325,1811,0.21000000000000085,0
1559.481315,179,1787,0.3500000000000014,0
1559.582826,145,1788,0.6700000000000017,0
1559.683772,140,1763,0.2900000000000027,0
1559.785368,143,1741,0.2900000000000027,0
1559.887013,149,1746,0.13000000000000256,0
1559.987589,230,1757,0.07000000000000028,0
1560.088452,193,1750,0.23999999999999844,0
1560.19005,147,1759,0.45000000000000284,0
1560.290993,141,1737,0.129999999999999,0
1560.392536,189,1750,0.7199999999999989,0
1560.493136,97,1726,0.10000000000000142,0
1560.594188,196,1759,0.030000000000001137,0
1560.695571,118,1741,0.2699999999999996,0
1560.796273,113,1748,0.360000000000003,0
1560.898183,142,1772,0.4800000000000004,0
1560.998627,246,1786,0.26000000000000156,0
1561.099416,117,1737,0.06999999999999673,0
1561.200335,197,1764,0.05999999999999872,0
1561.301807,138,1745,0.129999999999999,0
1561.402671,242,1784,0.3999999999999986,0
1561.504051,158,1754,0.28000000000000114,0
1561.605535,153,1758,0.5100000000000016,0
1561.706366,121,1747,0.6699999999999982,0
1561.807861,131,1768,0.39000000000000057,0
1561.908788,105,1768,0.379999999999999,0
1562.010161,50,1772,0.639999999999997,0
1562.110943,135,1840,1.0100000000000016,0
1562.211676,174,1893,1.1400000000000006,0
1562.313073,121,1851,0.48999999999999844,0
1562.414226,96,1833,0.5499999999999972,0
1562.515197,103,1825,0.6600000000000001,0
1562.616037,147,1804,0.6900000000000013,0
1562.717134,176,1825,0.35999999999999943,0
1562.818266,281,1830,0.1399999999999988,0
1562.919802,426,1950,0.7599999999999998,1
1563.020933,236,1875,0.129999999999999,0
1563.122086,266,1909,2.21,0
1563.22386,237,1881,2.2299999999999995,0
1563.325593,168,1833,0.7600000000000007,0
1563.426627,83,1773,0.28000000000000025,0
1563.527816,67,1771,0.33999999999999897,0
1563.629074,84,1814,0.5099999999999998,0
1563.729784,80,1824,0.6300000000000008,0
1563.831282,152,1855,0.45999999999999996,0
1563.932803,109,1835,0.2400000000000002,0
1564.034192,60,1819,0.5900000000000007,0
1564.137826,192,1866,0.2699999999999996,0
1564.238678,98,1825,0.5899999999999999,0
1564.340529,60,1792,0.5699999999999994,0
1564.441057,118,1823,0.35000000000000053,0
1564.544669,158,1851,0.3600000000000003,0
1564.645645,127,1845,0.3799999999999999,0
1564.746384,89,1838,0.2599999999999998,0
1564.848158,148,1862,0.3600000000000003,0
1564.948789,135,1873,0.5800000000000001,0
1565.049756,121,1844,0.4500000000000002,0
1565.150588,107,1839,0.2699999999999996,0
1565.25187,124,1847,0.54,0
1565.353419,208,1877,0.1899999999999995,0
1565.454639,121,1852,0.2999999999999998,0
1565.55603,45,1825,0.33000000000000007,0
1565.657222,194,1871,0.17999999999999972,0
1565.758526,178,1843,0.040000000000000036,0
1565.85943,156,1837,0.16999999999999993,0
1565.960224,112,1831,0.31000000000000005,0
1566.06156,223,1896,0.74,0
1566.162424,226,1912,0.10999999999999988,0
1566.263985,130,1880,0.33000000000000007,0
1566.364523,76,1860,0.08000000000000007,0
1566.466199,174,1909,0.6399999999999988,0
1566.567289,101,1877,0.8399999999999999,0
1566.668813,185,1936,0.11999999999999922,0
1566.769826,342,1949,0.25,0
1566.870741,113,1940,1.0399999999999991,0
1566.972046,182,1950,0.6600000000000001,0
1567.073253,381,1950,1.129999999999999,0
1567.174602,150,1929,1.4300000000000015,0
1567.275694,75,1860,0.41999999999999993,0
1567.376911,145,1879,0.4900000000000002,0
1567.478257,177,1901,0.05999999999999872,0
1567.580393,161,1857,0.10999999999999943,0
1567.681259,183,1917,0.3000000000000007,0
1567.782293,207,1886,0.2400000000000002,0
1567.883638,236,1896,0.1299999999999999,0
1567.984657,111,1823,0.3799999999999999,0
1568.086189,177,1884,0.4299999999999997,0
1568.187032,133,1848,0.3200000000000003,0
1568.288362,153,1835,0.20000000000000018,0
1568.38933,74,1792,0.3199999999999994,0
1568.490328,121,1832,0.09999999999999964,0
1568.591611,191,1869,0.020000000000000462,0
1568.692423,184,1931,1.1099999999999999,0
1568.793424,60,1888,1.0200000000000005,0
1568.894831,18,1918,0.8799999999999999,0
1568.995424,130,1949,0.4700000000000002,0
1569.096409,194,1949,0.3200000000000003,0
1569.198252,93,1950,0.7599999999999998,0
1569.299657,95,1950,0.29000000000000004,0
1569.400868,226,1950,0.27,0
1569.501629,114,1950,0.39,0
1569.602882,159,1949,0.43,0
1569.703643,181,1950,0.19999999999999998,0
1569.805119,199,1950,0.25,0
1569.905795,217,1950,0.65,0
1570.007165,236,1949,0.049999999999999996,0
1570.108154,304,1950,0.24,0
1570.209131,224,1949,0.83,0
1570.310235,301,1950,1.2,0
1570.41224,333,1950,0.08,0
1570.512857,116,1949,0.33,0
1570.614107,177,1950,0.61,0
1570.715264,247,1950,0.97,0
1570.816449,311,1949,0.19,0
1570.918441,158,1950,0.06,0
1571.018741,181,1949,1.4,0
1571.119758,205,1950,1.69,0
1571.22111,164,1838,0.58,0
1571.32254,249,1796,0.18,0
1571.423683,372,1730,0.06,0
1571.524854,231,1633,0.11,0
1571.626413,155,1561,0.39,0
1571.72716,333,1624,0.2,0
1571.828306,397,1631,0.16999999999999998,0
1571.929381,184,1542,0.060000000000000005,0
1572.030277,379,1655,0.22,0
1572.133684,66,1499,0.17,0
1572.234628,318,1573,0.12,0
1572.336203,335,1581,0.12,0
1572.437418,237,1599,0.11,0
1572.538387,321,1651,0.17,0
1572.639529,119,1528,0.5599999999999999,0
1572.743226,96,1528,0.6,0
1572.844976,182,1579,1.0,0
1572.946222,198,1599,1.15,0
1573.047534,266,1721,1.1300000000000001,0
1573.148362,323,1759,1.55,0
1573.249445,237,1718,1.76,0
1573.35032,434,1690,1.31,0
1573.451605,652,1942,1.2799999999999998,1
1573.553242,436,1907,2.02,1
1573.654343,385,1841,1.72,0
1573.755251,370,1797,0.86,0
1573.856544,345,1802,0.54,0
1573.958253,194,1749,0.14,0
1574.059151,203,1775,0.41,0
1574.160027,208,1771,0.049999999999999996,0
1574.261116,126,1727,0.13,0
1574.362156,200,1751,0.44,0
1574.463423,104,1712,0.15,0
1574.564269,161,1750,0.12,0
1574.665576,250,1777,0.13999999999999996,0
1574.766567,147,1745,0.34,0
1574.867821,145,1733,0.020000000000000018,0
1574.969244,187,1761,0.020000000000000018,0
1575.070249,290,1804,0.02999999999999997,0
1575.17135,129,1729,0.43000000000000005,0
1575.272635,139,1726,0.48,0
1575.374664,164,1744,0.54,0
1575.475171,108,1736,0.47000000000000003,0
1575.576735,92,1731,0.2,0
1575.677767,78,1695,0.15,0
1575.779237,97,1717,0.05,0
1575.880513,80,1703,0.17,0
1575.981244,94,1724,0.03,0
1576.082211,114,1723,0.06,0
1576.183193,85,1709,0.26,0
1576.284458,103,1731,0.03,0
1576.385717,116,1727,0.02,0
1576.48712,96,1725,0.06,0
1576.588657,119,1738,0.2,0
1576.689585,96,1719,0.16,0
1576.790592,94,1719,0.15,0
1576.891764,59,1697,0.0,0
1576.993643,159,1754,0.15,0
1577.094264,85,1711,0.37,0
1577.196381,212,1767,0.10999999999999999,0
1577.297249,279,1835,0.6399999999999999,0
1577.39929,217,1786,0.33000000000000007,0
1577.499726,81,1687,0.31,0
1577.600666,135,1726,0.44,0
1577.70181,137,1733,0.45999999999999996,0
1577.80267,98,1703,0.16,0
1577.904121,102,1711,0.010000000000000002,0
1578.00554,174,1740,0.030000000000000002,0
1578.106608,280,1784,0.09,0
1578.207804,179,1759,0.1499999999999999,0
1578.309403,174,1782,0.6399999999999997,0
1578.410795,518,1950,0.7699999999999996,1
1578.511765,340,1949,3.53,0
1578.613185,491,1949,2.11,1
1578.714605,364,1950,3.67,0
1578.815294,692,1950,2.67,1
1578.916356,849,1949,1.0800000000000003,1
1579.017447,122,1950,1.58,0
1579.118837,665,1950,2.4299999999999997,1
1579.219703,176,1949,5.03,0
1579.320793,418,1950,1.01,1
1579.422265,544,1950,2.21,1
1579.523079,407,1950,1.5,1
1579.624376,331,1950,1.44,0
1579.725446,201,1950,4.04,0
1579.826536,200,1950,2.28,0
1579.927638,444,1950,2.37,1
1580.02906,251,1949,1.86,0
1580.129858,321,1949,2.81,0
1580.231193,650,1949,0.8,1
1580.332671,205,1949,1.06,0
1580.433786,422,1950,2.59,1
1580.535207,214,1949,2.44,0
1580.636524,439,1950,1.73,1
1580.737377,249,1950,3.17,0
1580.839289,366,1949,1.25,0
1580.939912,212,1949,3.71,0
1581.041077,544,1950,0.009999999999999787,1
1581.142565,329,1950,2.67,0
1581.243564,480,1950,2.84,1
1581.344658,549,1950,3.8200000000000003,1
1581.44613,664,1950,2.6500000000000004,1
1581.546914,561,1949,2.3500000000000005,1
1581.647623,378,1949,1.629999999999999,0
1581.74882,840,1950,0.4800000000000004,1
1581.849804,555,1949,3.0300000000000002,1
1581.95138,421,1950,2.75,1
1582.052675,513,1949,1.0500000000000007,1
1582.153628,502,1950,1.040000000000001,1
1582.255114,283,1950,2.0500000000000007,0
1582.356264,457,1949,2.540000000000001,1
1582.457835,335,1950,2.71,0
1582.558441,511,1950,1.7699999999999996,1
1582.659651,260,1949,1.5,0
1582.760948,290,1950,2.0599999999999996,0
1582.862209,588,1949,2.42,1
1582.963261,256,1949,1.75,0
1583.064095,761,1950,0.8599999999999999,1
1583.16519,216,1950,1.64,0
1583.266128,420,1950,1.1800000000000002,1
1583.367295,511,1949,2.75,1
1583.468091,151,1950,3.73,0
1583.569192,137,1950,0.7700000000000005,0
1583.670179,755,1950,0.02999999999999936,1
1583.7711,189,1950,0.1999999999999993,0
1583.872758,721,1950,0.9800000000000004,1
1583.973525,850,1950,0.41999999999999993,1
1584.074583,843,1949,1.3000000000000007,1
1584.175684,284,1950,0.7300000000000004,0
1584.276949,850,1950,5.659999999999999,1
1584.378774,652,1949,3.19,1
1584.47974,850,1950,26.4,1
1584.581012,849,1949,53.01,1
1584.681853,850,1950,80.42999999999999,1
1584.783404,176,1276,97.94,0
1584.884344,176,1276,110.11,0
1584.985749,179,1279,121.85000000000001,0
1585.086656,180,1280,142.24,0
1585.187727,183,1283,176.03,0
1585.288542,185,1285,177.13,0
1585.389589,181,1281,178.63,0
1585.490878,181,1281,178.5,0
1585.592181,182,1282,178.4,0
